id,merchant_id,bank_ref,utr,amount_paise,fee_paise,currency,value_date
SETTLEMENT_1,M123,ref_txn_2062,UTR416568319740,3324600,33246,INR,2026-08-19
SETTLEMENT_10,M123,ref_txn_993,UTR532060562529,2148700,21487,INR,2026-06-23
SETTLEMENT_100,M123,ref_txn_1892,UTR265340472930,200100,2001,INR,2026-07-08
SETTLEMENT_1000,M123,ref_txn_268,UTR639643241146,1391800,13918,INR,2026-08-19
SETTLEMENT_1001,M123,ref_txn_2278,UTR204387638148,1074000,10740,INR,2026-06-24
SETTLEMENT_1004,M123,ref_txn_2370,UTR895874371093,2065600,20656,INR,2026-07-22
SETTLEMENT_1006,M123,ref_txn_2302,UTR140358408942,593500,5935,INR,2026-07-15
SETTLEMENT_1009,M123,ref_txn_1326,UTR534494108201,5387300,53873,INR,2026-06-23
SETTLEMENT_1010,M123,ref_txn_858,UTR224332789091,4619000,46190,INR,2026-05-28
SETTLEMENT_1011,M123,ref_txn_158,UTR355498591434,2224000,22240,INR,2026-07-15
SETTLEMENT_1013,M123,ref_txn_316,UTR137626196317,2850900,28509,INR,2026-07-31
SETTLEMENT_1014,M123,ref_txn_1786,UTR228929180458,148800,1488,INR,2026-07-22
SETTLEMENT_1015,M123,ref_txn_1771,UTR150549076030,3397000,33970,INR,2026-07-20
SETTLEMENT_1017,M123,ref_txn_831,,4877000,48770,INR,2026-06-02
SETTLEMENT_102,M123,ref_txn_1031,UTR417070423165,785300,7853,INR,2026-07-23
SETTLEMENT_1020,M123,ref_txn_1679,UTR735329335358,1872300,18723,INR,2026-08-12
SETTLEMENT_1022,M123,ref_txn_2184,UTR244904081105,4467200,44672,INR,2026-06-23
SETTLEMENT_1023,M123,ref_txn_1602,UTR345887456474,5989100,59891,INR,2026-06-03
SETTLEMENT_1024,M123,ref_txn_136,UTR207151753887,2299300,22993,INR,2026-08-25
SETTLEMENT_1029,M123,ref_txn_491,UTR509618161934,1223400,12234,INR,2026-06-10
SETTLEMENT_103,M123,ref_txn_1606,UTR703327738944,259900,2599,INR,2026-08-10
SETTLEMENT_1030,M123,ref_txn_1446,UTR456454541680,1473100,14731,INR,2026-06-10
SETTLEMENT_1032,M123,ref_txn_1808,UTR722243238430,1499200,14992,INR,2026-08-24
SETTLEMENT_1033,M123,ref_txn_1753,UTR552326804273,4631200,46312,INR,2026-06-22
SETTLEMENT_1034,M123,ref_txn_2345,UTR463626252764,598900,5989,INR,2026-08-17
SETTLEMENT_1035,M123,ref_txn_114,UTR747277640984,2012300,20123,INR,2026-07-24
SETTLEMENT_1036,M123,ref_txn_2043,UTR493318346005,3227700,32277,INR,2026-08-19
SETTLEMENT_1037,M123,ref_txn_1209,UTR430375466452,1541900,15419,INR,2026-07-06
SETTLEMENT_1039,M123,ref_txn_216,UTR987957572601,3119800,31198,INR,2026-06-24
SETTLEMENT_104,M123,ref_txn_2120,UTR200319241418,227000,2270,INR,2026-07-15
SETTLEMENT_1041,M123,ref_txn_2353,UTR581662622746,30800,308,INR,2026-08-25
SETTLEMENT_1042,M123,ref_txn_1308,UTR894956213622,531700,5317,INR,2026-06-22
SETTLEMENT_1043,M123,ref_txn_253,UTR217826265960,3898100,38981,INR,2026-06-10
SETTLEMENT_1044,M123,ref_txn_1458,UTR775984828240,394300,3943,INR,2026-08-26
SETTLEMENT_1046,M123,ref_txn_55,UTR640910309067,1839500,18395,INR,2026-07-14
SETTLEMENT_1049,M123,ref_txn_921,UTR533571333622,2911400,29114,INR,2026-07-22
SETTLEMENT_105,M123,ref_txn_2033,UTR237226573765,3619800,36198,INR,2026-06-08
SETTLEMENT_1050,M123,ref_txn_474,UTR765797524319,5800,58,INR,2026-07-08
SETTLEMENT_1051,M123,ref_txn_2151,UTR724182620830,1497700,14977,INR,2026-07-22
SETTLEMENT_1054,M123,ref_txn_2269,UTR863047860961,694900,6949,INR,2026-08-10
SETTLEMENT_1055,M123,ref_txn_2100,UTR279917239723,3023000,30230,INR,2026-07-08
SETTLEMENT_1057,M123,ref_txn_1344,UTR695115445810,2008700,20087,INR,2026-06-18
SETTLEMENT_1058,M123,ref_txn_733,,1458800,14588,INR,2026-08-19
SETTLEMENT_106,M123,ref_txn_2287,,4117200,41172,INR,2026-06-03
SETTLEMENT_1060,M123,ref_txn_1556,UTR421979402262,4497600,44976,INR,2026-06-10
SETTLEMENT_1061,M123,ref_txn_1418,UTR406562446600,1791600,17916,INR,2026-07-29
SETTLEMENT_1062,M123,ref_txn_43,UTR447920342513,4107000,41070,INR,2026-06-24
SETTLEMENT_1063,M123,ref_txn_550,UTR833801837803,426700,4267,INR,2026-07-15
SETTLEMENT_1064,M123,ref_txn_2164,UTR454911284316,4444200,44442,INR,2026-07-29
SETTLEMENT_1066,M123,ref_txn_626,,2480400,24804,INR,2026-05-28
SETTLEMENT_1067,M123,ref_txn_1972,UTR516080926866,200100,2001,INR,2026-07-07
SETTLEMENT_1068,M123,ref_txn_2156,UTR382857347964,2603300,26033,INR,2026-08-12
SETTLEMENT_1069,M123,ref_txn_1931,UTR352189131016,5644800,56448,INR,2026-06-16
SETTLEMENT_107,M123,ref_txn_1553,UTR869429912660,78400,784,INR,2026-07-15
SETTLEMENT_1072,M123,ref_txn_1880,UTR621511169719,684700,6847,INR,2026-07-15
SETTLEMENT_1073,M123,ref_txn_2359,UTR590208135304,4965500,49655,INR,2026-07-28
SETTLEMENT_1075,M123,ref_txn_406,UTR852785184203,3231000,32310,INR,2026-07-15
SETTLEMENT_1077,M123,ref_txn_222,,4564800,45648,INR,2026-06-04
SETTLEMENT_1078,M123,ref_txn_1323,UTR883066267688,296400,2964,INR,2026-07-15
SETTLEMENT_1079,M123,ref_txn_1797,UTR154169504728,2628600,26286,INR,2026-06-10
SETTLEMENT_108,M123,ref_txn_655,UTR210033757396,40900,409,INR,2026-07-15
SETTLEMENT_1080,M123,ref_txn_2180,UTR250379250429,255600,2556,INR,2026-07-08
SETTLEMENT_1082,M123,ref_txn_2349,,677100,6771,INR,2026-06-04
SETTLEMENT_1083,M123,ref_txn_965,UTR713162322852,2916500,29165,INR,2026-07-22
SETTLEMENT_1086,M123,ref_txn_237,,5895800,58958,INR,2026-06-26
SETTLEMENT_1088,M123,ref_txn_1855,UTR897175243274,1994100,19941,INR,2026-07-30
SETTLEMENT_1089,M123,ref_txn_595,UTR788928449356,721900,7219,INR,2026-06-26
SETTLEMENT_109,M123,ref_txn_343,UTR962648426311,4508700,45087,INR,2026-06-17
SETTLEMENT_1090,M123,ref_txn_1975,UTR309669175780,4871600,48716,INR,2026-06-03
SETTLEMENT_1091,M123,ref_txn_1249,,3298000,32980,INR,2026-07-16
SETTLEMENT_1093,M123,ref_txn_774,UTR422081164477,2860800,28608,INR,2026-08-21
SETTLEMENT_1094,M123,ref_txn_1250,UTR109779228412,2329700,23297,INR,2026-06-11
SETTLEMENT_1098,M123,ref_txn_2380,UTR510597663620,2267600,22676,INR,2026-07-01
SETTLEMENT_1099,M123,ref_txn_139,UTR228621452057,2380500,23805,INR,2026-08-20
SETTLEMENT_110,M123,ref_txn_2358,UTR500905546616,1499200,14992,INR,2026-08-12
SETTLEMENT_1101,M123,ref_txn_486,UTR333405065569,106700,1067,INR,2026-08-12
SETTLEMENT_1103,M123,ref_txn_902,UTR118069513015,1192900,11929,INR,2026-06-23
SETTLEMENT_1104,M123,ref_txn_84,UTR896294703511,5288900,52889,INR,2026-05-28
SETTLEMENT_1105,M123,ref_txn_1671,UTR710924012749,3936800,39368,INR,2026-06-09
SETTLEMENT_1106,M123,ref_txn_770,UTR136682319027,2988500,29885,INR,2026-08-21
SETTLEMENT_1107,M123,ref_txn_217,UTR743880060714,1841700,18417,INR,2026-08-05
SETTLEMENT_1108,M123,ref_txn_2005,UTR914824811625,3415900,34159,INR,2026-07-10
SETTLEMENT_1109,M123,ref_txn_1079,UTR154714692436,4906100,49061,INR,2026-07-28
SETTLEMENT_1111,M123,ref_txn_2061,UTR562500838136,143400,1434,INR,2026-08-06
SETTLEMENT_1112,M123,ref_txn_302,UTR881583596908,50900,509,INR,2026-08-25
SETTLEMENT_1114,M123,ref_txn_1809,UTR111270029235,1913000,19130,INR,2026-07-16
SETTLEMENT_1117,M123,ref_txn_1433,UTR203461921297,198200,1982,INR,2026-07-01
SETTLEMENT_1118,M123,ref_txn_384,UTR100499010108,342600,3426,INR,2026-06-03
SETTLEMENT_1119,M123,ref_txn_1567,UTR156472896382,8500,85,INR,2026-07-24
SETTLEMENT_112,M123,ref_txn_1965,UTR930508124196,346800,3468,INR,2026-08-12
SETTLEMENT_1121,M123,ref_txn_814,UTR596954459667,2420000,24200,INR,2026-08-26
SETTLEMENT_1124,M123,ref_txn_2320,UTR218290133481,5108900,51089,INR,2026-06-04
SETTLEMENT_1125,M123,ref_txn_1102,UTR144648197143,3204500,32045,INR,2026-07-28
SETTLEMENT_1126,M123,ref_txn_2207,UTR136727442678,4984100,49841,INR,2026-07-29
SETTLEMENT_1127,M123,ref_txn_369,UTR306440298591,75200,752,INR,2026-07-22
SETTLEMENT_1128,M123,ref_txn_830,UTR829025385356,463600,4636,INR,2026-07-14
SETTLEMENT_113,M123,ref_txn_542,UTR556931067925,2632600,26326,INR,2026-08-26
SETTLEMENT_1131,M123,ref_txn_104,UTR607438745514,4502500,45025,INR,2026-06-10
SETTLEMENT_1137,M123,ref_txn_1859,UTR413342985795,4689800,46898,INR,2026-06-03
SETTLEMENT_114,M123,ref_txn_447,UTR297501502572,36000,360,INR,2026-07-28
SETTLEMENT_1140,M123,ref_txn_1414,UTR413418182093,3707000,37070,INR,2026-06-24
SETTLEMENT_1141,M123,ref_txn_1309,UTR851660068113,5573100,55731,INR,2026-06-02
SETTLEMENT_1142,M123,ref_txn_2158,UTR199048311937,332200,3322,INR,2026-08-17
SETTLEMENT_1144,M123,ref_txn_2042,UTR386472436051,2249200,22492,INR,2026-06-24
SETTLEMENT_1146,M123,ref_txn_2351,UTR730457855030,920200,9202,INR,2026-08-25
SETTLEMENT_1147,M123,ref_txn_2028,UTR369109862952,470000,4700,INR,2026-07-20
SETTLEMENT_115,M123,ref_txn_390,UTR857368882647,1608000,16080,INR,2026-07-22
SETTLEMENT_1150,M123,ref_txn_198,UTR837034811189,3397000,33970,INR,2026-07-13
SETTLEMENT_1151,M123,ref_txn_1397,UTR271164134905,3251000,32510,INR,2026-06-11
SETTLEMENT_1152,M123,ref_txn_1229,UTR339648328683,2511100,25111,INR,2026-06-25
SETTLEMENT_1153,M123,ref_txn_864,UTR519404891914,5217200,52172,INR,2026-06-01
SETTLEMENT_1154,M123,ref_txn_47,UTR105109403974,2360800,23608,INR,2026-07-15
SETTLEMENT_1158,M123,ref_txn_2277,UTR448277386131,684700,6847,INR,2026-07-20
SETTLEMENT_1159,M123,ref_txn_2339,,2380500,23805,INR,2026-08-19
SETTLEMENT_1164,M123,ref_txn_1638,UTR362627559376,200100,2001,INR,2026-07-06
SETTLEMENT_1165,M123,ref_txn_1910,UTR198174025196,3416700,34167,INR,2026-06-03
SETTLEMENT_1166,M123,ref_txn_1743,UTR185557523212,734100,7341,INR,2026-07-22
SETTLEMENT_1167,M123,ref_txn_519,UTR942625207503,2901800,29018,INR,2026-07-29
SETTLEMENT_117,M123,ref_txn_1766,UTR799031538638,1005200,10052,INR,2026-07-31
SETTLEMENT_1170,M123,ref_txn_776,UTR534995432887,378600,3786,INR,2026-08-12
SETTLEMENT_1171,M123,ref_txn_1216,UTR142547249899,163900,1639,INR,2026-08-21
SETTLEMENT_1173,M123,ref_txn_2081,UTR595231711074,1659000,16590,INR,2026-08-05
SETTLEMENT_1175,M123,ref_txn_825,UTR725404876886,876800,8768,INR,2026-07-01
SETTLEMENT_1176,M123,ref_txn_2096,UTR479136933398,624700,6247,INR,2026-06-24
SETTLEMENT_1177,M123,ref_txn_1151,UTR733687353241,853000,8530,INR,2026-07-23
SETTLEMENT_118,M123,ref_txn_1680,UTR820600095426,4666600,46666,INR,2026-06-04
SETTLEMENT_1180,M123,ref_txn_915,UTR909561228231,660300,6603,INR,2026-06-10
SETTLEMENT_1183,M123,ref_txn_2088,UTR277409102949,2211400,22114,INR,2026-06-22
SETTLEMENT_1184,M123,ref_txn_387,UTR686416052898,4506300,45063,INR,2026-06-24
SETTLEMENT_1185,M123,ref_txn_984,UTR367345590182,188800,1888,INR,2026-08-11
SETTLEMENT_119,M123,ref_txn_1039,UTR630883836501,8500,85,INR,2026-07-14
SETTLEMENT_1190,M123,ref_txn_2360,UTR974934100366,292200,2922,INR,2026-08-19
SETTLEMENT_1193,M123,ref_txn_1327,UTR929345596025,5927100,59271,INR,2026-07-29
SETTLEMENT_1194,M123,ref_txn_727,,1271400,12714,INR,2026-08-17
SETTLEMENT_1196,M123,ref_txn_296,UTR572137352056,321400,3214,INR,2026-06-17
SETTLEMENT_1197,M123,ref_txn_2327,UTR852522491109,148800,1488,INR,2026-06-09
SETTLEMENT_1198,M123,ref_txn_1906,UTR453863647393,387300,3873,INR,2026-07-22
SETTLEMENT_12,M123,ref_txn_1971,UTR630459784170,3946000,39460,INR,2026-06-24
SETTLEMENT_120,M123,ref_txn_458,UTR125202956591,5179400,51794,INR,2026-06-05
SETTLEMENT_1200,M123,ref_txn_367,UTR246973204172,1914500,19145,INR,2026-08-26
SETTLEMENT_1201,M123,ref_txn_354,UTR379957431313,1913000,19130,INR,2026-07-08
SETTLEMENT_1203,M123,ref_txn_19,UTR509164421558,1120800,11208,INR,2026-07-15
SETTLEMENT_1204,M123,,,456300,4563,INR,2026-08-15
SETTLEMENT_1205,M123,ref_txn_1727,UTR985777293258,803900,8039,INR,2026-07-14
SETTLEMENT_1207,M123,ref_txn_1053,UTR189119453597,774000,7740,INR,2026-08-17
SETTLEMENT_1208,M123,ref_txn_796,UTR587653065418,2438400,24384,INR,2026-08-05
SETTLEMENT_121,M123,ref_txn_1061,UTR642520584597,209200,2091,INR,2026-08-05
SETTLEMENT_1210,M123,ref_txn_1632,UTR771585327601,39600,396,INR,2026-08-12
SETTLEMENT_1211,M123,ref_txn_570,UTR477128134296,5665200,56652,INR,2026-07-29
SETTLEMENT_1213,M123,ref_txn_564,,2424100,24241,INR,2026-06-22
SETTLEMENT_1214,M123,ref_txn_1729,UTR208295423543,3438900,34389,INR,2026-07-28
SETTLEMENT_1215,M123,ref_txn_2105,UTR122816931325,224000,2240,INR,2026-08-06
SETTLEMENT_1217,M123,ref_txn_1461,UTR569596150515,1865100,18651,INR,2026-07-22
SETTLEMENT_1218,M123,ref_txn_227,UTR459065410678,1803400,18034,INR,2026-06-10
SETTLEMENT_1219,M123,ref_txn_63,UTR514897892508,1234800,12348,INR,2026-06-09
SETTLEMENT_1222,M123,ref_txn_1261,UTR875088248501,12800,128,INR,2026-07-09
SETTLEMENT_1224,M123,ref_txn_1118,UTR937645252725,11500,115,INR,2026-08-14
SETTLEMENT_1225,M123,ref_txn_917,UTR531939887150,1928700,19287,INR,2026-06-02
SETTLEMENT_1227,M123,ref_txn_2176,UTR394212684938,534900,5349,INR,2026-08-19
SETTLEMENT_1229,M123,ref_txn_2116,UTR206977566409,490300,4903,INR,2026-08-19
SETTLEMENT_123,M123,ref_txn_777,UTR700224197969,3218200,32182,INR,2026-06-19
SETTLEMENT_1230,M123,ref_txn_1748,UTR762774306072,3167400,31674,INR,2026-07-31
SETTLEMENT_1231,M123,ref_txn_1271,UTR378763698557,5050900,50509,INR,2026-07-01
SETTLEMENT_1233,M123,ref_txn_1984,UTR739082965641,1562400,15624,INR,2026-08-26
SETTLEMENT_1236,M123,ref_txn_155,UTR901794636113,3729300,37293,INR,2026-06-15
SETTLEMENT_1237,M123,ref_txn_111,UTR527651254615,5142000,51420,INR,2026-06-09
SETTLEMENT_1238,M123,ref_txn_362,UTR778163081324,2802200,28022,INR,2026-06-15
SETTLEMENT_124,M123,ref_txn_290,UTR231731474703,275400,2754,INR,2026-08-12
SETTLEMENT_1241,M123,ref_txn_1337,UTR127041558093,5593200,55932,INR,2026-07-31
SETTLEMENT_1242,M123,ref_txn_522,UTR540581591865,3728000,37280,INR,2026-07-01
SETTLEMENT_1244,M123,ref_txn_2118,UTR242369629187,1271400,12714,INR,2026-08-05
SETTLEMENT_1246,M123,ref_txn_324,UTR670213899857,2995500,29955,INR,2026-06-29
SETTLEMENT_1247,M123,ref_txn_306,UTR648174654358,292200,2922,INR,2026-08-24
SETTLEMENT_1248,M123,ref_txn_1693,UTR467250027022,4882600,48826,INR,2026-06-17
SETTLEMENT_1249,M123,ref_txn_1115,UTR725108223619,30400,304,INR,2026-08-12
SETTLEMENT_1250,M123,ref_txn_2376,UTR495519132321,4487500,44875,INR,2026-06-02
SETTLEMENT_1251,M123,ref_txn_1032,UTR142122838078,5284900,52849,INR,2026-06-12
SETTLEMENT_1252,M123,ref_txn_2341,UTR408023870946,2626000,26260,INR,2026-06-09
SETTLEMENT_1253,M123,ref_txn_790,UTR968911713533,856200,8562,INR,2026-06-22
SETTLEMENT_1254,M123,ref_txn_1063,UTR838385520979,3208500,32085,INR,2026-07-29
SETTLEMENT_1255,M123,ref_txn_96,UTR537025367880,1450900,14509,INR,2026-06-03
SETTLEMENT_1256,M123,ref_txn_301,UTR790963916975,4625900,46259,INR,2026-06-17
SETTLEMENT_1257,M123,ref_txn_1901,UTR422955477207,646000,6460,INR,2026-06-10
SETTLEMENT_1259,M123,ref_txn_566,UTR976292099497,3472600,34726,INR,2026-07-01
SETTLEMENT_126,M123,ref_txn_2281,UTR124668073195,3974400,39744,INR,2026-06-18
SETTLEMENT_1262,M123,ref_txn_94,UTR204681869195,138600,1386,INR,2026-07-01
SETTLEMENT_1263,M123,ref_txn_1988,UTR622523447566,3038100,30381,INR,2026-08-24
SETTLEMENT_1264,M123,ref_txn_1175,UTR774562898028,170100,1701,INR,2026-07-08
SETTLEMENT_1265,M123,ref_txn_780,,2754900,27549,INR,2026-08-21
SETTLEMENT_1267,M123,ref_txn_101,UTR115496238475,4325300,43253,INR,2026-06-17
SETTLEMENT_1268,M123,ref_txn_948,UTR865681638131,3437500,34375,INR,2026-06-03
SETTLEMENT_127,M123,ref_txn_2236,UTR209325427254,3104300,31043,INR,2026-07-22
SETTLEMENT_1271,M123,ref_txn_2377,UTR999275696982,63100,631,INR,2026-08-05
SETTLEMENT_1272,M123,ref_txn_883,UTR323990473876,2635800,26358,INR,2026-07-01
SETTLEMENT_1275,M123,ref_txn_1147,UTR941670694722,5498200,54982,INR,2026-06-30
SETTLEMENT_1276,M123,ref_txn_2003,UTR982591004183,4631900,46319,INR,2026-07-30
SETTLEMENT_1278,M123,ref_txn_2250,UTR183073226869,1192100,11921,INR,2026-08-12
SETTLEMENT_1279,M123,ref_txn_1022,UTR774475677863,5060000,50600,INR,2026-06-16
SETTLEMENT_128,M123,ref_txn_1108,UTR586072552352,4994200,49942,INR,2026-06-19
SETTLEMENT_1280,M123,ref_txn_2317,UTR183775897394,15800,158,INR,2026-08-05
SETTLEMENT_1281,M123,ref_txn_20,UTR473225588061,3654900,36549,INR,2026-06-17
SETTLEMENT_1282,M123,ref_txn_1186,UTR807382094184,735500,7355,INR,2026-07-01
SETTLEMENT_1283,M123,ref_txn_1600,UTR189647201458,1784100,17841,INR,2026-06-24
SETTLEMENT_1285,M123,ref_txn_1869,UTR375614318236,737700,7377,INR,2026-07-20
SETTLEMENT_1286,M123,ref_txn_62,,2632000,26320,INR,2026-06-03
SETTLEMENT_1287,M123,ref_txn_2103,UTR423882660312,2950200,29502,INR,2026-06-10
SETTLEMENT_129,M123,ref_txn_1613,UTR916396785219,3378300,33783,INR,2026-06-30
SETTLEMENT_1290,M123,ref_txn_1944,UTR366316265785,2824800,28248,INR,2026-07-09
SETTLEMENT_1291,M123,ref_txn_396,UTR367460554874,463500,4635,INR,2026-07-23
SETTLEMENT_1292,M123,ref_txn_1219,UTR811502052221,1946400,19464,INR,2026-06-10
SETTLEMENT_1294,M123,ref_txn_225,UTR809914966842,1391800,13918,INR,2026-08-06
SETTLEMENT_1296,M123,ref_txn_538,UTR786128441912,112600,1126,INR,2026-06-08
SETTLEMENT_1297,M123,ref_txn_1788,UTR387380499077,1192100,11921,INR,2026-08-20
SETTLEMENT_1298,M123,ref_txn_646,UTR952140863383,3200400,32004,INR,2026-07-23
SETTLEMENT_1299,M123,ref_txn_787,UTR417023177807,1541900,15419,INR,2026-07-06
SETTLEMENT_130,M123,ref_txn_986,UTR962124055968,2645800,26458,INR,2026-07-13
SETTLEMENT_1303,M123,ref_txn_1251,UTR804062996089,667700,6677,INR,2026-06-23
SETTLEMENT_1304,M123,ref_txn_1068,UTR859751515785,3231000,32310,INR,2026-07-06
SETTLEMENT_1305,M123,ref_txn_906,UTR853866623762,2440500,24405,INR,2026-06-18
SETTLEMENT_1306,M123,ref_txn_371,UTR601785486564,3748100,37481,INR,2026-06-17
SETTLEMENT_1307,M123,ref_txn_2079,,580100,5801,INR,2026-07-10
SETTLEMENT_1311,M123,ref_txn_323,,2461000,24610,INR,2026-06-29
SETTLEMENT_1312,M123,ref_txn_964,UTR466627873628,1412700,14127,INR,2026-06-25
SETTLEMENT_1313,M123,ref_txn_2215,UTR106891589667,1033100,10331,INR,2026-08-17
SETTLEMENT_1314,M123,ref_txn_2099,UTR396579897075,463600,4636,INR,2026-07-20
SETTLEMENT_1316,M123,ref_txn_2390,,2224000,22240,INR,2026-07-23
SETTLEMENT_132,M123,ref_txn_404,UTR872160076885,275400,2754,INR,2026-08-19
SETTLEMENT_1320,M123,ref_txn_1566,UTR105161273951,34100,341,INR,2026-07-22
SETTLEMENT_1322,M123,ref_txn_419,UTR231938992350,453700,4537,INR,2026-08-21
SETTLEMENT_1323,M123,ref_txn_1099,UTR778788122957,2712900,27129,INR,2026-06-05
SETTLEMENT_1326,M123,ref_txn_1176,UTR333749634835,2401500,24015,INR,2026-06-22
SETTLEMENT_1327,M123,ref_txn_157,UTR472881567456,5198000,51980,INR,2026-06-04
SETTLEMENT_1330,M123,ref_txn_1502,UTR637940784336,5977800,59778,INR,2026-07-31
SETTLEMENT_1333,M123,ref_txn_420,UTR825988056608,4577600,45776,INR,2026-06-24
SETTLEMENT_1336,M123,ref_txn_1422,UTR542565518505,1227200,12272,INR,2026-08-13
SETTLEMENT_1338,M123,ref_txn_1390,UTR660426801255,546900,5469,INR,2026-07-23
SETTLEMENT_1339,M123,ref_txn_1612,UTR112921059541,1250700,12507,INR,2026-08-26
SETTLEMENT_134,M123,ref_txn_1579,UTR743534643235,151500,1515,INR,2026-07-14
SETTLEMENT_1340,M123,ref_txn_1595,UTR630081002817,2813400,28134,INR,2026-06-09
SETTLEMENT_1341,M123,ref_txn_861,UTR412589047370,1700500,17005,INR,2026-08-21
SETTLEMENT_1343,M123,ref_txn_1825,UTR469535207629,5520700,55207,INR,2026-06-10
SETTLEMENT_1345,M123,ref_txn_2032,UTR833520849964,3824100,38241,INR,2026-07-30
SETTLEMENT_1346,M123,ref_txn_1879,UTR280283252325,1534400,15344,INR,2026-07-15
SETTLEMENT_1348,M123,ref_txn_2018,,3132900,31329,INR,2026-06-24
SETTLEMENT_1349,M123,ref_txn_1438,UTR176513338142,2564800,25648,INR,2026-06-04
SETTLEMENT_135,M123,ref_txn_2398,UTR259358847421,3357500,33575,INR,2026-06-24
SETTLEMENT_1353,M123,ref_txn_1954,UTR290758885169,36200,362,INR,2026-07-07
SETTLEMENT_1355,M123,ref_txn_1435,UTR619660015223,558600,5586,INR,2026-08-12
SETTLEMENT_1359,M123,ref_txn_743,,2398600,23986,INR,2026-06-04
SETTLEMENT_136,M123,ref_txn_1269,UTR649459757142,684700,6847,INR,2026-07-14
SETTLEMENT_1360,M123,ref_txn_349,UTR423425039341,2144100,21441,INR,2026-07-08
SETTLEMENT_1361,M123,ref_txn_775,UTR942002165193,834900,8349,INR,2026-08-24
SETTLEMENT_1362,M123,ref_txn_409,UTR236642234544,2621000,26210,INR,2026-06-26
SETTLEMENT_1363,M123,ref_txn_2175,UTR311314776871,2603300,26033,INR,2026-08-12
SETTLEMENT_1364,M123,ref_txn_1311,UTR231372087427,49400,494,INR,2026-07-01
SETTLEMENT_1366,M123,ref_txn_1421,UTR920268455895,1358000,13580,INR,2026-07-29
SETTLEMENT_1368,M123,ref_txn_2328,UTR248055429179,3530100,35301,INR,2026-06-25
SETTLEMENT_137,M123,ref_txn_467,UTR982901086674,838200,8382,INR,2026-07-08
SETTLEMENT_1370,M123,ref_txn_1130,UTR637947616744,200100,2001,INR,2026-07-08
SETTLEMENT_1371,M123,ref_txn_2251,UTR652381101283,5716200,57162,INR,2026-06-12
SETTLEMENT_1373,M123,ref_txn_749,UTR511417108280,5904400,59044,INR,2026-06-09
SETTLEMENT_1374,M123,ref_txn_1136,UTR943085520762,4503300,45033,INR,2026-06-23
SETTLEMENT_1375,M123,ref_txn_605,UTR390717667559,4010600,40106,INR,2026-06-17
SETTLEMENT_1377,M123,ref_txn_967,UTR247920459651,439600,4396,INR,2026-06-29
SETTLEMENT_1378,M123,ref_txn_514,UTR449086894963,1541900,15419,INR,2026-07-20
SETTLEMENT_1379,M123,ref_txn_684,UTR447934532667,4724400,47244,INR,2026-06-18
SETTLEMENT_138,M123,ref_txn_256,UTR824884814772,3975400,39754,INR,2026-06-11
SETTLEMENT_1380,M123,ref_txn_933,UTR888020077163,3023000,30230,INR,2026-07-14
SETTLEMENT_1381,M123,ref_txn_2050,UTR134783881794,740100,7401,INR,2026-08-05
SETTLEMENT_1383,M123,ref_txn_945,UTR825702074238,5371200,53712,INR,2026-06-01
SETTLEMENT_1385,M123,ref_txn_1610,UTR899518881202,3189500,31895,INR,2026-06-03
SETTLEMENT_1386,M123,ref_txn_765,UTR587993653588,1989100,19891,INR,2026-06-11
SETTLEMENT_1387,M123,ref_txn_1829,UTR828602599396,1713300,17133,INR,2026-07-27
SETTLEMENT_1388,M123,ref_txn_393,UTR316999294706,3789600,37896,INR,2026-06-22
SETTLEMENT_1389,M123,ref_txn_345,UTR136392785049,1913000,19130,INR,2026-07-21
SETTLEMENT_1392,M123,ref_txn_185,,2854400,28544,INR,2026-08-12
SETTLEMENT_1393,M123,ref_txn_77,UTR239041453670,5948100,59481,INR,2026-06-11
SETTLEMENT_1394,M123,ref_txn_1945,UTR211951716708,500900,5009,INR,2026-07-06
SETTLEMENT_1397,M123,ref_txn_1881,UTR602671709293,4132700,41327,INR,2026-07-15
SETTLEMENT_1398,M123,ref_txn_807,UTR436143463955,2460200,24602,INR,2026-06-08
SETTLEMENT_1399,M123,ref_txn_2361,UTR852953344838,89900,899,INR,2026-07-30
SETTLEMENT_140,M123,ref_txn_506,UTR511134699652,803500,8035,INR,2026-07-30
SETTLEMENT_1401,M123,ref_txn_245,UTR276987969004,26700,267,INR,2026-07-13
SETTLEMENT_1402,M123,ref_txn_2002,UTR102826772991,3322000,33220,INR,2026-06-01
SETTLEMENT_1403,M123,ref_txn_1715,UTR626818709942,2533100,25331,INR,2026-07-03
SETTLEMENT_1408,M123,ref_txn_291,UTR108131623007,4387100,43871,INR,2026-06-12
SETTLEMENT_1409,M123,ref_txn_177,UTR745970803081,3497500,34975,INR,2026-07-08
SETTLEMENT_1410,M123,ref_txn_1923,UTR610026233139,1943400,19434,INR,2026-07-03
SETTLEMENT_1411,M123,ref_txn_71,UTR762773174305,734100,7341,INR,2026-07-03
SETTLEMENT_1413,M123,ref_txn_1893,UTR799192765325,3243800,32438,INR,2026-06-03
SETTLEMENT_1416,M123,ref_txn_1627,UTR330882866251,3325700,33257,INR,2026-06-29
SETTLEMENT_1419,M123,ref_txn_624,UTR312590792484,1187300,11873,INR,2026-07-01
SETTLEMENT_142,M123,ref_txn_596,,3362100,33621,INR,2026-06-25
SETTLEMENT_1423,M123,ref_txn_1361,UTR806209079249,2734600,27346,INR,2026-07-13
SETTLEMENT_1424,M123,ref_txn_923,UTR665797858137,2807700,28077,INR,2026-08-10
SETTLEMENT_1425,M123,ref_txn_1577,UTR645068872727,780800,7808,INR,2026-07-28
SETTLEMENT_1426,M123,ref_txn_2136,UTR986227773762,3376700,33767,INR,2026-06-29
SETTLEMENT_1429,M123,ref_txn_424,UTR612029402993,497400,4974,INR,2026-06-10
SETTLEMENT_1434,M123,ref_txn_2113,UTR396685709030,5167800,51678,INR,2026-06-02
SETTLEMENT_1435,M123,ref_txn_288,UTR768658023958,4918000,49180,INR,2026-06-02
SETTLEMENT_1436,M123,ref_txn_2036,UTR995065569824,5170100,51701,INR,2026-07-01
SETTLEMENT_1437,M123,ref_txn_1676,,2357900,23579,INR,2026-08-07
SETTLEMENT_1438,M123,ref_txn_2159,UTR957824229167,1816300,18163,INR,2026-08-26
SETTLEMENT_1439,M123,ref_txn_2127,UTR352063243203,838200,8382,INR,2026-07-10
SETTLEMENT_144,M123,ref_txn_1001,,2440300,24403,INR,2026-07-16
SETTLEMENT_1441,M123,ref_txn_1772,,532600,5326,INR,2026-06-24
SETTLEMENT_1442,M123,ref_txn_2285,UTR302241508802,50900,509,INR,2026-08-13
SETTLEMENT_1444,M123,ref_txn_1483,UTR675422273913,2697400,26974,INR,2026-06-15
SETTLEMENT_1445,M123,ref_txn_987,UTR380885958456,3668000,36680,INR,2026-07-07
SETTLEMENT_1446,M123,ref_txn_1124,UTR938649814552,5748600,57486,INR,2026-06-17
SETTLEMENT_1447,M123,ref_txn_992,UTR552749913280,5691900,56919,INR,2026-06-09
SETTLEMENT_1448,M123,ref_txn_2011,UTR164820714211,11600,116,INR,2026-07-27
SETTLEMENT_1449,M123,ref_txn_944,UTR533996606798,7800,78,INR,2026-08-19
SETTLEMENT_145,M123,ref_txn_2283,UTR410876447317,1164300,11643,INR,2026-06-08
SETTLEMENT_1450,M123,ref_txn_2374,UTR975547309626,3746400,37464,INR,2026-06-23
SETTLEMENT_1451,M123,ref_txn_65,UTR357831975200,21900,219,INR,2026-08-05
SETTLEMENT_1453,M123,ref_txn_418,UTR654502717217,3108300,31083,INR,2026-07-22
SETTLEMENT_1456,M123,ref_txn_1368,UTR835956079382,728100,7281,INR,2026-08-10
SETTLEMENT_1457,M123,ref_txn_1305,UTR210064558640,4863600,48636,INR,2026-06-24
SETTLEMENT_1458,M123,ref_txn_1360,UTR530919204164,5746500,57465,INR,2026-06-10
SETTLEMENT_146,M123,ref_txn_1986,UTR922899970439,4737000,47370,INR,2026-06-09
SETTLEMENT_1460,M123,ref_txn_808,UTR152264408884,3023000,30230,INR,2026-07-10
SETTLEMENT_1462,M123,ref_txn_1645,UTR437839646089,1564900,15649,INR,2026-08-13
SETTLEMENT_1465,M123,ref_txn_2048,UTR592993795195,2216100,22161,INR,2026-07-28
SETTLEMENT_1466,M123,ref_txn_2095,UTR489864254594,2785500,27855,INR,2026-06-26
SETTLEMENT_1467,M123,ref_txn_1589,UTR455494956815,2154200,21542,INR,2026-08-19
SETTLEMENT_1469,M123,ref_txn_2206,UTR640336083718,814300,8143,INR,2026-06-02
SETTLEMENT_147,M123,ref_txn_612,UTR311728669974,2351900,23519,INR,2026-06-09
SETTLEMENT_1470,M123,ref_txn_1511,UTR286263798753,2533100,25331,INR,2026-07-22
SETTLEMENT_1471,M123,ref_txn_1874,UTR997398789208,5705600,57056,INR,2026-05-28
SETTLEMENT_1472,M123,ref_txn_920,UTR473233891915,2472700,24727,INR,2026-07-20
SETTLEMENT_1473,M123,ref_txn_771,UTR970705293143,1041700,10417,INR,2026-08-14
SETTLEMENT_1474,M123,ref_txn_931,UTR901317919940,453700,4537,INR,2026-08-26
SETTLEMENT_1475,M123,ref_txn_2296,UTR713800187514,1625500,16255,INR,2026-07-08
SETTLEMENT_1477,M123,ref_txn_891,UTR756431794367,4601700,46017,INR,2026-06-04
SETTLEMENT_148,M123,ref_txn_1114,UTR637111109763,318000,3180,INR,2026-07-17
SETTLEMENT_1481,M123,ref_txn_949,UTR295157245341,2429000,24290,INR,2026-06-17
SETTLEMENT_1484,M123,ref_txn_1472,UTR723961456591,463500,4635,INR,2026-07-03
SETTLEMENT_1486,M123,ref_txn_1357,UTR595239924598,793200,7932,INR,2026-06-30
SETTLEMENT_1489,M123,ref_txn_1285,UTR104364311538,2363300,23633,INR,2026-06-26
SETTLEMENT_149,M123,ref_txn_1342,UTR408987871396,1323700,13237,INR,2026-07-03
SETTLEMENT_1490,M123,ref_txn_827,UTR453155563790,1392200,13922,INR,2026-07-27
SETTLEMENT_1491,M123,ref_txn_16,UTR579567143505,654600,6546,INR,2026-08-05
SETTLEMENT_1492,M123,ref_txn_2185,UTR415689670811,3005100,30051,INR,2026-06-02
SETTLEMENT_1494,M123,ref_txn_901,UTR876997754711,3890800,38908,INR,2026-06-25
SETTLEMENT_1495,M123,ref_txn_1320,UTR380927998469,233800,2338,INR,2026-08-05
SETTLEMENT_1496,M123,ref_txn_1050,UTR936699051145,1398100,13981,INR,2026-05-28
SETTLEMENT_1497,M123,ref_txn_711,UTR668508743067,5563900,55639,INR,2026-06-22
SETTLEMENT_1498,M123,ref_txn_1908,UTR898336488151,73400,734,INR,2026-06-22
SETTLEMENT_1500,M123,ref_txn_2221,UTR250140988242,1237500,12375,INR,2026-06-01
SETTLEMENT_1501,M123,ref_txn_1757,UTR421085138802,5747500,57475,INR,2026-07-01
SETTLEMENT_1502,M123,ref_txn_2135,UTR608568188296,4675000,46750,INR,2026-06-10
SETTLEMENT_1503,M123,ref_txn_211,UTR397217754160,688100,6881,INR,2026-07-14
SETTLEMENT_1505,M123,ref_txn_1516,,2647200,26472,INR,2026-06-22
SETTLEMENT_1506,M123,ref_txn_723,UTR212134727954,5269700,52697,INR,2026-06-04
SETTLEMENT_1507,M123,ref_txn_270,UTR280170636140,378600,3786,INR,2026-08-07
SETTLEMENT_1508,M123,ref_txn_1263,UTR103478233603,1694800,16948,INR,2026-08-07
SETTLEMENT_151,M123,ref_txn_508,UTR194472159640,50200,502,INR,2026-08-05
SETTLEMENT_1510,M123,ref_txn_1747,UTR514247489592,5514400,55144,INR,2026-06-12
SETTLEMENT_1511,M123,ref_txn_2342,UTR937985535931,4507000,45070,INR,2026-06-25
SETTLEMENT_1512,M123,ref_txn_1292,UTR220635668494,2868600,28686,INR,2026-05-29
SETTLEMENT_1513,M123,ref_txn_1078,UTR304851272538,2154200,13356,INR,2026-08-25
SETTLEMENT_1514,M123,ref_txn_2197,UTR672137182068,52300,523,INR,2026-05-28
SETTLEMENT_1515,M123,ref_txn_1278,UTR175432861004,217000,2170,INR,2026-07-14
SETTLEMENT_1516,M123,ref_txn_1980,UTR297075661212,1187300,11873,INR,2026-06-03
SETTLEMENT_1517,M123,ref_txn_28,UTR763232588758,591100,5911,INR,2026-07-27
SETTLEMENT_1519,M123,ref_txn_34,UTR677302694357,1799800,17998,INR,2026-08-26
SETTLEMENT_1521,M123,ref_txn_1329,UTR169098038123,143400,1434,INR,2026-08-07
SETTLEMENT_1524,M123,ref_txn_1304,UTR574984600240,881000,8810,INR,2026-08-17
SETTLEMENT_1525,M123,ref_txn_1152,UTR355960933594,1557200,15572,INR,2026-07-22
SETTLEMENT_1526,M123,ref_txn_2333,UTR106158811971,4305900,43059,INR,2026-06-03
SETTLEMENT_1527,M123,ref_txn_1574,UTR699915884487,1275300,12753,INR,2026-06-10
SETTLEMENT_1528,M123,ref_txn_1515,UTR914807690905,598900,5989,INR,2026-08-05
SETTLEMENT_1529,M123,ref_txn_167,UTR349514336295,2399800,23998,INR,2026-06-29
SETTLEMENT_1531,M123,ref_txn_162,UTR769966818490,2881400,28814,INR,2026-06-17
SETTLEMENT_1532,M123,ref_txn_1703,UTR209983233072,4595500,45955,INR,2026-06-03
SETTLEMENT_1535,M123,ref_txn_1137,UTR253842124130,93800,938,INR,2026-07-08
SETTLEMENT_1536,M123,ref_txn_25,UTR134514276098,47500,475,INR,2026-07-15
SETTLEMENT_1538,M123,ref_txn_1335,UTR655347204229,2821800,28218,INR,2026-07-20
SETTLEMENT_1539,M123,ref_txn_1450,UTR940485664028,463600,4636,INR,2026-07-08
SETTLEMENT_1540,M123,ref_txn_804,UTR806722488543,296400,2964,INR,2026-07-07
SETTLEMENT_1541,M123,ref_txn_122,UTR695649146467,637000,6370,INR,2026-07-22
SETTLEMENT_1543,M123,ref_txn_779,UTR521418472109,36200,362,INR,2026-07-22
SETTLEMENT_1546,M123,ref_txn_1761,UTR739467612546,2305500,23055,INR,2026-07-22
SETTLEMENT_1549,M123,ref_txn_1507,UTR404671678377,1033700,10337,INR,2026-07-31
SETTLEMENT_1552,M123,ref_txn_857,UTR144592872588,3711800,37118,INR,2026-06-30
SETTLEMENT_1553,M123,ref_txn_543,UTR503155155108,155900,1559,INR,2026-06-09
SETTLEMENT_1554,M123,ref_txn_197,UTR488290135622,2897400,28974,INR,2026-08-12
SETTLEMENT_1555,M123,ref_txn_2267,,4814500,48145,INR,2026-06-15
SETTLEMENT_1556,M123,ref_txn_2310,UTR604423534902,2627600,26276,INR,2026-07-22
SETTLEMENT_1558,M123,ref_txn_312,UTR459436633395,3522700,35227,INR,2026-08-10
SETTLEMENT_156,M123,ref_txn_738,UTR333340717251,806500,8065,INR,2026-06-10
SETTLEMENT_1560,M123,ref_txn_1864,UTR608474490281,2664400,26644,INR,2026-07-29
SETTLEMENT_1562,M123,ref_txn_483,UTR455991199694,683600,6836,INR,2026-08-24
SETTLEMENT_1564,M123,ref_txn_1290,,1094100,10941,INR,2026-06-18
SETTLEMENT_1566,M123,ref_txn_1934,UTR355284741551,2224000,22240,INR,2026-07-15
SETTLEMENT_1568,M123,ref_txn_1087,UTR378487859540,2916500,29165,INR,2026-07-03
SETTLEMENT_1571,M123,ref_txn_1047,UTR148051967625,5998800,59988,INR,2026-06-23
SETTLEMENT_1572,M123,ref_txn_2245,UTR126170375669,5492500,54925,INR,2026-06-09
SETTLEMENT_1573,M123,ref_txn_1474,,3273800,32738,INR,2026-06-24
SETTLEMENT_1574,M123,ref_txn_1735,UTR216491042159,5686500,56865,INR,2026-06-09
SETTLEMENT_1577,M123,ref_txn_1338,UTR446578663878,5132500,51325,INR,2026-06-10
SETTLEMENT_1579,M123,ref_txn_1794,UTR896243959256,148800,1488,INR,2026-07-14
SETTLEMENT_158,M123,ref_txn_1525,UTR504793443353,387300,3873,INR,2026-07-03
SETTLEMENT_1580,M123,ref_txn_1006,UTR203558226868,1216300,12163,INR,2026-06-03
SETTLEMENT_1581,M123,ref_txn_1094,UTR376955641023,2719500,27195,INR,2026-08-19
SETTLEMENT_1583,M123,ref_txn_1802,UTR511642875425,2984100,29841,INR,2026-06-10
SETTLEMENT_1584,M123,ref_txn_1620,UTR203392986603,129800,1298,INR,2026-07-27
SETTLEMENT_1586,M123,ref_txn_899,UTR957889360617,5054300,50543,INR,2026-06-03
SETTLEMENT_1587,M123,ref_txn_594,UTR340935414782,1755100,17551,INR,2026-06-24
SETTLEMENT_1589,M123,ref_txn_2,UTR742748624444,3270300,32703,INR,2026-08-18
SETTLEMENT_1590,M123,ref_txn_355,UTR948089003635,33300,333,INR,2026-08-06
SETTLEMENT_1591,M123,ref_txn_1241,UTR489668250756,5473500,54735,INR,2026-06-24
SETTLEMENT_1592,M123,ref_txn_1666,UTR203632255192,5427700,54277,INR,2026-07-01
SETTLEMENT_1593,M123,ref_txn_1401,UTR324378750850,549500,5495,INR,2026-07-13
SETTLEMENT_1595,M123,ref_txn_558,UTR515712931021,1282500,12825,INR,2026-08-03
SETTLEMENT_1596,M123,ref_txn_1117,UTR245388693624,193900,1939,INR,2026-06-22
SETTLEMENT_1598,M123,ref_txn_1926,UTR761212315274,2084300,20843,INR,2026-08-05
SETTLEMENT_16,M123,ref_txn_1596,,2792200,27922,INR,2026-06-24
SETTLEMENT_160,M123,ref_txn_118,UTR545138531632,5356300,53563,INR,2026-06-04
SETTLEMENT_1600,M123,ref_txn_2216,UTR324248296945,108400,1084,INR,2026-08-05
SETTLEMENT_1601,M123,ref_txn_980,UTR744330796696,2501500,25015,INR,2026-07-29
SETTLEMENT_1602,M123,ref_txn_1571,UTR271832614784,226800,2268,INR,2026-06-23
SETTLEMENT_1603,M123,ref_txn_1668,,110600,1106,INR,2026-07-23
SETTLEMENT_1604,M123,ref_txn_1938,UTR586119626252,4274100,42741,INR,2026-07-23
SETTLEMENT_1607,M123,ref_txn_1275,UTR637395119474,2922100,29221,INR,2026-06-01
SETTLEMENT_161,M123,ref_txn_633,UTR687503196539,4932400,49324,INR,2026-06-02
SETTLEMENT_1611,M123,ref_txn_1744,,3838100,38381,INR,2026-07-29
SETTLEMENT_1612,M123,ref_txn_2101,UTR346886343709,4338600,43386,INR,2026-06-10
SETTLEMENT_1614,M123,ref_txn_1187,UTR498424929289,470000,4700,INR,2026-07-08
SETTLEMENT_1615,M123,ref_txn_232,UTR226644112835,1313600,13136,INR,2026-08-26
SETTLEMENT_1616,M123,ref_txn_200,UTR773685266590,2522700,25227,INR,2026-06-16
SETTLEMENT_1617,M123,ref_txn_913,UTR990739187650,5063000,50630,INR,2026-06-17
SETTLEMENT_1618,M123,ref_txn_824,UTR550337275863,31400,314,INR,2026-07-22
SETTLEMENT_1619,M123,ref_txn_2343,UTR727726676482,706500,7065,INR,2026-07-29
SETTLEMENT_1621,M123,ref_txn_257,,4619100,46191,INR,2026-06-25
SETTLEMENT_1623,M123,ref_txn_1436,UTR764015567055,2533100,25331,INR,2026-07-21
SETTLEMENT_1624,M123,ref_txn_737,UTR522531200410,1372100,13721,INR,2026-08-19
SETTLEMENT_1626,M123,ref_txn_1085,UTR807183200038,5969800,59698,INR,2026-06-01
SETTLEMENT_1627,M123,ref_txn_2016,UTR177183248094,3446000,34460,INR,2026-07-10
SETTLEMENT_1629,M123,ref_txn_336,UTR104792479081,2520200,25202,INR,2026-08-19
SETTLEMENT_1631,M123,ref_txn_226,UTR620435833567,1903700,19037,INR,2026-08-17
SETTLEMENT_1633,M123,ref_txn_797,UTR702800026370,3223200,32232,INR,2026-08-20
SETTLEMENT_1634,M123,ref_txn_603,UTR252361420329,4496500,44965,INR,2026-07-01
SETTLEMENT_1635,M123,ref_txn_2045,,1823400,18234,INR,2026-06-19
SETTLEMENT_1636,M123,ref_txn_1689,UTR530389964508,5867800,58678,INR,2026-06-09
SETTLEMENT_1637,M123,ref_txn_1878,UTR330460072623,458900,4589,INR,2026-06-29
SETTLEMENT_1639,M123,ref_txn_180,UTR908469166113,2545500,25455,INR,2026-07-23
SETTLEMENT_164,M123,ref_txn_1355,UTR667816428172,4424800,44248,INR,2026-06-12
SETTLEMENT_1640,M123,ref_txn_1228,,567800,5678,INR,2026-08-26
SETTLEMENT_1641,M123,ref_txn_1306,UTR470900838824,3431000,34310,INR,2026-08-03
SETTLEMENT_1642,M123,ref_txn_1324,UTR953212038679,124300,1243,INR,2026-08-12
SETTLEMENT_1643,M123,ref_txn_998,UTR252802727559,5574300,55743,INR,2026-05-29
SETTLEMENT_1644,M123,ref_txn_1018,UTR284731040638,1497700,14977,INR,2026-07-07
SETTLEMENT_1646,M123,ref_txn_970,UTR831387614444,4590000,45900,INR,2026-06-11
SETTLEMENT_1647,M123,ref_txn_1506,UTR889671496622,3514200,35142,INR,2026-06-17
SETTLEMENT_1649,M123,ref_txn_1755,UTR205784452717,3174900,31749,INR,2026-08-26
SETTLEMENT_165,M123,ref_txn_2121,UTR647938369690,591100,5911,INR,2026-07-24
SETTLEMENT_1652,M123,ref_txn_975,UTR765383787826,110600,1106,INR,2026-07-10
SETTLEMENT_1653,M123,ref_txn_319,UTR721434512798,4858000,48580,INR,2026-06-19
SETTLEMENT_1654,M123,ref_txn_1631,UTR341308411304,1079100,10791,INR,2026-08-26
SETTLEMENT_1656,M123,ref_txn_1319,UTR588840458963,2921500,29215,INR,2026-07-15
SETTLEMENT_1657,M123,ref_txn_1609,UTR533350068253,212500,2125,INR,2026-08-20
SETTLEMENT_1658,M123,ref_txn_837,UTR471226692144,345800,3458,INR,2026-07-29
SETTLEMENT_1659,M123,ref_txn_138,UTR625079156715,2988500,29885,INR,2026-08-26
SETTLEMENT_166,M123,ref_txn_1921,UTR509537653690,709800,7098,INR,2026-06-10
SETTLEMENT_1662,M123,ref_txn_498,UTR320678302110,4095500,40955,INR,2026-07-30
SETTLEMENT_1663,M123,ref_txn_2107,UTR795227432123,2531800,25318,INR,2026-07-30
SETTLEMENT_1666,M123,ref_txn_130,UTR620136031593,3962000,39620,INR,2026-06-11
SETTLEMENT_1668,M123,ref_txn_1056,UTR631145963071,1425200,14252,INR,2026-07-09
SETTLEMENT_1671,M123,ref_txn_2375,UTR772794200239,3126100,31261,INR,2026-07-10
SETTLEMENT_1672,M123,ref_txn_568,UTR962487038972,1683500,16835,INR,2026-07-08
SETTLEMENT_1675,M123,ref_txn_173,UTR481488911693,44600,446,INR,2026-07-13
SETTLEMENT_1677,M123,ref_txn_1328,UTR340691770428,1024700,10247,INR,2026-08-10
SETTLEMENT_168,M123,ref_txn_1940,UTR714468111538,463600,4636,INR,2026-07-15
SETTLEMENT_1680,M123,ref_txn_230,,427500,4275,INR,2026-08-19
SETTLEMENT_1681,M123,ref_txn_1266,UTR422639499843,5318100,53181,INR,2026-07-31
SETTLEMENT_1683,M123,ref_txn_310,UTR511252549335,2719500,27195,INR,2026-08-19
SETTLEMENT_1687,M123,ref_txn_971,UTR117569549462,26700,267,INR,2026-07-09
SETTLEMENT_1688,M123,ref_txn_314,UTR732778219739,835300,8353,INR,2026-06-18
SETTLEMENT_1689,M123,ref_txn_487,UTR282549624069,3722600,37226,INR,2026-06-10
SETTLEMENT_169,M123,ref_txn_1104,UTR126563283944,1524100,15241,INR,2026-08-10
SETTLEMENT_1691,M123,ref_txn_2383,UTR968299834358,528400,5284,INR,2026-08-26
SETTLEMENT_1692,M123,ref_txn_366,,920200,9202,INR,2026-08-17
SETTLEMENT_1693,M123,ref_txn_953,UTR798791861372,5669600,56696,INR,2026-06-03
SETTLEMENT_1698,M123,ref_txn_92,UTR408558151403,2632600,26326,INR,2026-08-06
SETTLEMENT_17,M123,ref_txn_623,UTR817250179060,218600,2186,INR,2026-06-17
SETTLEMENT_1700,M123,ref_txn_1683,UTR630018537949,2913500,29135,INR,2026-06-11
SETTLEMENT_1701,M123,ref_txn_120,UTR750488605610,3324600,33246,INR,2026-08-18
SETTLEMENT_1702,M123,ref_txn_1380,UTR797244310334,1713500,17135,INR,2026-06-17
SETTLEMENT_1703,M123,ref_txn_205,UTR266284323062,5634100,56341,INR,2026-06-29
SETTLEMENT_1704,M123,ref_txn_851,UTR521329089468,3495800,34958,INR,2026-06-24
SETTLEMENT_1706,M123,ref_txn_2396,UTR439316264993,1307000,13070,INR,2026-06-19
SETTLEMENT_1708,M123,ref_txn_709,UTR690361393313,2266900,22669,INR,2026-07-29
SETTLEMENT_1711,M123,ref_txn_133,UTR353460157792,36400,364,INR,2026-07-24
SETTLEMENT_1712,M123,ref_txn_121,UTR111092727916,1086500,10865,INR,2026-08-19
SETTLEMENT_1714,M123,ref_txn_2381,UTR447686385650,850300,8503,INR,2026-06-05
SETTLEMENT_1717,M123,ref_txn_1730,UTR551618745749,4207400,42074,INR,2026-07-29
SETTLEMENT_1718,M123,ref_txn_1750,UTR314589696439,1372100,13721,INR,2026-08-17
SETTLEMENT_172,M123,ref_txn_1955,UTR152386245493,4960800,49608,INR,2026-06-10
SETTLEMENT_1720,M123,ref_txn_744,UTR308266263368,434000,4340,INR,2026-07-28
SETTLEMENT_1724,M123,ref_txn_1659,UTR159003394659,351800,3518,INR,2026-07-10
SETTLEMENT_1726,M123,ref_txn_443,UTR280790779739,2054500,20545,INR,2026-06-02
SETTLEMENT_1727,M123,ref_txn_2365,UTR102099352779,1238100,12381,INR,2026-07-14
SETTLEMENT_1728,M123,ref_txn_2022,UTR377934219106,1012100,10121,INR,2026-06-03
SETTLEMENT_173,M123,ref_txn_480,UTR182909638749,490300,4903,INR,2026-08-24
SETTLEMENT_1731,M123,ref_txn_961,UTR397714335782,8200,82,INR,2026-07-17
SETTLEMENT_1732,M123,ref_txn_735,UTR854092717223,2064200,20642,INR,2026-08-17
SETTLEMENT_1733,M123,ref_txn_1442,UTR506569041889,1885900,18859,INR,2026-06-03
SETTLEMENT_1734,M123,ref_txn_1375,UTR431786325182,780800,7808,INR,2026-07-09
SETTLEMENT_1736,M123,ref_txn_1347,UTR691649001660,5900,59,INR,2026-07-21
SETTLEMENT_1737,M123,ref_txn_604,UTR605826632874,2386100,23861,INR,2026-06-05
SETTLEMENT_1744,M123,ref_txn_889,UTR403942159363,2684000,26840,INR,2026-06-24
SETTLEMENT_1746,M123,ref_txn_753,UTR870288562630,5800,58,INR,2026-07-07
SETTLEMENT_1747,M123,ref_txn_810,UTR624105722684,2388400,23884,INR,2026-07-14
SETTLEMENT_1748,M123,ref_txn_1325,UTR841194385015,803900,8039,INR,2026-07-14
SETTLEMENT_1749,M123,ref_txn_2389,UTR914723453872,4250600,42506,INR,2026-06-25
SETTLEMENT_1750,M123,ref_txn_391,,732900,7329,INR,2026-06-10
SETTLEMENT_1751,M123,ref_txn_1154,UTR977063807544,1271400,12714,INR,2026-08-06
SETTLEMENT_1752,M123,ref_txn_2196,UTR250011387721,1566100,15661,INR,2026-06-03
SETTLEMENT_1754,M123,ref_txn_1316,UTR876893871812,1920200,19202,INR,2026-07-22
SETTLEMENT_1756,M123,ref_txn_662,,1920800,19208,INR,2026-06-24
SETTLEMENT_1757,M123,ref_txn_523,UTR342779184706,1128600,11286,INR,2026-07-06
SETTLEMENT_1758,M123,ref_txn_2137,UTR276684271802,2854400,28544,INR,2026-08-11
SETTLEMENT_1759,M123,ref_txn_1255,UTR979169723928,3235600,32356,INR,2026-06-11
SETTLEMENT_1762,M123,ref_txn_717,UTR291048960698,2482100,24821,INR,2026-06-24
SETTLEMENT_1763,M123,ref_txn_1530,UTR621969518237,1700500,17005,INR,2026-08-14
SETTLEMENT_1766,M123,ref_txn_822,UTR159648410937,255600,2556,INR,2026-07-06
SETTLEMENT_1767,M123,ref_txn_66,UTR109873077474,2060100,20601,INR,2026-06-09
SETTLEMENT_1768,M123,ref_txn_18,UTR519668872268,833000,8330,INR,2026-08-26
SETTLEMENT_1769,M123,ref_txn_1562,UTR984900573113,298400,2984,INR,2026-07-15
SETTLEMENT_1770,M123,ref_txn_2082,UTR688364171747,3526500,35265,INR,2026-06-24
SETTLEMENT_1771,M123,ref_txn_1950,UTR171299375231,597700,5977,INR,2026-05-29
SETTLEMENT_1772,M123,ref_txn_1523,UTR281234205951,298400,2984,INR,2026-07-27
SETTLEMENT_1774,M123,ref_txn_1952,UTR140201911338,56700,567,INR,2026-07-13
SETTLEMENT_1777,M123,ref_txn_2239,UTR262135841465,132100,1321,INR,2026-07-30
SETTLEMENT_1778,M123,ref_txn_2227,UTR448809198266,255800,2558,INR,2026-06-05
SETTLEMENT_1779,M123,ref_txn_2354,UTR302073567572,418500,4185,INR,2026-08-12
SETTLEMENT_178,M123,ref_txn_454,UTR781181661547,11600,116,INR,2026-07-22
SETTLEMENT_1780,M123,ref_txn_912,UTR255318227042,393100,3931,INR,2026-07-23
SETTLEMENT_1782,M123,ref_txn_74,UTR962485249758,4514300,45143,INR,2026-06-17
SETTLEMENT_1783,M123,ref_txn_330,UTR422989837476,463600,4636,INR,2026-07-22
SETTLEMENT_1784,M123,ref_txn_2318,UTR634522780653,497800,4978,INR,2026-08-26
SETTLEMENT_1785,M123,ref_txn_374,,1501400,15014,INR,2026-06-24
SETTLEMENT_1786,M123,ref_txn_115,UTR835694035930,3831600,38316,INR,2026-06-17
SETTLEMENT_1787,M123,ref_txn_1317,UTR732993118057,3886000,38860,INR,2026-06-01
SETTLEMENT_1788,M123,ref_txn_496,UTR293569408589,3719400,37194,INR,2026-07-29
SETTLEMENT_1789,M123,ref_txn_195,UTR126984545072,90400,904,INR,2026-08-06
SETTLEMENT_179,M123,ref_txn_58,UTR234320960114,2224000,22240,INR,2026-07-07
SETTLEMENT_1791,M123,ref_txn_416,UTR861283560910,233800,2338,INR,2026-08-12
SETTLEMENT_1792,M123,ref_txn_1427,UTR587738572913,5468100,54681,INR,2026-06-22
SETTLEMENT_1793,M123,ref_txn_37,UTR295589750808,22700,227,INR,2026-08-12
SETTLEMENT_1794,M123,ref_txn_2284,UTR218123785264,11400,114,INR,2026-08-21
SETTLEMENT_1795,M123,ref_txn_1059,UTR724057611360,157100,1571,INR,2026-08-20
SETTLEMENT_1798,M123,ref_txn_1439,UTR816605879433,2628400,26284,INR,2026-06-26
SETTLEMENT_1799,M123,ref_txn_1591,UTR456495399098,5102100,51021,INR,2026-07-31
SETTLEMENT_18,M123,ref_txn_593,UTR373732586700,1062700,10627,INR,2026-06-17
SETTLEMENT_1800,M123,ref_txn_1695,,1413900,14139,INR,2026-06-24
SETTLEMENT_1802,M123,ref_txn_1177,UTR526159760318,1909800,19098,INR,2026-06-05
SETTLEMENT_1803,M123,ref_txn_465,UTR209048960705,7900,79,INR,2026-07-08
SETTLEMENT_1804,M123,ref_txn_1199,UTR699142106245,5700,57,INR,2026-08-25
SETTLEMENT_1805,M123,ref_txn_881,UTR137594143960,3773800,37738,INR,2026-06-01
SETTLEMENT_1806,M123,ref_txn_1423,UTR726204771697,3081000,30810,INR,2026-08-12
SETTLEMENT_1807,M123,ref_txn_126,UTR622806400172,651400,6514,INR,2026-06-03
SETTLEMENT_1808,M123,ref_txn_1623,,666200,6662,INR,2026-06-26
SETTLEMENT_1809,M123,ref_txn_1907,UTR572268843968,39600,396,INR,2026-08-07
SETTLEMENT_181,M123,ref_txn_208,UTR906077658983,2463100,24631,INR,2026-08-18
SETTLEMENT_1812,M123,ref_txn_147,UTR108670987739,2636000,26360,INR,2026-06-25
SETTLEMENT_1816,M123,ref_txn_870,UTR782438064899,4218700,42187,INR,2026-06-03
SETTLEMENT_1818,M123,ref_txn_2153,UTR515411389699,5691800,56918,INR,2026-07-31
SETTLEMENT_182,M123,ref_txn_2104,UTR965970030882,31400,314,INR,2026-07-17
SETTLEMENT_1820,M123,ref_txn_994,,1932100,19321,INR,2026-06-16
SETTLEMENT_1822,M123,ref_txn_149,UTR248051031021,3422900,34229,INR,2026-08-19
SETTLEMENT_1823,M123,ref_txn_2350,UTR942637811700,1383100,13831,INR,2026-06-24
SETTLEMENT_1824,M123,ref_txn_1142,UTR782968328545,5159900,51599,INR,2026-07-29
SETTLEMENT_1826,M123,ref_txn_1473,UTR445064423423,4369000,43690,INR,2026-06-17
SETTLEMENT_1827,M123,ref_txn_601,,4740100,47401,INR,2026-06-26
SETTLEMENT_1830,M123,ref_txn_759,UTR603968417708,4303600,43036,INR,2026-06-11
SETTLEMENT_1831,M123,ref_txn_512,UTR811802029051,1988600,19886,INR,2026-08-20
SETTLEMENT_1834,M123,ref_txn_1030,UTR340021679263,3040000,30400,INR,2026-06-05
SETTLEMENT_1835,M123,ref_txn_954,UTR177359244792,2773700,27737,INR,2026-08-13
SETTLEMENT_1837,M123,ref_txn_1482,UTR238301332103,5808800,58088,INR,2026-07-29
SETTLEMENT_1838,M123,ref_txn_887,UTR839680167741,4115900,41159,INR,2026-06-17
SETTLEMENT_1839,M123,ref_txn_800,UTR523642880955,215600,2156,INR,2026-06-10
SETTLEMENT_184,M123,ref_txn_606,UTR505563627711,424600,4246,INR,2026-07-06
SETTLEMENT_1840,M123,ref_txn_342,UTR813618287972,2829200,28292,INR,2026-06-25
SETTLEMENT_1842,M123,ref_txn_1049,UTR708186016529,2508300,25083,INR,2026-06-03
SETTLEMENT_1844,M123,ref_txn_820,UTR642318077060,668900,6689,INR,2026-06-10
SETTLEMENT_1847,M123,ref_txn_2102,UTR253484016856,3081000,30810,INR,2026-08-21
SETTLEMENT_1848,M123,ref_txn_2202,UTR650845706206,3452200,34522,INR,2026-06-19
SETTLEMENT_1850,M123,ref_txn_35,UTR228001107678,1067100,10671,INR,2026-07-22
SETTLEMENT_1851,M123,ref_txn_1760,UTR953464816145,864800,8648,INR,2026-06-05
SETTLEMENT_1853,M123,ref_txn_2139,,2372200,23722,INR,2026-05-28
SETTLEMENT_1854,M123,ref_txn_1565,UTR655799411087,1024700,10247,INR,2026-08-17
SETTLEMENT_1855,M123,ref_txn_1139,UTR874770981926,152700,1527,INR,2026-06-15
SETTLEMENT_1856,M123,ref_txn_1919,UTR175739058958,2148400,21484,INR,2026-06-25
SETTLEMENT_1857,M123,ref_txn_127,UTR293506607934,2380500,23805,INR,2026-08-26
SETTLEMENT_1858,M123,ref_txn_165,UTR895966888756,5617500,56175,INR,2026-06-25
SETTLEMENT_1859,M123,ref_txn_1824,UTR714698674480,3009700,30097,INR,2026-07-15
SETTLEMENT_186,M123,ref_txn_2143,UTR216918207729,5225300,52253,INR,2026-05-29
SETTLEMENT_1860,M123,ref_txn_528,UTR283327078389,1372100,13721,INR,2026-08-05
SETTLEMENT_1862,M123,ref_txn_761,UTR891408017807,3970900,39709,INR,2026-06-03
SETTLEMENT_1863,M123,ref_txn_1792,UTR996297434913,3223200,32232,INR,2026-08-12
SETTLEMENT_1864,M123,ref_txn_832,UTR243120010656,1573300,15733,INR,2026-06-24
SETTLEMENT_1868,M123,ref_txn_1724,UTR216174705106,1590800,15908,INR,2026-08-24
SETTLEMENT_1869,M123,ref_txn_1440,UTR180392532974,2337500,23375,INR,2026-08-12
SETTLEMENT_1870,M123,ref_txn_532,UTR528975652473,145700,1457,INR,2026-08-12
SETTLEMENT_1871,M123,ref_txn_850,UTR983859901801,591100,5911,INR,2026-07-08
SETTLEMENT_1872,M123,ref_txn_1927,UTR698786865217,2988500,29885,INR,2026-08-19
SETTLEMENT_1874,M123,ref_txn_877,UTR937547071183,1435000,14350,INR,2026-08-05
SETTLEMENT_1877,M123,ref_txn_2029,UTR818501855373,1913000,19130,INR,2026-07-06
SETTLEMENT_1878,M123,ref_txn_1179,UTR274152114952,275400,2754,INR,2026-08-21
SETTLEMENT_188,M123,ref_txn_644,UTR548398619611,817400,8174,INR,2026-06-05
SETTLEMENT_1880,M123,ref_txn_1644,UTR259165090195,5900,59,INR,2026-07-06
SETTLEMENT_1882,M123,ref_txn_663,UTR297252166373,3560100,35601,INR,2026-06-08
SETTLEMENT_1885,M123,ref_txn_560,UTR435509428125,75200,752,INR,2026-07-20
SETTLEMENT_1887,M123,ref_txn_81,,2978700,29787,INR,2026-06-15
SETTLEMENT_1888,M123,ref_txn_1025,UTR203609617841,1543200,15432,INR,2026-06-24
SETTLEMENT_1889,M123,ref_txn_893,UTR124576785219,4024300,40243,INR,2026-06-17
SETTLEMENT_1891,M123,ref_txn_1218,UTR456333997089,5207300,52073,INR,2026-07-31
SETTLEMENT_1893,M123,ref_txn_2344,UTR265035168702,2814000,28140,INR,2026-06-03
SETTLEMENT_1894,M123,ref_txn_1125,UTR902118358867,2676300,26763,INR,2026-08-12
SETTLEMENT_1895,M123,ref_txn_2023,UTR531057732653,11100,111,INR,2026-08-19
SETTLEMENT_1896,M123,ref_txn_847,UTR722870072261,509600,5096,INR,2026-07-27
SETTLEMENT_1898,M123,ref_txn_1425,UTR345699742801,98200,982,INR,2026-06-24
SETTLEMENT_1899,M123,ref_txn_924,UTR719509186137,1153600,11536,INR,2026-08-19
SETTLEMENT_190,M123,ref_txn_1603,UTR836467946217,659700,6597,INR,2026-06-22
SETTLEMENT_1903,M123,ref_txn_764,UTR832300484846,9200,92,INR,2026-06-10
SETTLEMENT_1904,M123,ref_txn_1162,UTR347910753399,11600,116,INR,2026-07-17
SETTLEMENT_1905,M123,ref_txn_100,UTR633887936068,1310700,13107,INR,2026-08-20
SETTLEMENT_1906,M123,ref_txn_175,UTR791593434148,2834800,28348,INR,2026-06-30
SETTLEMENT_1907,M123,ref_txn_1193,UTR482274227376,4038900,40389,INR,2026-06-03
SETTLEMENT_1908,M123,ref_txn_614,UTR890662422778,321600,3216,INR,2026-08-07
SETTLEMENT_1909,M123,ref_txn_1126,UTR664913168202,63000,630,INR,2026-06-03
SETTLEMENT_191,M123,ref_txn_1845,UTR510822118223,942600,9426,INR,2026-06-16
SETTLEMENT_1911,M123,ref_txn_1894,UTR241187822109,1713300,17133,INR,2026-07-15
SETTLEMENT_1912,M123,ref_txn_1490,UTR639891561096,463500,4635,INR,2026-07-24
SETTLEMENT_1913,M123,ref_txn_1793,UTR628059253342,4880300,48803,INR,2026-06-03
SETTLEMENT_1914,M123,ref_txn_1341,UTR100584511650,255600,2556,INR,2026-07-08
SETTLEMENT_1917,M123,ref_txn_1408,UTR614133195635,2627600,26276,INR,2026-07-08
SETTLEMENT_1920,M123,ref_txn_235,UTR810560918030,1476000,14760,INR,2026-07-01
SETTLEMENT_1922,M123,ref_txn_161,UTR199350304235,1141300,11413,INR,2026-08-06
SETTLEMENT_1923,M123,ref_txn_344,UTR615447145778,2447100,24471,INR,2026-07-16
SETTLEMENT_1924,M123,ref_txn_2200,UTR723581405116,619000,6190,INR,2026-06-03
SETTLEMENT_1925,M123,ref_txn_2226,UTR618766186993,1296700,12967,INR,2026-07-22
SETTLEMENT_1926,M123,ref_txn_17,UTR608712284719,4335400,43354,INR,2026-06-17
SETTLEMENT_1927,M123,ref_txn_842,UTR262894063686,292200,2922,INR,2026-08-07
SETTLEMENT_1928,M123,ref_txn_1350,UTR952269649715,352500,3525,INR,2026-08-17
SETTLEMENT_1929,M123,ref_txn_339,UTR250578941921,2766700,27667,INR,2026-06-12
SETTLEMENT_1930,M123,ref_txn_507,UTR382651865983,143400,1434,INR,2026-08-13
SETTLEMENT_1931,M123,ref_txn_525,UTR263568630387,4811600,48116,INR,2026-06-17
SETTLEMENT_1933,M123,ref_txn_1807,UTR293894612264,3522700,35227,INR,2026-08-13
SETTLEMENT_1934,M123,ref_txn_10,,200100,2001,INR,2026-07-22
SETTLEMENT_1940,M123,ref_txn_1485,UTR254979122212,1114200,11142,INR,2026-06-18
SETTLEMENT_1945,M123,ref_txn_2208,UTR255455817226,548700,5487,INR,2026-06-29
SETTLEMENT_1946,M123,ref_txn_5,UTR879391958400,683600,6836,INR,2026-08-24
SETTLEMENT_1948,M123,ref_txn_1189,UTR216345825512,2513600,25136,INR,2026-05-28
SETTLEMENT_1949,M123,ref_txn_862,UTR236031260409,539800,5398,INR,2026-07-06
SETTLEMENT_195,M123,ref_txn_1312,UTR577421880170,4776700,47767,INR,2026-06-09
SETTLEMENT_1950,M123,ref_txn_813,UTR563741877062,695900,6959,INR,2026-06-15
SETTLEMENT_1951,M123,ref_txn_1449,UTR921061575070,1534400,15344,INR,2026-07-15
SETTLEMENT_1953,M123,ref_txn_46,UTR162695667264,1250700,12507,INR,2026-08-17
SETTLEMENT_1954,M123,ref_txn_2368,UTR153351039967,1120800,11208,INR,2026-07-06
SETTLEMENT_1955,M123,ref_txn_2288,UTR294476057053,512700,5127,INR,2026-06-18
SETTLEMENT_1956,M123,ref_txn_1696,UTR397791417486,1174600,11746,INR,2026-08-18
SETTLEMENT_1957,M123,ref_txn_2387,,151500,1515,INR,2026-07-27
SETTLEMENT_1958,M123,ref_txn_44,,1581500,15815,INR,2026-06-10
SETTLEMENT_196,M123,ref_txn_637,UTR865513948022,3628900,36289,INR,2026-06-15
SETTLEMENT_1961,M123,ref_txn_1302,UTR254028641175,1458800,14588,INR,2026-08-07
SETTLEMENT_1968,M123,ref_txn_1230,UTR600959747730,883500,8835,INR,2026-08-12
SETTLEMENT_1972,M123,ref_txn_1415,UTR847041846291,1048100,10481,INR,2026-06-12
SETTLEMENT_1973,M123,ref_txn_2019,UTR345116066947,2567400,25674,INR,2026-06-30
SETTLEMENT_1974,M123,ref_txn_818,UTR844908454203,3765300,37653,INR,2026-06-12
SETTLEMENT_1976,M123,ref_txn_1867,UTR927404282083,3960900,39609,INR,2026-07-22
SETTLEMENT_1977,M123,ref_txn_1074,UTR572372101972,4762600,47626,INR,2026-05-29
SETTLEMENT_1978,M123,ref_txn_852,UTR942594725759,4767500,47675,INR,2026-06-03
SETTLEMENT_1979,M123,ref_txn_2017,UTR389881325284,4699000,46990,INR,2026-06-17
SETTLEMENT_198,M123,ref_txn_1100,UTR477485329339,2213700,22137,INR,2026-05-28
SETTLEMENT_1980,M123,ref_txn_1494,UTR144801866762,26700,267,INR,2026-07-07
SETTLEMENT_1982,M123,ref_txn_1918,UTR570726479305,2536800,25368,INR,2026-07-22
SETTLEMENT_1985,M123,ref_txn_2240,UTR632625717625,848700,8487,INR,2026-06-23
SETTLEMENT_1986,M123,ref_txn_835,UTR368753639827,1254800,12548,INR,2026-08-12
SETTLEMENT_1991,M123,ref_txn_2038,UTR912398993234,4052200,40522,INR,2026-06-29
SETTLEMENT_1992,M123,ref_txn_2329,UTR334878242791,785300,7853,INR,2026-07-08
SETTLEMENT_1994,M123,ref_txn_221,UTR327078655320,2645800,26458,INR,2026-07-21
SETTLEMENT_1995,M123,ref_txn_1569,UTR268452041215,694900,6949,INR,2026-08-21
SETTLEMENT_1996,M123,ref_txn_1584,UTR254988524753,2821800,28218,INR,2026-07-16
SETTLEMENT_1997,M123,ref_txn_704,UTR285992780724,7900,79,INR,2026-08-14
SETTLEMENT_1998,M123,ref_txn_859,UTR657323394606,2305500,23055,INR,2026-07-09
SETTLEMENT_2,M123,ref_txn_676,UTR777136638214,5521300,55213,INR,2026-06-11
SETTLEMENT_200,M123,ref_txn_145,UTR788310412853,129000,1290,INR,2026-07-21
SETTLEMENT_2000,M123,ref_txn_2190,UTR301978733435,1232900,12329,INR,2026-07-07
SETTLEMENT_2001,M123,ref_txn_1181,UTR803919928752,1728700,17287,INR,2026-08-18
SETTLEMENT_2003,M123,ref_txn_1377,,2606300,26063,INR,2026-06-10
SETTLEMENT_2004,M123,ref_txn_742,UTR668932569398,362600,3626,INR,2026-08-20
SETTLEMENT_2005,M123,ref_txn_1937,,134900,1349,INR,2026-08-13
SETTLEMENT_2007,M123,ref_txn_1704,,4937000,49370,INR,2026-06-15
SETTLEMENT_2008,M123,ref_txn_1452,UTR143478963936,22700,227,INR,2026-08-05
SETTLEMENT_2009,M123,ref_txn_1191,,1608000,16080,INR,2026-07-15
SETTLEMENT_2010,M123,ref_txn_482,UTR619158216984,4600400,46004,INR,2026-06-26
SETTLEMENT_2012,M123,ref_txn_2324,UTR395543330441,1966300,19663,INR,2026-06-03
SETTLEMENT_2014,M123,ref_txn_2183,UTR219309632313,1024700,10247,INR,2026-08-12
SETTLEMENT_2015,M123,ref_txn_1012,UTR476736870744,3923800,39238,INR,2026-07-01
SETTLEMENT_2016,M123,ref_txn_1135,UTR788001140005,81700,817,INR,2026-06-29
SETTLEMENT_2017,M123,ref_txn_557,UTR528257138421,31400,314,INR,2026-07-17
SETTLEMENT_2018,M123,ref_txn_1650,UTR190662975985,2291700,22917,INR,2026-06-05
SETTLEMENT_2019,M123,ref_txn_69,UTR213831431233,1605400,16054,INR,2026-06-15
SETTLEMENT_2021,M123,ref_txn_591,UTR404732083874,1566200,15662,INR,2026-06-16
SETTLEMENT_2022,M123,ref_txn_1036,UTR818287137819,2064200,20642,INR,2026-08-27
SETTLEMENT_2023,M123,ref_txn_1673,UTR421690693387,424600,4246,INR,2026-07-27
SETTLEMENT_2024,M123,ref_txn_2357,UTR876848769563,3446000,34460,INR,2026-07-03
SETTLEMENT_2025,M123,ref_txn_2319,UTR580528087023,238300,2383,INR,2026-07-15
SETTLEMENT_2028,M123,ref_txn_1508,UTR489452549560,949100,9491,INR,2026-07-13
SETTLEMENT_2029,M123,ref_txn_472,UTR852061302446,3293400,32934,INR,2026-06-24
SETTLEMENT_2030,M123,ref_txn_153,UTR895289308987,446400,4464,INR,2026-08-10
SETTLEMENT_2031,M123,ref_txn_351,UTR636899538428,5919800,59198,INR,2026-06-17
SETTLEMENT_2032,M123,ref_txn_1182,UTR286362279566,1788400,17884,INR,2026-07-08
SETTLEMENT_2036,M123,ref_txn_2027,UTR281846937173,3446000,34460,INR,2026-07-20
SETTLEMENT_2037,M123,ref_txn_748,UTR835344707156,2380500,23805,INR,2026-08-20
SETTLEMENT_2039,M123,ref_txn_1970,UTR133317144586,5952000,59520,INR,2026-06-17
SETTLEMENT_204,M123,ref_txn_2273,UTR918049723871,607700,6077,INR,2026-06-10
SETTLEMENT_2040,M123,ref_txn_1637,UTR523280743281,2172400,21724,INR,2026-07-28
SETTLEMENT_2041,M123,ref_txn_569,UTR920940531708,2734500,27345,INR,2026-06-05
SETTLEMENT_2042,M123,ref_txn_1387,UTR367347935127,3037800,30378,INR,2026-07-23
SETTLEMENT_2044,M123,ref_txn_1815,,2305400,23054,INR,2026-06-03
SETTLEMENT_2046,M123,ref_txn_879,UTR149418171055,1497700,14977,INR,2026-07-16
SETTLEMENT_2047,M123,ref_txn_632,UTR553649890891,931200,9312,INR,2026-07-29
SETTLEMENT_2048,M123,ref_txn_1902,UTR367265447841,5943400,59434,INR,2026-06-24
SETTLEMENT_205,M123,ref_txn_694,UTR974740338171,227000,2270,INR,2026-07-14
SETTLEMENT_2051,M123,ref_txn_7,UTR995094078878,421100,4211,INR,2026-06-02
SETTLEMENT_2052,M123,ref_txn_2394,UTR815878961396,185800,1858,INR,2026-08-21
SETTLEMENT_2053,M123,ref_txn_2299,UTR515003236622,5597900,55979,INR,2026-06-15
SETTLEMENT_2054,M123,ref_txn_86,UTR602203159494,424600,4246,INR,2026-07-08
SETTLEMENT_2056,M123,ref_txn_699,UTR379805812354,75600,756,INR,2026-07-08
SETTLEMENT_2058,M123,ref_txn_105,UTR957654036206,786800,7868,INR,2026-08-14
SETTLEMENT_206,M123,ref_txn_2174,UTR383115339387,285900,2859,INR,2026-07-17
SETTLEMENT_2060,M123,ref_txn_489,UTR804681267877,3742900,37429,INR,2026-06-17
SETTLEMENT_2061,M123,ref_txn_2182,UTR355311350898,2365600,23656,INR,2026-05-29
SETTLEMENT_2063,M123,ref_txn_2301,UTR650501335172,1026600,10266,INR,2026-06-04
SETTLEMENT_2065,M123,ref_txn_2041,UTR323908315250,2603300,26033,INR,2026-08-10
SETTLEMENT_207,M123,ref_txn_578,,188800,1888,INR,2026-08-21
SETTLEMENT_2070,M123,ref_txn_1239,UTR285801537872,3446000,34460,INR,2026-07-08
SETTLEMENT_2073,M123,ref_txn_1095,UTR669128469380,1770400,17704,INR,2026-08-12
SETTLEMENT_2075,M123,ref_txn_2168,,2337500,23375,INR,2026-08-12
SETTLEMENT_2077,M123,ref_txn_687,UTR918228170350,977300,9773,INR,2026-06-24
SETTLEMENT_2078,M123,ref_txn_421,UTR730906284264,558600,5586,INR,2026-08-10
SETTLEMENT_2079,M123,ref_txn_2254,UTR451604496999,97900,979,INR,2026-06-08
SETTLEMENT_208,M123,ref_txn_2059,UTR490132246890,546900,5469,INR,2026-07-08
SETTLEMENT_2080,M123,ref_txn_2000,UTR323168364218,2504000,25040,INR,2026-08-25
SETTLEMENT_2081,M123,ref_txn_2274,UTR216180823923,1903700,19037,INR,2026-08-07
SETTLEMENT_2085,M123,ref_txn_1480,UTR506001505076,4142800,41428,INR,2026-06-24
SETTLEMENT_2086,M123,ref_txn_378,UTR196898898965,2002500,20025,INR,2026-07-15
SETTLEMENT_2087,M123,ref_txn_475,UTR520736306319,4718400,47184,INR,2026-06-17
SETTLEMENT_2088,M123,ref_txn_890,UTR353930329960,1128600,11286,INR,2026-07-15
SETTLEMENT_2089,M123,ref_txn_1866,UTR619379979124,380000,3800,INR,2026-06-22
SETTLEMENT_2090,M123,ref_txn_884,UTR277333332808,424600,4246,INR,2026-07-20
SETTLEMENT_2091,M123,ref_txn_24,UTR426445727409,30800,308,INR,2026-08-24
SETTLEMENT_2092,M123,ref_txn_403,UTR472620510458,233800,2338,INR,2026-08-17
SETTLEMENT_2093,M123,ref_txn_383,,424600,4246,INR,2026-07-24
SETTLEMENT_2095,M123,ref_txn_154,UTR361111558439,5209800,52098,INR,2026-06-29
SETTLEMENT_2096,M123,ref_txn_2140,UTR517495431869,5659200,56592,INR,2026-06-15
SETTLEMENT_2097,M123,ref_txn_59,UTR850322522976,4425400,44254,INR,2026-07-30
SETTLEMENT_2098,M123,ref_txn_2070,UTR162305737863,2723800,27238,INR,2026-07-20
SETTLEMENT_2099,M123,ref_txn_2090,UTR342774723210,39600,396,INR,2026-08-14
SETTLEMENT_21,M123,ref_txn_2068,UTR733778244899,3411800,34118,INR,2026-07-28
SETTLEMENT_210,M123,ref_txn_983,UTR584635222196,1950000,19500,INR,2026-07-01
SETTLEMENT_2100,M123,ref_txn_2293,UTR831398096546,637900,6379,INR,2026-07-08
SETTLEMENT_2101,M123,ref_txn_2035,UTR919713217270,2099800,20998,INR,2026-06-24
SETTLEMENT_2102,M123,ref_txn_2083,UTR239166522247,2834400,28344,INR,2026-07-29
SETTLEMENT_2103,M123,ref_txn_1812,UTR387197358866,109900,1099,INR,2026-07-15
SETTLEMENT_2104,M123,ref_txn_1699,UTR292937832704,291700,2917,INR,2026-07-29
SETTLEMENT_2105,M123,ref_txn_272,UTR996510937521,505500,5055,INR,2026-06-15
SETTLEMENT_2108,M123,ref_txn_1533,UTR950284841134,152200,1522,INR,2026-07-22
SETTLEMENT_2109,M123,ref_txn_397,UTR217087247483,2614600,26146,INR,2026-07-29
SETTLEMENT_2110,M123,ref_txn_1254,UTR269445807447,2130700,21307,INR,2026-07-30
SETTLEMENT_2111,M123,ref_txn_494,UTR898764459927,506500,5065,INR,2026-06-23
SETTLEMENT_2112,M123,ref_txn_531,UTR818389342757,376200,3762,INR,2026-06-15
SETTLEMENT_2113,M123,ref_txn_151,UTR412671594798,285900,2859,INR,2026-07-08
SETTLEMENT_2116,M123,ref_txn_1481,UTR311990227098,710000,7100,INR,2026-07-06
SETTLEMENT_2117,M123,ref_txn_1463,UTR409971232353,1254800,12548,INR,2026-08-05
SETTLEMENT_2119,M123,ref_txn_289,UTR396587647037,5005300,50053,INR,2026-06-10
SETTLEMENT_2120,M123,ref_txn_826,UTR982478594383,740100,7401,INR,2026-08-11
SETTLEMENT_2121,M123,ref_txn_45,UTR291685842884,1814700,18147,INR,2026-06-17
SETTLEMENT_2123,M123,ref_txn_934,UTR127654742919,1210600,12106,INR,2026-07-29
SETTLEMENT_2124,M123,ref_txn_299,UTR319676801177,3011200,30112,INR,2026-06-22
SETTLEMENT_2125,M123,ref_txn_2052,UTR549444402428,546900,5469,INR,2026-07-23
SETTLEMENT_2126,M123,ref_txn_966,UTR716106479903,3878500,38785,INR,2026-07-01
SETTLEMENT_2130,M123,ref_txn_1503,UTR651465796644,2066600,20666,INR,2026-06-04
SETTLEMENT_2131,M123,ref_txn_1828,UTR749188767753,96400,964,INR,2026-07-31
SETTLEMENT_2133,M123,ref_txn_2094,UTR349996210655,519800,5198,INR,2026-08-12
SETTLEMENT_2136,M123,ref_txn_2246,UTR911442014292,4078200,40782,INR,2026-06-17
SETTLEMENT_214,M123,ref_txn_297,UTR798485840840,3297000,32970,INR,2026-06-03
SETTLEMENT_2140,M123,ref_txn_466,UTR161940618713,5702400,57024,INR,2026-06-30
SETTLEMENT_2142,M123,ref_txn_1933,UTR124436517646,5004000,50040,INR,2026-06-25
SETTLEMENT_2143,M123,ref_txn_860,UTR188865009116,1033100,10331,INR,2026-08-19
SETTLEMENT_2145,M123,ref_txn_1936,UTR622874836608,2084300,20843,INR,2026-06-05
SETTLEMENT_2146,M123,ref_txn_1352,UTR990534048227,387300,3873,INR,2026-07-20
SETTLEMENT_215,M123,ref_txn_1667,UTR537005579070,5231700,52317,INR,2026-05-29
SETTLEMENT_2150,M123,ref_txn_1622,UTR814662452464,935400,9354,INR,2026-08-07
SETTLEMENT_2152,M123,ref_txn_1678,UTR781698436219,2897400,28974,INR,2026-08-26
SETTLEMENT_2154,M123,ref_txn_1641,,3184700,31847,INR,2026-05-29
SETTLEMENT_2155,M123,ref_txn_798,,3130500,31305,INR,2026-08-20
SETTLEMENT_2157,M123,ref_txn_1420,UTR389650869248,1792800,17928,INR,2026-06-22
SETTLEMENT_2158,M123,ref_txn_1405,UTR534407455886,3126100,31261,INR,2026-07-21
SETTLEMENT_2159,M123,ref_txn_1129,UTR713879128835,4165000,41650,INR,2026-06-24
SETTLEMENT_2160,M123,ref_txn_449,UTR102468061102,2675700,26757,INR,2026-08-12
SETTLEMENT_2161,M123,ref_txn_1538,UTR246720932454,446400,4464,INR,2026-08-12
SETTLEMENT_2162,M123,ref_txn_2098,UTR506369708658,5002300,50023,INR,2026-07-29
SETTLEMENT_2163,M123,ref_txn_1014,UTR958421251463,880500,8805,INR,2026-06-04
SETTLEMENT_2164,M123,ref_txn_320,UTR947950209092,550800,5508,INR,2026-07-15
SETTLEMENT_2165,M123,ref_txn_1822,UTR777800965667,2214300,22143,INR,2026-06-23
SETTLEMENT_2168,M123,ref_txn_1752,UTR657128836617,1283400,12834,INR,2026-05-28
SETTLEMENT_2170,M123,ref_txn_729,UTR171923408261,1120800,11208,INR,2026-07-22
SETTLEMENT_2171,M123,ref_txn_916,UTR474357937267,482400,4824,INR,2026-08-18
SETTLEMENT_2172,M123,ref_txn_619,UTR962027685636,1626000,16260,INR,2026-06-03
SETTLEMENT_2173,M123,ref_txn_1496,UTR297024503212,2652400,26524,INR,2026-06-24
SETTLEMENT_2175,M123,ref_txn_1346,UTR199888818026,5700,57,INR,2026-07-06
SETTLEMENT_2176,M123,ref_txn_1062,UTR722489521397,785300,7853,INR,2026-07-23
SETTLEMENT_2177,M123,ref_txn_751,UTR503994977126,1141300,11413,INR,2026-08-19
SETTLEMENT_2178,M123,ref_txn_1084,UTR314549341145,2271100,22711,INR,2026-07-03
SETTLEMENT_2180,M123,ref_txn_373,UTR124169662208,4325500,43255,INR,2026-06-09
SETTLEMENT_2181,M123,ref_txn_78,UTR363952384941,56700,567,INR,2026-07-08
SETTLEMENT_2182,M123,ref_txn_2181,UTR749285993665,2640500,26405,INR,2026-07-23
SETTLEMENT_2184,M123,ref_txn_1803,UTR743771038880,786800,7868,INR,2026-08-14
SETTLEMENT_2186,M123,ref_txn_332,UTR274873186981,1453400,14534,INR,2026-06-24
SETTLEMENT_2188,M123,ref_txn_1369,UTR661948324082,4372500,43725,INR,2026-06-17
SETTLEMENT_2189,M123,ref_txn_1343,UTR631051806871,5002800,50028,INR,2026-06-11
SETTLEMENT_219,M123,ref_txn_1064,UTR745577881739,2815300,28153,INR,2026-07-27
SETTLEMENT_2190,M123,ref_txn_1764,UTR999390572867,1435300,14353,INR,2026-08-24
SETTLEMENT_2191,M123,ref_txn_2275,UTR275040407947,3186300,31863,INR,2026-07-01
SETTLEMENT_2194,M123,ref_txn_1037,UTR776709271329,318000,3180,INR,2026-07-09
SETTLEMENT_2196,M123,ref_txn_2224,UTR524783640880,696200,6962,INR,2026-05-29
SETTLEMENT_2197,M123,ref_txn_1831,UTR210901601770,785300,7853,INR,2026-07-16
SETTLEMENT_2198,M123,ref_txn_577,UTR152442491459,605200,6052,INR,2026-07-29
SETTLEMENT_2200,M123,ref_txn_171,UTR731334705037,463600,4636,INR,2026-07-27
SETTLEMENT_2201,M123,ref_txn_1628,UTR372365577676,684000,6840,INR,2026-07-15
SETTLEMENT_2204,M123,ref_txn_2248,UTR816022670001,30800,308,INR,2026-08-07
SETTLEMENT_2206,M123,ref_txn_573,UTR489223869861,2945500,29455,INR,2026-08-25
SETTLEMENT_2207,M123,ref_txn_357,UTR119094918045,672700,6727,INR,2026-08-05
SETTLEMENT_2208,M123,ref_txn_1504,UTR933708323053,226900,2269,INR,2026-07-16
SETTLEMENT_2211,M123,ref_txn_394,UTR482006873593,5143800,51438,INR,2026-07-29
SETTLEMENT_2212,M123,ref_txn_747,UTR222288749444,3110200,31102,INR,2026-06-10
SETTLEMENT_2213,M123,ref_txn_435,UTR392601434155,198300,1983,INR,2026-06-09
SETTLEMENT_2215,M123,ref_txn_2047,UTR328453524449,4858800,48588,INR,2026-06-26
SETTLEMENT_2216,M123,ref_txn_184,UTR302719267634,285900,2859,INR,2026-07-20
SETTLEMENT_2217,M123,ref_txn_758,UTR490919894247,621900,6219,INR,2026-07-20
SETTLEMENT_2218,M123,ref_txn_2260,UTR507815073630,1095900,10959,INR,2026-06-24
SETTLEMENT_2219,M123,ref_txn_1956,UTR675390074522,143400,1434,INR,2026-08-05
SETTLEMENT_222,M123,ref_txn_2325,UTR471052041153,1965100,19651,INR,2026-06-01
SETTLEMENT_2221,M123,ref_txn_1303,UTR758303823468,1120800,11208,INR,2026-07-03
SETTLEMENT_2222,M123,ref_txn_697,UTR907228015371,36200,362,INR,2026-07-06
SETTLEMENT_2225,M123,ref_txn_2058,UTR631686475006,1096900,10969,INR,2026-08-12
SETTLEMENT_2227,M123,ref_txn_935,UTR962016407316,5995100,59951,INR,2026-06-08
SETTLEMENT_223,M123,ref_txn_1235,UTR107026036578,209100,2091,INR,2026-08-26
SETTLEMENT_2230,M123,ref_txn_1963,UTR855394510536,2804200,28042,INR,2026-06-03
SETTLEMENT_2231,M123,ref_txn_1686,UTR182355199879,1109400,11094,INR,2026-06-03
SETTLEMENT_2232,M123,ref_txn_2025,UTR807011601691,1449000,14490,INR,2026-08-07
SETTLEMENT_2233,M123,ref_txn_117,UTR310975638103,3937100,39371,INR,2026-06-09
SETTLEMENT_2234,M123,ref_txn_533,UTR547451281488,1256900,12569,INR,2026-07-15
SETTLEMENT_2235,M123,ref_txn_186,UTR823610512438,5840400,58404,INR,2026-06-15
SETTLEMENT_2236,M123,ref_txn_688,UTR173821698071,5692500,56925,INR,2026-06-10
SETTLEMENT_2237,M123,ref_txn_191,UTR289992836118,15800,158,INR,2026-08-24
SETTLEMENT_2238,M123,ref_txn_1531,UTR915469742647,5000700,50007,INR,2026-06-26
SETTLEMENT_2239,M123,ref_txn_431,UTR151306336552,2911400,29114,INR,2026-07-27
SETTLEMENT_224,M123,ref_txn_1238,UTR614355066935,550800,5508,INR,2026-07-20
SETTLEMENT_2243,M123,ref_txn_1188,UTR110499381106,269800,2698,INR,2026-07-08
SETTLEMENT_2245,M123,ref_txn_509,UTR891399258968,831700,8317,INR,2026-07-03
SETTLEMENT_2246,M123,ref_txn_2249,UTR968320999108,1683500,16835,INR,2026-07-22
SETTLEMENT_2247,M123,ref_txn_1093,UTR184401546835,16700,167,INR,2026-07-22
SETTLEMENT_2248,M123,ref_txn_1400,UTR791753521927,2201100,22011,INR,2026-08-13
SETTLEMENT_2249,M123,ref_txn_433,UTR330711754554,3249100,32491,INR,2026-06-01
SETTLEMENT_2251,M123,ref_txn_1817,UTR119010826556,872000,8720,INR,2026-06-03
SETTLEMENT_2252,M123,ref_txn_772,UTR242947677121,997400,9974,INR,2026-06-17
SETTLEMENT_2253,M123,ref_txn_1935,UTR899656882928,1855000,18550,INR,2026-06-29
SETTLEMENT_2254,M123,ref_txn_1840,UTR185192690975,346800,3468,INR,2026-08-17
SETTLEMENT_2255,M123,ref_txn_2243,UTR722549976924,1499200,14992,INR,2026-08-07
SETTLEMENT_2256,M123,ref_txn_1981,UTR183776100693,5773600,57736,INR,2026-06-17
SETTLEMENT_2259,M123,ref_txn_106,UTR983918984436,5918500,59185,INR,2026-07-01
SETTLEMENT_226,M123,ref_txn_214,UTR274995825659,292200,2922,INR,2026-08-19
SETTLEMENT_2261,M123,ref_txn_794,UTR111933683184,21900,219,INR,2026-08-24
SETTLEMENT_2262,M123,ref_txn_2073,UTR865662915245,36200,362,INR,2026-07-21
SETTLEMENT_2265,M123,ref_txn_2112,UTR794967287154,3695600,36956,INR,2026-06-17
SETTLEMENT_2266,M123,ref_txn_1046,UTR972311739290,2645800,26458,INR,2026-07-08
SETTLEMENT_2267,M123,ref_txn_762,UTR131373380010,2440300,24403,INR,2026-07-22
SETTLEMENT_2268,M123,ref_txn_1213,UTR861065059388,3088400,30884,INR,2026-06-18
SETTLEMENT_2269,M123,ref_txn_1768,UTR686429454017,4290700,42907,INR,2026-06-03
SETTLEMENT_227,M123,ref_txn_11,,129800,1298,INR,2026-07-16
SETTLEMENT_2270,M123,ref_txn_672,UTR755861596199,48300,483,INR,2026-08-05
SETTLEMENT_2271,M123,ref_txn_1552,UTR554550841497,482400,4824,INR,2026-08-19
SETTLEMENT_2272,M123,ref_txn_2069,,3522700,35227,INR,2026-08-06
SETTLEMENT_2274,M123,ref_txn_565,UTR685684741586,1948000,19480,INR,2026-08-17
SETTLEMENT_2277,M123,ref_txn_1670,UTR581695599512,8200,82,INR,2026-07-27
SETTLEMENT_2279,M123,ref_txn_1457,UTR476676515851,1815400,18154,INR,2026-06-10
SETTLEMENT_228,M123,ref_txn_1990,UTR137396857421,285900,2859,INR,2026-07-13
SETTLEMENT_2280,M123,ref_txn_240,UTR168136710351,643300,6433,INR,2026-06-11
SETTLEMENT_2281,M123,ref_txn_1042,UTR613146177255,3465200,34652,INR,2026-08-11
SETTLEMENT_2282,M123,ref_txn_2034,UTR332680515807,2723800,27238,INR,2026-07-10
SETTLEMENT_2283,M123,ref_txn_990,UTR459861670494,591100,5911,INR,2026-07-16
SETTLEMENT_2285,M123,ref_txn_1174,,93800,938,INR,2026-07-08
SETTLEMENT_2286,M123,ref_txn_1762,UTR653417747968,4058100,40581,INR,2026-06-24
SETTLEMENT_2287,M123,ref_txn_2268,UTR198555669030,4585300,45853,INR,2026-07-28
SETTLEMENT_2288,M123,ref_txn_347,,2305500,23055,INR,2026-07-15
SETTLEMENT_2290,M123,ref_txn_1852,UTR248375688720,63100,631,INR,2026-08-06
SETTLEMENT_2291,M123,ref_txn_1178,,756200,7562,INR,2026-07-27
SETTLEMENT_2292,M123,ref_txn_951,UTR251286755302,2746100,27461,INR,2026-06-24
SETTLEMENT_2296,M123,ref_txn_1500,,108400,1084,INR,2026-08-12
SETTLEMENT_2297,M123,ref_txn_2076,UTR175675244061,1372100,13721,INR,2026-08-26
SETTLEMENT_2298,M123,ref_txn_360,UTR108538200726,3782500,37825,INR,2026-06-10
SETTLEMENT_23,M123,ref_txn_2252,UTR764361308567,207400,2074,INR,2026-06-24
SETTLEMENT_230,M123,ref_txn_2014,UTR835233039515,129800,1298,INR,2026-07-08
SETTLEMENT_2300,M123,ref_txn_1713,UTR290313161145,5930500,59305,INR,2026-06-10
SETTLEMENT_2302,M123,ref_txn_1171,UTR738873528295,1271400,12714,INR,2026-08-24
SETTLEMENT_2303,M123,ref_txn_2170,UTR783957105740,2441500,24415,INR,2026-07-28
SETTLEMENT_2305,M123,ref_txn_2030,UTR229560233427,5769400,57694,INR,2026-06-17
SETTLEMENT_2307,M123,ref_txn_1253,UTR675100229584,1330100,13301,INR,2026-06-30
SETTLEMENT_2308,M123,ref_txn_1826,UTR279881551810,1884900,18849,INR,2026-07-29
SETTLEMENT_231,M123,ref_txn_1150,UTR518539888206,426700,4267,INR,2026-07-07
SETTLEMENT_2310,M123,ref_txn_2292,UTR492778139142,436700,4367,INR,2026-07-30
SETTLEMENT_2312,M123,ref_txn_778,UTR558257190867,1108600,11086,INR,2026-05-28
SETTLEMENT_2314,M123,ref_txn_524,,4867000,48670,INR,2026-06-03
SETTLEMENT_2315,M123,ref_txn_321,UTR845626010374,3231000,32310,INR,2026-07-20
SETTLEMENT_2316,M123,ref_txn_1410,UTR320687000564,2055700,20557,INR,2026-07-01
SETTLEMENT_2317,M123,ref_txn_1057,UTR338509407244,85700,857,INR,2026-07-08
SETTLEMENT_2318,M123,ref_txn_1912,UTR881715359272,2662200,26622,INR,2026-06-02
SETTLEMENT_2319,M123,ref_txn_228,UTR532865192113,5255500,52555,INR,2026-06-09
SETTLEMENT_232,M123,ref_txn_534,,4799300,47993,INR,2026-07-29
SETTLEMENT_2320,M123,ref_txn_2369,UTR601910534304,1562400,15624,INR,2026-08-05
SETTLEMENT_2326,M123,ref_txn_1707,UTR916581229900,2781500,27815,INR,2026-06-04
SETTLEMENT_2328,M123,ref_txn_1016,,3981100,39811,INR,2026-06-25
SETTLEMENT_2329,M123,ref_txn_2152,,36200,362,INR,2026-07-23
SETTLEMENT_2330,M123,ref_txn_786,UTR183799259464,2296900,22969,INR,2026-06-16
SETTLEMENT_2333,M123,ref_txn_1445,UTR939648136293,4013900,40139,INR,2026-07-08
SETTLEMENT_2337,M123,ref_txn_559,UTR421894146373,5913400,59134,INR,2026-07-29
SETTLEMENT_2338,M123,ref_txn_1796,UTR112865310059,1256600,12566,INR,2026-06-19
SETTLEMENT_2339,M123,ref_txn_768,UTR482225201026,4141700,41417,INR,2026-06-10
SETTLEMENT_234,M123,ref_txn_182,UTR517201284196,34100,341,INR,2026-07-13
SETTLEMENT_2340,M123,ref_txn_1284,UTR244565990477,30400,304,INR,2026-08-20
SETTLEMENT_2341,M123,ref_txn_757,UTR830199135994,460100,4601,INR,2026-06-10
SETTLEMENT_2346,M123,ref_txn_702,UTR763552262519,4103900,41039,INR,2026-07-29
SETTLEMENT_2347,M123,ref_txn_2397,,5528900,55289,INR,2026-07-31
SETTLEMENT_2348,M123,ref_txn_29,UTR421843513958,259100,2591,INR,2026-07-01
SETTLEMENT_2352,M123,ref_txn_2241,UTR299920258599,2533100,25331,INR,2026-07-22
SETTLEMENT_2353,M123,ref_txn_701,UTR667430885007,5073600,50736,INR,2026-06-22
SETTLEMENT_2355,M123,ref_txn_806,UTR785158185614,1799800,17998,INR,2026-08-26
SETTLEMENT_236,M123,ref_txn_1379,UTR678356850466,5762200,57622,INR,2026-06-17
SETTLEMENT_2360,M123,ref_txn_1777,,935400,9354,INR,2026-08-18
SETTLEMENT_2361,M123,ref_txn_282,UTR733909576662,4933600,49336,INR,2026-06-22
SETTLEMENT_2362,M123,ref_txn_1560,UTR877251778208,427500,4275,INR,2026-07-08
SETTLEMENT_2363,M123,ref_txn_1058,UTR603204292325,5795100,57951,INR,2026-06-24
SETTLEMENT_2366,M123,ref_txn_718,UTR740862361643,2723800,27238,INR,2026-07-13
SETTLEMENT_2368,M123,ref_txn_307,UTR718845066836,776400,7764,INR,2026-06-19
SETTLEMENT_2369,M123,ref_txn_741,UTR501470846104,838200,8382,INR,2026-07-08
SETTLEMENT_2372,M123,ref_txn_1158,UTR811838040927,734100,7341,INR,2026-07-08
SETTLEMENT_2373,M123,ref_txn_1711,,5408200,54082,INR,2026-07-30
SETTLEMENT_2374,M123,ref_txn_1519,UTR826357697447,143400,1434,INR,2026-08-07
SETTLEMENT_2376,M123,ref_txn_1055,UTR237102241999,8500,85,INR,2026-07-20
SETTLEMENT_2378,M123,ref_txn_229,UTR220612268267,26700,267,INR,2026-07-09
SETTLEMENT_2383,M123,ref_txn_1576,UTR851488600711,3556100,35561,INR,2026-07-21
SETTLEMENT_2385,M123,ref_txn_2335,UTR111457196449,3556100,35561,INR,2026-07-08
SETTLEMENT_2386,M123,ref_txn_1044,UTR975070087781,4474600,44746,INR,2026-06-22
SETTLEMENT_2387,M123,ref_txn_1657,UTR893264473912,640100,6401,INR,2026-07-06
SETTLEMENT_2388,M123,ref_txn_1385,UTR656340874519,2667900,26679,INR,2026-06-17
SETTLEMENT_2389,M123,ref_txn_1996,UTR174748639547,4577800,45778,INR,2026-06-11
SETTLEMENT_2390,M123,ref_txn_1832,UTR580759218417,325000,3250,INR,2026-06-23
SETTLEMENT_2391,M123,ref_txn_1968,UTR822804794435,2359100,23591,INR,2026-07-07
SETTLEMENT_2393,M123,ref_txn_876,UTR848345090282,4498200,44982,INR,2026-07-29
SETTLEMENT_2395,M123,ref_txn_135,UTR785024901777,427500,4275,INR,2026-07-23
SETTLEMENT_2397,M123,ref_txn_1272,UTR344113986747,5591000,55910,INR,2026-05-29
SETTLEMENT_2398,M123,ref_txn_1019,UTR926745027673,2167800,21678,INR,2026-06-24
SETTLEMENT_24,M123,ref_txn_438,UTR930309114002,4592300,45923,INR,2026-07-30
SETTLEMENT_240,M123,ref_txn_2123,UTR598283175176,1070600,10706,INR,2026-06-10
SETTLEMENT_2400,M123,ref_txn_379,UTR232533268305,4455300,44553,INR,2026-06-03
SETTLEMENT_241,M123,ref_txn_928,UTR220093467840,5586000,55860,INR,2026-07-30
SETTLEMENT_242,M123,ref_txn_799,UTR132969996924,737700,7377,INR,2026-07-07
SETTLEMENT_243,M123,ref_txn_930,UTR483889487640,2463100,24631,INR,2026-08-18
SETTLEMENT_245,M123,ref_txn_1982,UTR687026399597,269800,2698,INR,2026-07-10
SETTLEMENT_246,M123,ref_txn_444,UTR718668025286,217100,2171,INR,2026-06-04
SETTLEMENT_247,M123,ref_txn_1169,UTR530538100523,2694400,26944,INR,2026-06-30
SETTLEMENT_249,M123,ref_txn_1322,UTR972491305037,2463100,24631,INR,2026-08-10
SETTLEMENT_250,M123,ref_txn_1653,UTR671044708261,5591000,55910,INR,2026-06-24
SETTLEMENT_252,M123,ref_txn_1593,UTR844615448794,170100,1701,INR,2026-07-08
SETTLEMENT_253,M123,ref_txn_2191,,213500,2135,INR,2026-08-07
SETTLEMENT_255,M123,ref_txn_212,UTR723769114180,2035400,20354,INR,2026-07-01
SETTLEMENT_258,M123,ref_txn_1393,UTR492354307922,1251000,12510,INR,2026-06-12
SETTLEMENT_259,M123,ref_txn_1148,UTR122619955877,463600,4636,INR,2026-07-16
SETTLEMENT_260,M123,ref_txn_1601,UTR488361073404,2832300,28323,INR,2026-06-17
SETTLEMENT_261,M123,ref_txn_754,UTR645613747779,3142600,31426,INR,2026-06-15
SETTLEMENT_262,M123,ref_txn_1021,UTR120985879779,1988600,19886,INR,2026-07-07
SETTLEMENT_264,M123,ref_txn_1966,UTR947481413490,3872000,38720,INR,2026-05-29
SETTLEMENT_265,M123,ref_txn_1642,UTR463928962358,461900,4619,INR,2026-08-19
SETTLEMENT_266,M123,ref_txn_1782,UTR851120766864,7900,79,INR,2026-07-16
SETTLEMENT_267,M123,ref_txn_2255,UTR139073233305,5623100,56231,INR,2026-06-08
SETTLEMENT_268,M123,ref_txn_2305,UTR447035560732,3931200,39312,INR,2026-06-01
SETTLEMENT_269,M123,ref_txn_70,,2734600,27346,INR,2026-07-08
SETTLEMENT_27,M123,ref_txn_2142,UTR762573748756,870000,8700,INR,2026-08-13
SETTLEMENT_270,M123,ref_txn_1624,UTR707586790614,2558500,25585,INR,2026-07-15
SETTLEMENT_271,M123,ref_txn_1834,UTR125916012061,284500,2845,INR,2026-08-12
SETTLEMENT_272,M123,ref_txn_669,UTR204348022410,4133900,41339,INR,2026-06-17
SETTLEMENT_274,M123,ref_txn_599,UTR712999524219,242700,2427,INR,2026-07-07
SETTLEMENT_275,M123,ref_txn_1443,UTR936140809836,141400,1414,INR,2026-06-10
SETTLEMENT_276,M123,ref_txn_932,UTR309572491644,1296700,12967,INR,2026-07-08
SETTLEMENT_278,M123,ref_txn_2144,UTR468130337704,5294500,52945,INR,2026-06-23
SETTLEMENT_281,M123,ref_txn_874,UTR860360936429,102300,1023,INR,2026-08-17
SETTLEMENT_282,M123,ref_txn_600,UTR194261558739,5700,57,INR,2026-08-21
SETTLEMENT_285,M123,ref_txn_1157,UTR866472152337,1634800,16348,INR,2026-07-01
SETTLEMENT_289,M123,ref_txn_89,UTR314659277149,987800,9878,INR,2026-08-10
SETTLEMENT_29,M123,ref_txn_504,UTR446552053070,4825300,48253,INR,2026-06-17
SETTLEMENT_290,M123,ref_txn_1895,UTR184869290127,3556100,35561,INR,2026-07-08
SETTLEMENT_291,M123,ref_txn_922,UTR471407672000,2383500,23835,INR,2026-07-29
SETTLEMENT_293,M123,ref_txn_746,,4925700,49257,INR,2026-07-31
SETTLEMENT_294,M123,ref_txn_597,UTR409349151980,351800,3518,INR,2026-07-20
SETTLEMENT_295,M123,ref_txn_1236,UTR430782022769,1257700,12577,INR,2026-06-08
SETTLEMENT_296,M123,ref_txn_1399,UTR239281934457,4228300,42283,INR,2026-06-10
SETTLEMENT_298,M123,ref_txn_1404,UTR326149553584,5700,57,INR,2026-08-19
SETTLEMENT_299,M123,ref_txn_1373,UTR548192271110,1252000,12520,INR,2026-07-30
SETTLEMENT_3,M123,ref_txn_636,UTR232576325087,40200,402,INR,2026-08-13
SETTLEMENT_30,M123,ref_txn_1616,,8500,85,INR,2026-07-15
SETTLEMENT_302,M123,ref_txn_1585,UTR825466504082,731600,7316,INR,2026-07-23
SETTLEMENT_303,M123,ref_txn_2007,UTR514738231675,3119300,31193,INR,2026-06-22
SETTLEMENT_304,M123,ref_txn_219,UTR457029610399,3210100,32101,INR,2026-06-03
SETTLEMENT_305,M123,ref_txn_1035,UTR249186428253,1128600,11286,INR,2026-07-24
SETTLEMENT_307,M123,ref_txn_1417,UTR350085545355,1639800,16398,INR,2026-07-22
SETTLEMENT_308,M123,ref_txn_2306,UTR235173535071,387300,3873,INR,2026-07-08
SETTLEMENT_309,M123,ref_txn_361,UTR313213460983,5935900,59359,INR,2026-06-25
SETTLEMENT_31,M123,ref_txn_2219,UTR394092551922,296400,2964,INR,2026-07-22
SETTLEMENT_312,M123,ref_txn_587,UTR403735228688,3128600,31286,INR,2026-07-01
SETTLEMENT_313,M123,ref_txn_2332,UTR789733730959,598500,5985,INR,2026-06-22
SETTLEMENT_315,M123,ref_txn_1167,UTR407706390719,1988600,19886,INR,2026-08-19
SETTLEMENT_316,M123,ref_txn_2009,UTR419444981796,1333100,13331,INR,2026-06-17
SETTLEMENT_318,M123,,,731100,7311,INR,2026-08-12
SETTLEMENT_319,M123,ref_txn_2080,UTR670596672314,217000,2170,INR,2026-07-17
SETTLEMENT_32,M123,ref_txn_2300,UTR642040369994,5853100,58531,INR,2026-07-29
SETTLEMENT_320,M123,ref_txn_1045,UTR629732153494,3108600,31086,INR,2026-06-22
SETTLEMENT_321,M123,ref_txn_471,UTR185713060010,174900,1749,INR,2026-07-07
SETTLEMENT_323,M123,ref_txn_1168,UTR812025678004,1967800,19678,INR,2026-06-04
SETTLEMENT_324,M123,ref_txn_2352,UTR447067864200,5981000,59810,INR,2026-06-16
SETTLEMENT_325,M123,ref_txn_380,UTR864324181290,2393800,23938,INR,2026-07-01
SETTLEMENT_327,M123,ref_txn_202,UTR649784150721,233800,2338,INR,2026-08-19
SETTLEMENT_328,M123,ref_txn_667,UTR764876772838,5226600,52266,INR,2026-06-24
SETTLEMENT_329,M123,ref_txn_2141,UTR660463079055,2824800,28248,INR,2026-07-13
SETTLEMENT_332,M123,ref_txn_2146,UTR125143648433,971700,9717,INR,2026-08-19
SETTLEMENT_333,M123,ref_txn_203,UTR955584117678,2690700,26907,INR,2026-06-17
SETTLEMENT_334,M123,ref_txn_2051,UTR758017362111,734100,7341,INR,2026-07-15
SETTLEMENT_336,M123,ref_txn_1773,UTR356342187915,4750300,47503,INR,2026-07-29
SETTLEMENT_337,M123,ref_txn_2378,UTR427811800694,1176300,11763,INR,2026-06-23
SETTLEMENT_340,M123,ref_txn_1471,UTR111118027402,2253700,22537,INR,2026-06-15
SETTLEMENT_341,M123,ref_txn_656,UTR935372750134,2886500,28865,INR,2026-06-18
SETTLEMENT_342,M123,ref_txn_785,UTR777760243893,1376700,13767,INR,2026-06-18
SETTLEMENT_344,M123,ref_txn_892,UTR331130934104,5180500,51805,INR,2026-08-03
SETTLEMENT_346,M123,ref_txn_1973,UTR539866130359,1534400,15344,INR,2026-07-16
SETTLEMENT_348,M123,ref_txn_116,UTR323904256387,1211800,12118,INR,2026-08-12
SETTLEMENT_351,M123,ref_txn_2056,UTR174156936793,3222400,32224,INR,2026-07-31
SETTLEMENT_352,M123,ref_txn_1541,UTR122324194131,112400,1124,INR,2026-07-30
SETTLEMENT_354,M123,ref_txn_1225,UTR189878899127,373000,3730,INR,2026-07-29
SETTLEMENT_355,M123,ref_txn_215,UTR166972181707,504400,5044,INR,2026-07-08
SETTLEMENT_356,M123,ref_txn_946,UTR176995658533,4741700,47417,INR,2026-08-03
SETTLEMENT_357,M123,ref_txn_895,UTR121145883872,3896900,38969,INR,2026-07-17
SETTLEMENT_359,M123,ref_txn_1687,,3182800,31828,INR,2026-06-17
SETTLEMENT_361,M123,ref_txn_1967,UTR740319572894,4868700,48687,INR,2026-06-12
SETTLEMENT_362,M123,ref_txn_445,UTR684794914950,2676300,26763,INR,2026-08-20
SETTLEMENT_363,M123,ref_txn_2093,UTR437770863866,102600,1026,INR,2026-08-19
SETTLEMENT_364,M123,ref_txn_1214,UTR430934340439,2797300,27973,INR,2026-06-03
SETTLEMENT_365,M123,ref_txn_2210,UTR998317657789,1848500,18485,INR,2026-07-21
SETTLEMENT_367,M123,ref_txn_2316,UTR697718297440,2533100,25331,INR,2026-07-09
SETTLEMENT_368,M123,ref_txn_2015,UTR950621947062,1310700,13107,INR,2026-08-05
SETTLEMENT_37,M123,ref_txn_140,UTR752819496488,25800,258,INR,2026-08-07
SETTLEMENT_372,M123,ref_txn_1876,UTR340260212139,4868000,48680,INR,2026-06-17
SETTLEMENT_373,M123,ref_txn_1296,,4652900,46529,INR,2026-06-03
SETTLEMENT_374,M123,ref_txn_1492,UTR410416960072,5794000,57940,INR,2026-06-18
SETTLEMENT_376,M123,ref_txn_204,UTR221497789523,5217200,52172,INR,2026-06-10
SETTLEMENT_377,M123,ref_txn_927,UTR613793616066,273500,2735,INR,2026-07-01
SETTLEMENT_378,M123,ref_txn_1166,UTR266382597355,2860800,28608,INR,2026-08-06
SETTLEMENT_382,M123,ref_txn_1841,UTR452739374831,4633700,46337,INR,2026-07-31
SETTLEMENT_385,M123,ref_txn_98,UTR151091154971,2192000,21920,INR,2026-06-03
SETTLEMENT_387,M123,ref_txn_1949,UTR742633891963,2071500,20715,INR,2026-06-24
SETTLEMENT_388,M123,ref_txn_1444,UTR701911162772,1615700,16157,INR,2026-07-29
SETTLEMENT_389,M123,ref_txn_545,UTR668068514787,3126100,31261,INR,2026-07-15
SETTLEMENT_39,M123,ref_txn_2078,UTR357860845884,175800,1758,INR,2026-07-09
SETTLEMENT_390,M123,ref_txn_201,UTR609504749754,3637500,36375,INR,2026-06-10
SETTLEMENT_391,M123,ref_txn_1652,UTR886373971059,91700,917,INR,2026-07-22
SETTLEMENT_392,M123,ref_txn_1204,UTR523094128946,5708300,57083,INR,2026-06-03
SETTLEMENT_394,M123,ref_txn_2218,UTR592789627535,259900,2599,INR,2026-08-13
SETTLEMENT_395,M123,ref_txn_218,UTR712821060407,5003800,50038,INR,2026-07-31
SETTLEMENT_397,M123,ref_txn_1314,UTR827219163675,2137500,21375,INR,2026-06-17
SETTLEMENT_398,M123,ref_txn_196,UTR363907131299,1914500,19145,INR,2026-08-25
SETTLEMENT_399,M123,ref_txn_1846,UTR652486549783,1120800,11208,INR,2026-07-08
SETTLEMENT_4,M123,ref_txn_1875,,5222100,52221,INR,2026-06-04
SETTLEMENT_40,M123,ref_txn_1211,UTR432227000554,1691500,16915,INR,2026-06-10
SETTLEMENT_400,M123,ref_txn_2145,UTR558629676294,5687300,56873,INR,2026-06-24
SETTLEMENT_401,M123,ref_txn_1002,UTR766477715598,789100,7891,INR,2026-07-09
SETTLEMENT_402,M123,ref_txn_873,UTR367699661540,1769100,17691,INR,2026-06-17
SETTLEMENT_405,M123,ref_txn_2384,UTR708489000034,1497700,14977,INR,2026-07-23
SETTLEMENT_406,M123,ref_txn_972,UTR448444264550,4633300,46333,INR,2026-06-23
SETTLEMENT_408,M123,ref_txn_2313,UTR836134617514,3896900,38969,INR,2026-07-03
SETTLEMENT_409,M123,ref_txn_1776,UTR967472185318,3781600,37816,INR,2026-07-14
SETTLEMENT_41,M123,ref_txn_1340,UTR299445471138,11600,116,INR,2026-07-21
SETTLEMENT_410,M123,ref_txn_1857,UTR839077764457,4808200,48082,INR,2026-07-29
SETTLEMENT_411,M123,ref_txn_1465,UTR949995947219,450600,4506,INR,2026-06-26
SETTLEMENT_415,M123,ref_txn_1276,UTR755468347609,3647200,36472,INR,2026-06-30
SETTLEMENT_417,M123,ref_txn_67,UTR692905200466,3088400,30884,INR,2026-06-29
SETTLEMENT_418,M123,ref_txn_1403,UTR453402596495,3231000,32310,INR,2026-07-08
SETTLEMENT_42,M123,ref_txn_2326,,2697000,26970,INR,2026-06-25
SETTLEMENT_420,M123,ref_txn_1520,UTR749993847211,3110500,31105,INR,2026-06-01
SETTLEMENT_421,M123,ref_txn_1697,UTR920368317148,5961400,59614,INR,2026-06-24
SETTLEMENT_422,M123,ref_txn_190,UTR427237866819,975900,9759,INR,2026-08-10
SETTLEMENT_423,M123,ref_txn_552,UTR579757242053,5475400,54754,INR,2026-06-22
SETTLEMENT_424,M123,ref_txn_99,UTR743302405721,1837900,18379,INR,2026-06-03
SETTLEMENT_425,M123,ref_txn_273,,5643000,56430,INR,2026-06-15
SETTLEMENT_428,M123,ref_txn_1464,UTR847155112232,2854400,28544,INR,2026-08-07
SETTLEMENT_429,M123,ref_txn_1619,UTR540536887899,2764600,27646,INR,2026-08-12
SETTLEMENT_43,M123,ref_txn_1282,UTR991939596106,1033100,10331,INR,2026-08-14
SETTLEMENT_430,M123,ref_txn_1381,UTR337923578725,1296700,12967,INR,2026-07-10
SETTLEMENT_431,M123,ref_txn_1813,UTR612532576828,21900,219,INR,2026-08-05
SETTLEMENT_433,M123,ref_txn_1570,UTR209102925196,1236000,12360,INR,2026-06-03
SETTLEMENT_434,M123,ref_txn_1692,UTR126007558345,2300400,23004,INR,2026-06-15
SETTLEMENT_436,M123,ref_txn_710,UTR707411990377,2278900,22789,INR,2026-08-18
SETTLEMENT_437,M123,ref_txn_1202,UTR592570469897,33300,333,INR,2026-08-05
SETTLEMENT_438,M123,ref_txn_1462,UTR870815923798,4057000,40570,INR,2026-07-29
SETTLEMENT_439,M123,ref_txn_588,UTR142034500757,418500,4185,INR,2026-08-24
SETTLEMENT_44,M123,ref_txn_2231,UTR527456859145,5613800,56138,INR,2026-06-11
SETTLEMENT_440,M123,ref_txn_635,UTR438739517808,47500,475,INR,2026-07-22
SETTLEMENT_441,M123,ref_txn_1232,UTR560024735712,5755300,57553,INR,2026-06-23
SETTLEMENT_443,M123,ref_txn_1067,UTR316792923029,483700,4837,INR,2026-06-24
SETTLEMENT_444,M123,ref_txn_500,UTR496228295721,1271400,12714,INR,2026-08-11
SETTLEMENT_445,M123,ref_txn_1121,UTR512460070415,2472700,24727,INR,2026-07-08
SETTLEMENT_446,M123,ref_txn_2225,UTR834623268448,3174900,31749,INR,2026-08-12
SETTLEMENT_447,M123,ref_txn_580,UTR537290091677,3715400,37154,INR,2026-06-03
SETTLEMENT_448,M123,ref_txn_244,UTR919128813986,4413000,44130,INR,2026-06-30
SETTLEMENT_449,M123,ref_txn_713,UTR684639769190,2002500,20025,INR,2026-07-24
SETTLEMENT_45,M123,ref_txn_285,UTR975246934742,2988500,29885,INR,2026-08-25
SETTLEMENT_451,M123,ref_txn_1958,UTR939414972970,1646500,16465,INR,2026-06-12
SETTLEMENT_452,M123,ref_txn_1156,UTR704735062017,378600,3786,INR,2026-08-11
SETTLEMENT_454,M123,ref_txn_845,UTR118538815076,185800,1858,INR,2026-08-17
SETTLEMENT_458,M123,ref_txn_1718,UTR364947667345,3303000,33030,INR,2026-06-10
SETTLEMENT_459,M123,ref_txn_2205,UTR499709887645,637000,6370,INR,2026-07-27
SETTLEMENT_46,M123,ref_txn_1835,UTR645502426844,70400,704,INR,2026-07-22
SETTLEMENT_460,M123,ref_txn_340,UTR580653437281,5869900,58699,INR,2026-06-03
SETTLEMENT_461,M123,ref_txn_1153,UTR440185792413,163200,1632,INR,2026-07-07
SETTLEMENT_463,M123,ref_txn_840,UTR501408720297,3050800,30508,INR,2026-06-23
SETTLEMENT_466,M123,ref_txn_629,UTR549354895179,427500,4275,INR,2026-07-15
SETTLEMENT_467,M123,ref_txn_1454,UTR937634156641,3023000,30230,INR,2026-07-15
SETTLEMENT_468,M123,ref_txn_1661,UTR280062774333,1534400,15344,INR,2026-07-15
SETTLEMENT_469,M123,ref_txn_1026,UTR143041965203,1524100,15241,INR,2026-08-21
SETTLEMENT_471,M123,ref_txn_609,,4304000,43040,INR,2026-06-16
SETTLEMENT_472,M123,ref_txn_269,UTR401940488477,3084400,30844,INR,2026-06-10
SETTLEMENT_475,M123,ref_txn_2230,UTR383693288587,581800,5818,INR,2026-06-10
SETTLEMENT_48,M123,ref_txn_1105,,321600,3216,INR,2026-08-19
SETTLEMENT_480,M123,ref_txn_308,UTR454971689345,5206200,52062,INR,2026-07-01
SETTLEMENT_481,M123,ref_txn_1634,,3078300,30783,INR,2026-07-29
SETTLEMENT_482,M123,ref_txn_648,UTR122316596654,266600,2666,INR,2026-07-15
SETTLEMENT_484,M123,ref_txn_1080,UTR811662349660,1340300,13403,INR,2026-06-02
SETTLEMENT_485,M123,ref_txn_1856,UTR523190261839,2504000,25040,INR,2026-08-19
SETTLEMENT_486,M123,ref_txn_2134,UTR592491963032,1425200,14252,INR,2026-07-21
SETTLEMENT_489,M123,ref_txn_1811,UTR710535033173,1128600,11286,INR,2026-07-16
SETTLEMENT_49,M123,ref_txn_309,UTR242276854929,519800,5198,INR,2026-08-12
SETTLEMENT_490,M123,ref_txn_294,UTR459779870572,991200,9912,INR,2026-06-26
SETTLEMENT_491,M123,ref_txn_93,UTR542922521801,3711500,37115,INR,2026-06-10
SETTLEMENT_492,M123,ref_txn_2063,UTR277363286602,5230700,52307,INR,2026-06-05
SETTLEMENT_493,M123,ref_txn_54,UTR925365725048,3164900,31649,INR,2026-05-28
SETTLEMENT_494,M123,ref_txn_2154,UTR757355118095,17900,179,INR,2026-07-08
SETTLEMENT_497,M123,ref_txn_1913,UTR999188292603,2706000,27060,INR,2026-07-01
SETTLEMENT_5,M123,ref_txn_1540,UTR200930364898,2044400,20444,INR,2026-07-01
SETTLEMENT_50,M123,ref_txn_1960,UTR508151189124,550800,5508,INR,2026-07-09
SETTLEMENT_503,M123,ref_txn_456,UTR283122088121,5918100,59181,INR,2026-05-28
SETTLEMENT_504,M123,ref_txn_1527,UTR721648476156,110600,1106,INR,2026-07-20
SETTLEMENT_505,M123,ref_txn_313,UTR487980558950,5123100,51231,INR,2026-07-01
SETTLEMENT_509,M123,ref_txn_809,UTR210897092017,1067100,10671,INR,2026-07-17
SETTLEMENT_510,M123,ref_txn_562,UTR368170289869,3870300,38703,INR,2026-06-25
SETTLEMENT_512,M123,ref_txn_1731,UTR165422787657,3108200,31082,INR,2026-06-18
SETTLEMENT_513,M123,ref_txn_2189,UTR920077358098,453700,4537,INR,2026-08-18
SETTLEMENT_514,M123,ref_txn_752,UTR708941358328,5632900,56329,INR,2026-06-15
SETTLEMENT_515,M123,ref_txn_661,UTR236706918527,3023000,30230,INR,2026-07-15
SETTLEMENT_516,M123,ref_txn_1165,UTR220348058464,4923100,49231,INR,2026-06-03
SETTLEMENT_517,M123,ref_txn_2147,UTR380382451716,1271400,12714,INR,2026-08-11
SETTLEMENT_52,M123,ref_txn_2229,UTR448069227412,166500,1665,INR,2026-08-25
SETTLEMENT_521,M123,ref_txn_1660,UTR285195138939,5591700,55917,INR,2026-06-03
SETTLEMENT_522,M123,ref_txn_1618,UTR614214912723,228000,2280,INR,2026-07-09
SETTLEMENT_523,M123,ref_txn_1455,UTR265387717546,2893100,28931,INR,2026-07-01
SETTLEMENT_525,M123,ref_txn_38,UTR987170229216,2021600,20216,INR,2026-08-18
SETTLEMENT_526,M123,ref_txn_1558,UTR741805771094,568600,5686,INR,2026-06-10
SETTLEMENT_527,M123,ref_txn_1532,UTR731090515538,3580500,35805,INR,2026-07-29
SETTLEMENT_528,M123,ref_txn_2312,UTR859808891203,12800,128,INR,2026-07-24
SETTLEMENT_529,M123,ref_txn_1274,UTR674028370230,4714100,47141,INR,2026-06-05
SETTLEMENT_53,M123,ref_txn_1501,,5186200,51862,INR,2026-06-08
SETTLEMENT_531,M123,ref_txn_1550,UTR171095691833,1695100,16951,INR,2026-07-21
SETTLEMENT_533,M123,ref_txn_429,UTR847754399234,1515100,15151,INR,2026-06-29
SETTLEMENT_534,M123,ref_txn_1128,UTR426300095012,1064300,10643,INR,2026-07-28
SETTLEMENT_535,M123,ref_txn_275,UTR779477085741,2897400,28974,INR,2026-08-20
SETTLEMENT_536,M123,ref_txn_1477,UTR733623408116,1513000,15130,INR,2026-06-04
SETTLEMENT_539,M123,ref_txn_502,UTR299422992997,2218000,22180,INR,2026-07-29
SETTLEMENT_540,M123,ref_txn_97,UTR741082682951,2645800,26458,INR,2026-07-15
SETTLEMENT_541,M123,ref_txn_805,UTR634569495446,838200,8382,INR,2026-07-08
SETTLEMENT_542,M123,ref_txn_2067,UTR647069413315,3800100,38001,INR,2026-07-10
SETTLEMENT_544,M123,ref_txn_1529,UTR603261935465,3465200,34652,INR,2026-08-14
SETTLEMENT_545,M123,ref_txn_2130,UTR590260272255,5001200,50012,INR,2026-07-31
SETTLEMENT_546,M123,ref_txn_152,UTR315074504651,3674400,36744,INR,2026-07-01
SETTLEMENT_548,M123,ref_txn_1298,UTR493489078147,3039300,30393,INR,2026-08-26
SETTLEMENT_549,M123,ref_txn_2114,UTR944863944085,3223200,32232,INR,2026-08-06
SETTLEMENT_55,M123,ref_txn_554,UTR408321984656,5969700,59697,INR,2026-07-30
SETTLEMENT_554,M123,ref_txn_1200,UTR602158565152,1632000,16320,INR,2026-08-20
SETTLEMENT_556,M123,ref_txn_1897,UTR307654401085,740100,7401,INR,2026-08-06
SETTLEMENT_559,M123,ref_txn_2163,UTR847062668674,3668000,36680,INR,2026-07-10
SETTLEMENT_560,M123,ref_txn_408,UTR517716887263,465900,4659,INR,2026-07-22
SETTLEMENT_561,M123,ref_txn_1428,UTR512874807828,1566800,15668,INR,2026-08-07
SETTLEMENT_563,M123,ref_txn_192,UTR108682130682,236300,2363,INR,2026-07-29
SETTLEMENT_564,M123,ref_txn_665,UTR328690300453,3108200,31082,INR,2026-07-30
SETTLEMENT_567,M123,ref_txn_1280,UTR957992193378,730000,7300,INR,2026-06-24
SETTLEMENT_569,M123,ref_txn_1754,,4492600,44926,INR,2026-07-29
SETTLEMENT_57,M123,ref_txn_1112,UTR967698670760,2086600,20866,INR,2026-07-20
SETTLEMENT_570,M123,ref_txn_755,UTR752663639612,892800,8928,INR,2026-07-14
SETTLEMENT_571,M123,ref_txn_481,UTR925269382349,1121300,11213,INR,2026-06-10
SETTLEMENT_572,M123,ref_txn_732,UTR128807241720,427500,4275,INR,2026-07-13
SETTLEMENT_573,M123,ref_txn_988,UTR835844335912,2188000,21880,INR,2026-07-13
SETTLEMENT_574,M123,ref_txn_1386,UTR844478492514,672700,6727,INR,2026-08-26
SETTLEMENT_575,M123,ref_txn_1221,UTR452737927104,9700,97,INR,2026-06-29
SETTLEMENT_579,M123,ref_txn_2087,UTR173686404642,2174400,21744,INR,2026-06-18
SETTLEMENT_580,M123,ref_txn_2089,UTR141445305983,3009000,30090,INR,2026-07-15
SETTLEMENT_581,M123,ref_txn_334,UTR860262567728,91700,917,INR,2026-07-20
SETTLEMENT_582,M123,ref_txn_2148,UTR127876336389,4109700,41097,INR,2026-07-28
SETTLEMENT_583,M123,ref_txn_707,UTR776794458357,5862400,58624,INR,2026-06-08
SETTLEMENT_584,M123,ref_txn_246,UTR640269047372,4523700,45237,INR,2026-07-28
SETTLEMENT_585,M123,ref_txn_1655,UTR718991230005,5336300,53363,INR,2026-06-11
SETTLEMENT_586,M123,ref_txn_556,UTR402112905677,4233900,42339,INR,2026-06-24
SETTLEMENT_587,M123,ref_txn_1816,UTR718372157269,371900,3719,INR,2026-06-04
SETTLEMENT_588,M123,ref_txn_1888,UTR805984461759,3041700,30417,INR,2026-07-29
SETTLEMENT_59,M123,ref_txn_1252,,2380500,23805,INR,2026-08-05
SETTLEMENT_591,M123,ref_txn_1598,UTR322340408227,5745500,57455,INR,2026-06-11
SETTLEMENT_592,M123,ref_txn_2109,UTR636971604675,2398400,23984,INR,2026-07-29
SETTLEMENT_593,M123,ref_txn_1407,UTR842472346346,736800,7368,INR,2026-06-23
SETTLEMENT_595,M123,ref_txn_767,,4012400,40124,INR,2026-06-03
SETTLEMENT_596,M123,ref_txn_1594,UTR424422366236,3521700,35217,INR,2026-07-10
SETTLEMENT_597,M123,ref_txn_260,UTR664906932255,690000,6900,INR,2026-06-10
SETTLEMENT_598,M123,ref_txn_1448,UTR262221129518,2337500,23375,INR,2026-08-26
SETTLEMENT_6,M123,ref_txn_726,UTR688144128828,3631000,36310,INR,2026-06-17
SETTLEMENT_601,M123,ref_txn_844,UTR640284104445,41500,415,INR,2026-06-19
SETTLEMENT_603,M123,ref_txn_2259,UTR909582880734,2224000,22240,INR,2026-07-03
SETTLEMENT_604,M123,ref_txn_1212,,1990300,19903,INR,2026-07-28
SETTLEMENT_605,M123,ref_txn_1155,UTR843975877085,3081000,30810,INR,2026-08-06
SETTLEMENT_606,M123,ref_txn_2012,UTR804598399267,1608000,16080,INR,2026-07-15
SETTLEMENT_609,M123,ref_txn_248,UTR810901356829,75200,752,INR,2026-07-14
SETTLEMENT_610,M123,ref_txn_1484,UTR950325978652,756200,7562,INR,2026-07-07
SETTLEMENT_611,M123,ref_txn_1915,UTR912859708153,2637600,26376,INR,2026-06-24
SETTLEMENT_612,M123,ref_txn_941,UTR449654405400,1534400,15344,INR,2026-07-27
SETTLEMENT_613,M123,ref_txn_1010,UTR555967715761,670100,6701,INR,2026-07-29
SETTLEMENT_62,M123,ref_txn_1391,UTR374051408484,3311800,33118,INR,2026-07-17
SETTLEMENT_620,M123,ref_txn_553,UTR751039383148,47500,475,INR,2026-07-20
SETTLEMENT_621,M123,ref_txn_668,UTR989830913085,4232700,42327,INR,2026-06-10
SETTLEMENT_622,M123,ref_txn_1787,UTR516879779466,2754900,27549,INR,2026-08-11
SETTLEMENT_624,M123,ref_txn_1909,UTR930171184101,2946800,29468,INR,2026-06-17
SETTLEMENT_625,M123,ref_txn_32,UTR276152176025,2794800,27948,INR,2026-06-18
SETTLEMENT_627,M123,ref_txn_1495,UTR492263017858,2463100,24631,INR,2026-08-12
SETTLEMENT_628,M123,ref_txn_929,UTR462956558062,36200,362,INR,2026-07-17
SETTLEMENT_629,M123,ref_txn_1991,UTR207429699625,2755100,27551,INR,2026-07-01
SETTLEMENT_631,M123,ref_txn_22,UTR733347454359,684000,6840,INR,2026-07-15
SETTLEMENT_632,M123,ref_txn_298,UTR712094820844,4278000,42780,INR,2026-06-18
SETTLEMENT_633,M123,ref_txn_110,UTR894200318360,5281600,52816,INR,2026-07-01
SETTLEMENT_635,M123,ref_txn_124,,3072100,30721,INR,2026-06-30
SETTLEMENT_636,M123,ref_txn_446,UTR682061543007,5873500,58735,INR,2026-06-10
SETTLEMENT_637,M123,ref_txn_478,,1742800,17428,INR,2026-06-26
SETTLEMENT_639,M123,ref_txn_333,UTR204804430740,1064300,10643,INR,2026-07-22
SETTLEMENT_64,M123,ref_txn_846,UTR335545417741,5501100,55011,INR,2026-06-19
SETTLEMENT_640,M123,ref_txn_1315,UTR678375450194,321600,3216,INR,2026-08-26
SETTLEMENT_642,M123,ref_txn_1468,,360000,3600,INR,2026-07-15
SETTLEMENT_644,M123,ref_txn_963,UTR909963513637,47500,475,INR,2026-07-10
SETTLEMENT_645,M123,ref_txn_1865,UTR702388616203,1568000,15680,INR,2026-07-16
SETTLEMENT_648,M123,ref_txn_2262,UTR224607040256,1134100,11341,INR,2026-07-22
SETTLEMENT_650,M123,ref_txn_1237,UTR562713797287,1476800,14768,INR,2026-06-16
SETTLEMENT_652,M123,ref_txn_1871,UTR529518888544,170100,1701,INR,2026-07-13
SETTLEMENT_653,M123,ref_txn_1262,UTR903590338399,4849400,48494,INR,2026-05-29
SETTLEMENT_654,M123,ref_txn_1979,UTR667210267484,5362300,53623,INR,2026-06-02
SETTLEMENT_655,M123,ref_txn_255,UTR593753589765,1590800,15908,INR,2026-08-18
SETTLEMENT_66,M123,ref_txn_1424,UTR237187023717,2645800,26458,INR,2026-07-15
SETTLEMENT_660,M123,ref_txn_1905,UTR876081259071,224700,2247,INR,2026-06-19
SETTLEMENT_661,M123,ref_txn_2173,,3121000,31210,INR,2026-06-18
SETTLEMENT_662,M123,ref_txn_75,UTR534179559464,91700,917,INR,2026-07-07
SETTLEMENT_663,M123,ref_txn_2261,UTR707788001544,3200400,32004,INR,2026-07-21
SETTLEMENT_664,M123,ref_txn_708,UTR255768398485,4228600,42286,INR,2026-06-03
SETTLEMENT_665,M123,ref_txn_769,UTR704972996704,1859900,18599,INR,2026-06-01
SETTLEMENT_666,M123,ref_txn_1821,UTR177969447328,5393600,53936,INR,2026-06-30
SETTLEMENT_669,M123,ref_txn_112,UTR595380326075,1319600,13196,INR,2026-07-01
SETTLEMENT_67,M123,ref_txn_843,UTR156982919863,4314400,43144,INR,2026-06-02
SETTLEMENT_672,M123,ref_txn_469,UTR931967967754,389100,3891,INR,2026-07-29
SETTLEMENT_673,M123,ref_txn_728,UTR117643259385,1394900,13949,INR,2026-08-17
SETTLEMENT_674,M123,ref_txn_1547,UTR631697851939,2710900,27109,INR,2026-06-24
SETTLEMENT_675,M123,ref_txn_2119,UTR768756335346,3497500,34975,INR,2026-07-15
SETTLEMENT_679,M123,ref_txn_1896,UTR262637008220,892800,8928,INR,2026-07-20
SETTLEMENT_684,M123,ref_txn_2013,UTR501136137817,5700,57,INR,2026-08-07
SETTLEMENT_685,M123,ref_txn_1929,UTR138026907248,11500,115,INR,2026-08-05
SETTLEMENT_686,M123,ref_txn_1795,UTR547612225185,3061800,30618,INR,2026-06-16
SETTLEMENT_687,M123,ref_txn_1781,UTR485052803699,1646900,16469,INR,2026-06-19
SETTLEMENT_689,M123,ref_txn_414,UTR918847527846,2604400,26044,INR,2026-06-01
SETTLEMENT_69,M123,ref_txn_1780,UTR366316203269,1728700,17287,INR,2026-08-18
SETTLEMENT_690,M123,ref_txn_1295,UTR576364901514,151600,1516,INR,2026-06-24
SETTLEMENT_691,M123,ref_txn_1903,UTR368597015069,3971300,39713,INR,2026-06-17
SETTLEMENT_692,M123,ref_txn_1489,UTR753826785665,237600,2376,INR,2026-08-24
SETTLEMENT_693,M123,ref_txn_1586,UTR740863899140,110600,1106,INR,2026-07-24
SETTLEMENT_695,M123,ref_txn_1649,UTR406970152406,346600,3466,INR,2026-06-03
SETTLEMENT_696,M123,ref_txn_2308,UTR518491632451,143400,1434,INR,2026-08-26
SETTLEMENT_697,M123,ref_txn_1675,UTR952987056804,3476900,34769,INR,2026-07-01
SETTLEMENT_698,M123,ref_txn_125,UTR904395743162,1339100,13391,INR,2026-06-10
SETTLEMENT_699,M123,ref_txn_160,UTR286688497544,5227000,52270,INR,2026-05-28
SETTLEMENT_7,M123,ref_txn_1133,UTR372284668272,736900,7369,INR,2026-06-24
SETTLEMENT_702,M123,ref_txn_2217,UTR686336080312,2141100,21411,INR,2026-08-10
SETTLEMENT_703,M123,ref_txn_1243,UTR440976793092,1024700,10247,INR,2026-08-12
SETTLEMENT_704,M123,ref_txn_1003,UTR416283947099,4168400,41684,INR,2026-07-29
SETTLEMENT_706,M123,ref_txn_698,UTR356715374121,714700,7147,INR,2026-06-17
SETTLEMENT_707,M123,ref_txn_1416,UTR730724401929,4026300,40263,INR,2026-06-30
SETTLEMENT_708,M123,ref_txn_2008,UTR513271311997,963900,9639,INR,2026-06-02
SETTLEMENT_71,M123,ref_txn_1384,UTR156824880514,838500,8385,INR,2026-06-12
SETTLEMENT_710,M123,ref_txn_1197,UTR118590582326,170100,1701,INR,2026-07-15
SETTLEMENT_713,M123,ref_txn_432,UTR646010050464,3231000,32310,INR,2026-07-16
SETTLEMENT_714,M123,ref_txn_1778,,11600,116,INR,2026-07-23
SETTLEMENT_715,M123,ref_txn_952,UTR141230886330,2064200,20642,INR,2026-08-24
SETTLEMENT_717,M123,ref_txn_21,UTR989157046535,5990600,59906,INR,2026-07-30
SETTLEMENT_718,M123,ref_txn_1914,UTR739175257037,2533100,25331,INR,2026-07-10
SETTLEMENT_719,M123,ref_txn_1583,UTR354352892519,2305500,23055,INR,2026-07-22
SETTLEMENT_72,M123,ref_txn_146,UTR269731189169,5558600,55586,INR,2026-06-26
SETTLEMENT_722,M123,ref_txn_589,UTR778952549197,892800,8928,INR,2026-07-22
SETTLEMENT_725,M123,ref_txn_199,UTR958211674888,7300,73,INR,2026-08-20
SETTLEMENT_726,M123,ref_txn_1467,UTR262233765324,5774200,57742,INR,2026-06-29
SETTLEMENT_729,M123,ref_txn_1664,UTR646542353953,3446000,34460,INR,2026-07-27
SETTLEMENT_73,M123,ref_txn_36,UTR336042626187,594400,5944,INR,2026-07-29
SETTLEMENT_732,M123,ref_txn_1947,UTR507257502832,22900,229,INR,2026-08-05
SETTLEMENT_733,M123,ref_txn_2157,,3281800,32818,INR,2026-06-03
SETTLEMENT_735,M123,ref_txn_1215,UTR728346686019,1191800,11918,INR,2026-06-01
SETTLEMENT_736,M123,ref_txn_719,UTR232855946121,3231000,32310,INR,2026-07-10
SETTLEMENT_737,M123,ref_txn_2053,UTR168984130800,4484500,44845,INR,2026-07-29
SETTLEMENT_74,M123,ref_txn_1740,UTR811079270988,93800,938,INR,2026-07-24
SETTLEMENT_743,M123,ref_txn_2037,UTR882615880998,2619100,26191,INR,2026-07-29
SETTLEMENT_744,M123,ref_txn_2222,UTR891252480899,3513500,35135,INR,2026-07-01
SETTLEMENT_745,M123,ref_txn_1783,UTR198764333002,2872100,28721,INR,2026-06-08
SETTLEMENT_746,M123,ref_txn_1334,UTR826274713985,2312600,23126,INR,2026-06-01
SETTLEMENT_747,M123,ref_txn_1402,UTR402707140518,3345600,33456,INR,2026-06-01
SETTLEMENT_748,M123,ref_txn_364,UTR804104753353,1534400,15344,INR,2026-07-27
SETTLEMENT_749,M123,ref_txn_2004,UTR943108669731,75600,756,INR,2026-07-06
SETTLEMENT_75,M123,ref_txn_2039,UTR184376156631,3629100,36291,INR,2026-07-03
SETTLEMENT_751,M123,ref_txn_517,UTR391769341363,5174100,51741,INR,2026-06-25
SETTLEMENT_752,M123,ref_txn_976,UTR908294183744,1912600,19126,INR,2026-05-29
SETTLEMENT_753,M123,ref_txn_1784,UTR312660437303,1191900,11919,INR,2026-07-14
SETTLEMENT_754,M123,ref_txn_82,UTR511597675584,1330200,13302,INR,2026-06-24
SETTLEMENT_755,M123,ref_txn_602,UTR409885101207,613500,6135,INR,2026-06-23
SETTLEMENT_757,M123,ref_txn_317,UTR902217436696,1760600,17606,INR,2026-07-15
SETTLEMENT_758,M123,ref_txn_731,UTR696477226842,46300,463,INR,2026-07-29
SETTLEMENT_760,M123,ref_txn_1286,,999600,9996,INR,2026-06-30
SETTLEMENT_761,M123,ref_txn_1997,,1120800,11208,INR,2026-07-03
SETTLEMENT_763,M123,ref_txn_1299,UTR511209592011,1469600,14696,INR,2026-07-22
SETTLEMENT_764,M123,ref_txn_657,UTR914457495256,157100,1571,INR,2026-08-19
SETTLEMENT_768,M123,ref_txn_266,UTR759092563406,1920200,19202,INR,2026-07-15
SETTLEMENT_77,M123,ref_txn_249,UTR772726196810,50200,502,INR,2026-08-26
SETTLEMENT_770,M123,ref_txn_1953,UTR326237880330,18900,189,INR,2026-07-08
SETTLEMENT_772,M123,ref_txn_1830,UTR183416919306,3883300,38833,INR,2026-06-01
SETTLEMENT_774,M123,ref_txn_1663,UTR456934231775,93800,938,INR,2026-07-27
SETTLEMENT_776,M123,ref_txn_1608,UTR608034134740,2589500,25895,INR,2026-08-12
SETTLEMENT_777,M123,ref_txn_1717,,2897400,28974,INR,2026-08-05
SETTLEMENT_778,M123,ref_txn_1222,,2154200,21542,INR,2026-08-19
SETTLEMENT_785,M123,ref_txn_2111,UTR660723713626,3227700,32277,INR,2026-08-12
SETTLEMENT_786,M123,ref_txn_6,UTR395852735525,4661000,46610,INR,2026-06-29
SETTLEMENT_787,M123,ref_txn_608,UTR764857268572,3009000,30090,INR,2026-07-08
SETTLEMENT_788,M123,ref_txn_914,,1546300,15463,INR,2026-06-04
SETTLEMENT_79,M123,ref_txn_1283,UTR639349415075,3409200,34092,INR,2026-06-01
SETTLEMENT_793,M123,ref_txn_536,UTR168953380650,151500,1515,INR,2026-07-13
SETTLEMENT_795,M123,ref_txn_52,UTR364816797311,4174300,41743,INR,2026-06-11
SETTLEMENT_796,M123,ref_txn_1702,UTR919142824368,40900,409,INR,2026-07-15
SETTLEMENT_798,M123,ref_txn_960,UTR508754116182,3371400,33714,INR,2026-06-02
SETTLEMENT_8,M123,ref_txn_1071,UTR302978869243,163900,2213,INR,2026-08-17
SETTLEMENT_80,M123,ref_txn_1983,UTR992458245907,1999100,19991,INR,2026-06-10
SETTLEMENT_801,M123,ref_txn_2367,UTR324668619346,2776100,27761,INR,2026-07-28
SETTLEMENT_802,M123,ref_txn_2276,UTR835687751324,519800,5198,INR,2026-08-20
SETTLEMENT_803,M123,ref_txn_468,UTR953871686358,2176300,21763,INR,2026-06-05
SETTLEMENT_805,M123,ref_txn_544,UTR383283574037,2183100,21831,INR,2026-07-22
SETTLEMENT_806,M123,ref_txn_955,UTR225416050996,4717900,47179,INR,2026-06-12
SETTLEMENT_808,M123,ref_txn_1546,UTR341076774208,2048500,20485,INR,2026-06-10
SETTLEMENT_809,M123,ref_txn_1134,UTR495102397520,36200,362,INR,2026-07-15
SETTLEMENT_81,M123,ref_txn_1806,UTR651711918041,3885400,38854,INR,2026-06-03
SETTLEMENT_810,M123,ref_txn_1493,UTR443865069544,5548000,55480,INR,2026-06-19
SETTLEMENT_811,M123,ref_txn_1119,UTR190075771630,5051400,50514,INR,2026-06-09
SETTLEMENT_812,M123,ref_txn_1195,UTR769856484993,16300,163,INR,2026-08-05
SETTLEMENT_814,M123,ref_txn_650,UTR583754154950,2675700,26757,INR,2026-08-06
SETTLEMENT_816,M123,ref_txn_2160,UTR486908120669,2971400,29714,INR,2026-06-10
SETTLEMENT_817,M123,ref_txn_715,UTR383230503741,2507000,25070,INR,2026-06-01
SETTLEMENT_82,M123,ref_txn_50,UTR574831569919,3367000,33670,INR,2026-08-07
SETTLEMENT_820,M123,ref_txn_1522,UTR455782108005,5900,59,INR,2026-07-15
SETTLEMENT_822,M123,ref_txn_1989,UTR242868821202,1250700,12507,INR,2026-08-17
SETTLEMENT_824,M123,ref_txn_337,UTR905691200309,598900,5989,INR,2026-08-14
SETTLEMENT_825,M123,ref_txn_2071,UTR688078673995,4369200,43692,INR,2026-05-29
SETTLEMENT_826,M123,ref_txn_488,UTR909597037491,482400,4824,INR,2026-08-11
SETTLEMENT_827,M123,ref_txn_1870,UTR552568089232,1799800,17998,INR,2026-08-19
SETTLEMENT_828,M123,ref_txn_734,UTR159401756049,3444100,34441,INR,2026-06-08
SETTLEMENT_829,M123,ref_txn_2334,UTR130165366716,2224000,22240,INR,2026-07-21
SETTLEMENT_83,M123,ref_txn_1313,UTR689293477076,106700,1067,INR,2026-08-12
SETTLEMENT_836,M123,ref_txn_1206,UTR588861866578,1627900,16279,INR,2026-08-24
SETTLEMENT_837,M123,ref_txn_1969,UTR126430174684,2897400,28974,INR,2026-08-26
SETTLEMENT_839,M123,ref_txn_2108,,7900,79,INR,2026-08-05
SETTLEMENT_84,M123,ref_txn_1861,UTR155171061302,2349300,23493,INR,2026-07-10
SETTLEMENT_841,M123,ref_txn_187,UTR154352517291,2189200,21892,INR,2026-06-18
SETTLEMENT_842,M123,ref_txn_31,UTR334512953528,2112300,21123,INR,2026-06-10
SETTLEMENT_843,M123,ref_txn_1605,UTR561865548861,361000,3610,INR,2026-07-16
SETTLEMENT_846,M123,ref_txn_585,UTR363736186010,151500,1515,INR,2026-07-08
SETTLEMENT_848,M123,ref_txn_1946,UTR888983397518,436500,4365,INR,2026-06-10
SETTLEMENT_849,M123,ref_txn_233,UTR847315523828,4794300,47943,INR,2026-06-02
SETTLEMENT_85,M123,ref_txn_1054,UTR866085502069,688000,6880,INR,2026-07-22
SETTLEMENT_851,M123,ref_txn_740,UTR888300193111,1702700,17027,INR,2026-06-16
SETTLEMENT_853,M123,ref_txn_490,UTR269964305101,651100,6511,INR,2026-08-25
SETTLEMENT_855,M123,ref_txn_352,UTR984115270384,971100,9711,INR,2026-05-29
SETTLEMENT_856,M123,ref_txn_1682,UTR156354121006,360000,3600,INR,2026-07-08
SETTLEMENT_857,M123,ref_txn_206,UTR672395048773,2858900,28589,INR,2026-06-19
SETTLEMENT_86,M123,ref_txn_816,UTR280005463742,637000,6370,INR,2026-07-14
SETTLEMENT_860,M123,ref_txn_1838,,1770400,17704,INR,2026-08-12
SETTLEMENT_861,M123,ref_txn_358,UTR916549815537,1412900,14129,INR,2026-06-29
SETTLEMENT_862,M123,ref_txn_292,,2558500,25585,INR,2026-07-22
SETTLEMENT_863,M123,ref_txn_1839,UTR854329514569,3797500,37975,INR,2026-06-22
SETTLEMENT_864,M123,ref_txn_518,UTR931543203472,347400,3474,INR,2026-06-16
SETTLEMENT_866,M123,ref_txn_1580,UTR938089035634,853000,8530,INR,2026-07-21
SETTLEMENT_867,M123,ref_txn_618,UTR988371554442,2613900,26139,INR,2026-06-17
SETTLEMENT_868,M123,ref_txn_277,UTR534243406704,734100,7341,INR,2026-07-08
SETTLEMENT_87,M123,ref_txn_262,UTR299708254154,5636800,56368,INR,2026-07-01
SETTLEMENT_871,M123,ref_txn_1987,UTR635619053956,3248800,32488,INR,2026-06-30
SETTLEMENT_872,M123,ref_txn_1804,,2019400,20194,INR,2026-06-03
SETTLEMENT_873,M123,ref_txn_812,UTR223505067414,93800,938,INR,2026-07-27
SETTLEMENT_874,M123,ref_txn_2393,,4421700,44217,INR,2026-06-08
SETTLEMENT_875,M123,ref_txn_2340,UTR652212814920,5462000,54620,INR,2026-06-04
SETTLEMENT_877,M123,ref_txn_1698,UTR462998665312,1361400,13614,INR,2026-07-23
SETTLEMENT_878,M123,ref_txn_23,UTR664243607100,5900,59,INR,2026-07-24
SETTLEMENT_880,M123,ref_txn_2323,UTR626451200867,2029300,20293,INR,2026-06-01
SETTLEMENT_881,M123,ref_txn_134,UTR830810210990,1478400,14784,INR,2026-07-01
SETTLEMENT_882,M123,ref_txn_996,UTR859781092051,4022400,40224,INR,2026-07-28
SETTLEMENT_883,M123,ref_txn_1353,UTR326592925057,1041700,10417,INR,2026-08-18
SETTLEMENT_886,M123,ref_txn_1132,UTR938482920499,3692700,36927,INR,2026-07-29
SETTLEMENT_889,M123,ref_txn_1082,UTR539882593367,4108600,41086,INR,2026-06-18
SETTLEMENT_89,M123,ref_txn_1746,UTR329621321877,4687300,46873,INR,2026-06-18
SETTLEMENT_890,M123,ref_txn_1447,UTR626773608807,47500,475,INR,2026-07-08
SETTLEMENT_894,M123,ref_txn_1920,UTR187538073994,1590800,15908,INR,2026-08-25
SETTLEMENT_896,M123,ref_txn_1208,,1988600,19886,INR,2026-08-26
SETTLEMENT_899,M123,ref_txn_1268,UTR927579049650,1568000,15680,INR,2026-07-15
SETTLEMENT_9,M123,ref_txn_1070,UTR558874145645,127300,1023,INR,2026-08-11
SETTLEMENT_901,M123,ref_txn_2165,UTR333734872719,2915400,29154,INR,2026-06-08
SETTLEMENT_902,M123,ref_txn_8,UTR583058036166,175800,1758,INR,2026-07-07
SETTLEMENT_903,M123,ref_txn_1709,UTR921898534635,316400,3164,INR,2026-08-17
SETTLEMENT_905,M123,ref_txn_1872,UTR730749972638,318000,3180,INR,2026-07-24
SETTLEMENT_906,M123,ref_txn_815,UTR299460168950,526300,5263,INR,2026-06-16
SETTLEMENT_909,M123,ref_txn_584,UTR967550268238,3683200,36832,INR,2026-07-28
SETTLEMENT_91,M123,,,840000,8400,INR,2026-08-25
SETTLEMENT_910,M123,ref_txn_1629,UTR245011679626,60500,605,INR,2026-07-10
SETTLEMENT_911,M123,ref_txn_1827,UTR263022331771,39600,396,INR,2026-08-17
SETTLEMENT_912,M123,ref_txn_855,UTR769523502925,3205100,32051,INR,2026-06-23
SETTLEMENT_914,M123,ref_txn_625,UTR825207665919,2988500,29885,INR,2026-08-25
SETTLEMENT_916,M123,ref_txn_1849,,2086600,20866,INR,2026-07-24
SETTLEMENT_917,M123,ref_txn_1122,UTR920578694734,949600,9496,INR,2026-06-04
SETTLEMENT_918,M123,ref_txn_1242,UTR634247032689,1191900,11919,INR,2026-07-20
SETTLEMENT_919,M123,ref_txn_1662,UTR809677298029,174900,1749,INR,2026-07-15
SETTLEMENT_920,M123,ref_txn_271,UTR768778091917,2132300,21323,INR,2026-06-24
SETTLEMENT_921,M123,ref_txn_278,UTR358996518966,3422900,34229,INR,2026-08-14
SETTLEMENT_928,M123,ref_txn_739,UTR576755103933,586300,5863,INR,2026-06-17
SETTLEMENT_930,M123,ref_txn_1505,UTR840802473168,774000,7740,INR,2026-08-19
SETTLEMENT_931,M123,ref_txn_448,UTR222339372497,5080900,50809,INR,2026-06-10
SETTLEMENT_932,M123,ref_txn_1974,UTR867893717470,2945500,29455,INR,2026-08-12
SETTLEMENT_933,M123,ref_txn_1891,UTR239906520296,4253200,42532,INR,2026-07-08
SETTLEMENT_934,M123,ref_txn_73,UTR733916265800,2256300,22563,INR,2026-08-26
SETTLEMENT_937,M123,ref_txn_678,UTR560266060308,3698800,36988,INR,2026-06-02
SETTLEMENT_938,M123,ref_txn_326,UTR949894318600,2764200,27642,INR,2026-06-17
SETTLEMENT_939,M123,ref_txn_834,UTR717717702323,1064300,10643,INR,2026-07-22
SETTLEMENT_94,M123,ref_txn_2338,UTR992356618461,2824800,28248,INR,2026-07-16
SETTLEMENT_941,M123,ref_txn_720,UTR837347372732,318000,3180,INR,2026-07-09
SETTLEMENT_942,M123,ref_txn_179,UTR961364731894,2219500,22195,INR,2026-08-26
SETTLEMENT_944,M123,ref_txn_690,UTR419576843715,4253200,42532,INR,2026-07-27
SETTLEMENT_945,M123,ref_txn_137,UTR581800538483,524800,5248,INR,2026-08-13
SETTLEMENT_947,M123,ref_txn_1590,UTR119918437885,1841700,18417,INR,2026-08-10
SETTLEMENT_950,M123,ref_txn_1749,UTR572468265001,5414800,54148,INR,2026-06-10
SETTLEMENT_952,M123,ref_txn_1163,UTR927868717083,298400,2984,INR,2026-07-15
SETTLEMENT_953,M123,ref_txn_318,UTR982205496351,3051900,30519,INR,2026-06-23
SETTLEMENT_955,M123,ref_txn_335,UTR649731781525,4005200,40052,INR,2026-06-05
SETTLEMENT_958,M123,ref_txn_1330,UTR868840906760,1079100,10791,INR,2026-08-13
SETTLEMENT_959,M123,ref_txn_1858,UTR848756422168,795700,7957,INR,2026-08-06
SETTLEMENT_96,M123,ref_txn_695,UTR595503633400,810400,8104,INR,2026-05-28
SETTLEMENT_960,M123,ref_txn_1939,UTR986794726782,971700,9717,INR,2026-08-11
SETTLEMENT_961,M123,ref_txn_1258,UTR901539862028,740100,7401,INR,2026-08-20
SETTLEMENT_963,M123,ref_txn_213,UTR422953613548,75600,756,INR,2026-08-21
SETTLEMENT_965,M123,ref_txn_1798,,5105700,51057,INR,2026-06-23
SETTLEMENT_966,M123,ref_txn_1203,UTR856698868734,3432100,34321,INR,2026-06-24
SETTLEMENT_968,M123,ref_txn_1040,UTR488775374686,1170800,11708,INR,2026-07-08
SETTLEMENT_969,M123,ref_txn_365,UTR196138759937,2440200,24402,INR,2026-06-03
SETTLEMENT_971,M123,ref_txn_176,UTR500873499512,240800,2408,INR,2026-07-29
SETTLEMENT_972,M123,ref_txn_1694,UTR609094265711,59700,597,INR,2026-08-13
SETTLEMENT_974,M123,ref_txn_2125,UTR491450333585,4777400,47774,INR,2026-06-10
SETTLEMENT_975,M123,ref_txn_2346,UTR881636024052,892800,8928,INR,2026-07-08
SETTLEMENT_979,M123,ref_txn_634,UTR925453576208,5551300,55513,INR,2026-06-25
SETTLEMENT_98,M123,ref_txn_2289,UTR899192320465,1564900,15649,INR,2026-08-20
SETTLEMENT_980,M123,ref_txn_2253,UTR602739672136,4231800,42318,INR,2026-07-01
SETTLEMENT_981,M123,ref_txn_613,UTR355426469632,2044200,20442,INR,2026-06-30
SETTLEMENT_982,M123,ref_txn_1260,UTR279720893379,3200400,32004,INR,2026-07-24
SETTLEMENT_985,M123,ref_txn_1141,UTR727386592697,3681200,36812,INR,2026-06-10
SETTLEMENT_986,M123,ref_txn_1161,UTR443785157199,507000,5070,INR,2026-06-15
SETTLEMENT_987,M123,ref_txn_169,UTR710653716629,126300,1263,INR,2026-08-11
SETTLEMENT_989,M123,ref_txn_1889,UTR426768452476,1159100,11591,INR,2026-06-08
SETTLEMENT_99,M123,ref_txn_259,UTR760575627385,2440300,24403,INR,2026-07-06
SETTLEMENT_993,M123,ref_txn_1751,UTR149335450563,2463100,24631,INR,2026-08-14
SETTLEMENT_998,M123,ref_txn_1823,UTR280628766680,185800,1858,INR,2026-08-19
SETTLEMENT_999,M123,ref_txn_908,UTR374572193554,186600,1866,INR,2026-07-07
