id,merchant_id,external_ref,utr,method,instrument,issuer,status,decline_type,decline_reason,amount_paise,fee_paise,currency,attempted_at,captured_at,settlement_due_date
TXN_1,M123,ref_txn_1,UTR997444532836,UPI,UPI_BANK_ACCOUNT,BANK_C,CAPTURED,,,153100,0,INR,2026-08-22T11:30:00+05:30,2026-08-22T11:30:47+05:30,2026-08-26
TXN_10,M123,ref_txn_10,UTR694117466011,CARD,OTHER_DEBIT,BANK_D,CAPTURED,,,366400,3298,INR,2026-06-04T16:25:46+05:30,2026-06-04T16:26:40+05:30,2026-06-08
TXN_100,M123,ref_txn_100,UTR896682477846,UPI,UPI_BANK_ACCOUNT,BANK_A,CAPTURED,,,47100,0,INR,2026-07-26T09:34:26+05:30,2026-07-26T09:35:51+05:30,2026-07-29
TXN_1006,M123,ref_txn_1006,UTR143586048731,NETBANKING,NETBANKING,BANK_E,CAPTURED,,,514200,1200,INR,2026-06-23T10:31:34+05:30,2026-06-23T10:31:56+05:30,2026-06-25
TXN_1009,M123,ref_txn_1009,UTR601297331365,CARD,OTHER_DEBIT,BANK_D,CAPTURED,,,575500,5180,INR,2026-06-06T21:14:47+05:30,2026-06-06T21:15:14+05:30,2026-06-10
TXN_1011,M123,ref_txn_1011,UTR666850972396,UPI,UPI_BANK_ACCOUNT,BANK_A,CAPTURED,,,13800,0,INR,2026-07-05T15:09:35+05:30,2026-07-05T15:11:03+05:30,2026-07-08
TXN_1012,M123,ref_txn_1012,UTR623137480925,UPI,UPI_BANK_ACCOUNT,BANK_C,CAPTURED,,,8300,0,INR,2026-08-04T21:26:20+05:30,2026-08-04T21:27:12+05:30,2026-08-07
TXN_1014,M123,ref_txn_1014,,UPI,UPI_BANK_ACCOUNT,BANK_A,FAILED,BUSINESS_DECLINE,INVALID_BENEFICIARY,34100,0,INR,2026-08-09T21:43:31+05:30,,
TXN_1018,M123,ref_txn_1018,UTR788960578572,CARD,CREDIT_CARD,BANK_A,CAPTURED,,,154200,2930,INR,2026-07-26T21:37:05+05:30,2026-07-26T21:37:28+05:30,2026-07-29
TXN_1022,M123,ref_txn_1022,UTR878682441404,UPI,UPI_BANK_ACCOUNT,BANK_A,CAPTURED,,,15400,0,INR,2026-07-22T13:28:13+05:30,2026-07-22T13:29:00+05:30,2026-07-24
TXN_1026,M123,ref_txn_1026,UTR908914731310,UPI,UPI_BANK_ACCOUNT,BANK_C,CAPTURED,,,82700,0,INR,2026-07-27T14:09:29+05:30,2026-07-27T14:10:36+05:30,2026-07-29
TXN_1032,M123,ref_txn_1032,,UPI,UPI_BANK_ACCOUNT,BANK_B,CAPTURED,,,17800,0,INR,2026-06-25T10:06:19+05:30,2026-06-25T10:06:37+05:30,2026-06-29
TXN_1035,M123,ref_txn_1035,UTR372828987618,NETBANKING,NETBANKING,BANK_D,CAPTURED,,,158500,1200,INR,2026-06-05T19:02:52+05:30,2026-06-05T19:03:28+05:30,2026-06-10
TXN_1036,M123,ref_txn_1036,UTR162922463059,UPI,UPI_RUPAY_CREDIT,BANK_B,CAPTURED,,,21600,0,INR,2026-06-10T09:34:39+05:30,2026-06-10T09:35:28+05:30,2026-06-12
TXN_104,M123,ref_txn_104,UTR694356791826,UPI,UPI_BANK_ACCOUNT,BANK_D,CAPTURED,,,69800,0,INR,2026-07-28T15:39:10+05:30,2026-07-28T15:39:34+05:30,2026-07-30
TXN_1040,M123,ref_txn_1040,UTR482150870316,CARD,CREDIT_CARD,BANK_C,CAPTURED,,,116500,2214,INR,2026-07-27T15:30:41+05:30,2026-07-27T15:31:34+05:30,2026-07-29
TXN_1041,M123,ref_txn_1041,UTR626818709942,UPI,UPI_BANK_ACCOUNT,BANK_D,CAPTURED,,,30800,0,INR,2026-08-10T10:28:50+05:30,2026-08-10T10:29:53+05:30,2026-08-12
TXN_1042,M123,ref_txn_1042,UTR317640370852,WALLET,WALLET,BANK_D,CAPTURED,,,29800,492,INR,2026-05-30T11:36:46+05:30,2026-05-30T11:37:24+05:30,2026-06-03
TXN_1043,M123,ref_txn_1043,,CARD,OTHER_DEBIT,BANK_A,FAILED,BUSINESS_DECLINE,INSUFFICIENT_FUNDS,67200,0,INR,2026-06-28T10:20:10+05:30,,
TXN_1047,M123,ref_txn_1047,UTR534316457809,CARD,CREDIT_CARD,BANK_E,CAPTURED,,,433000,8227,INR,2026-07-24T12:36:47+05:30,2026-07-24T12:37:20+05:30,2026-07-28
TXN_105,M123,ref_txn_105,UTR709156423578,CARD,OTHER_DEBIT,BANK_C,CAPTURED,,,288000,2592,INR,2026-07-25T21:48:15+05:30,2026-07-25T21:49:42+05:30,2026-07-29
TXN_1052,M123,ref_txn_1052,UTR812574291975,UPI,UPI_BANK_ACCOUNT,BANK_B,CAPTURED,,,50000,0,INR,2026-07-11T10:26:19+05:30,2026-07-11T10:27:15+05:30,2026-07-15
TXN_1056,M123,ref_txn_1056,UTR886193757638,CARD,CREDIT_CARD,BANK_F,CAPTURED,,,340500,6470,INR,2026-06-14T19:42:59+05:30,2026-06-14T19:43:14+05:30,2026-06-17
TXN_1058,M123,ref_txn_1058,UTR262035318102,UPI,UPI_BANK_ACCOUNT,BANK_D,CAPTURED,,,22100,0,INR,2026-06-03T10:32:40+05:30,2026-06-03T10:34:06+05:30,2026-06-05
TXN_1059,M123,ref_txn_1059,,UPI,UPI_RUPAY_CREDIT,BANK_B,FAILED,BUSINESS_DECLINE,INVALID_BENEFICIARY,82700,0,INR,2026-07-28T12:24:54+05:30,,
TXN_1061,M123,ref_txn_1061,,UPI,UPI_BANK_ACCOUNT,BANK_D,FAILED,BUSINESS_DECLINE,INVALID_BENEFICIARY,108700,0,INR,2026-05-26T18:12:07+05:30,,
TXN_1062,M123,ref_txn_1062,UTR747405646563,UPI,UPI_BANK_ACCOUNT,BANK_A,CAPTURED,,,88000,0,INR,2026-05-31T16:57:14+05:30,2026-05-31T16:58:09+05:30,2026-06-03
TXN_1069,M123,ref_txn_1069,UTR302722561287,UPI,UPI_BANK_ACCOUNT,BANK_F,CAPTURED,,,107200,0,INR,2026-08-03T10:57:49+05:30,2026-08-03T10:58:38+05:30,2026-08-05
TXN_107,M123,ref_txn_107,UTR765383787826,UPI,UPI_BANK_ACCOUNT,BANK_B,CAPTURED,,,51500,0,INR,2026-08-13T16:57:14+05:30,2026-08-13T16:58:43+05:30,2026-08-17
TXN_1071,M123,ref_txn_1071,UTR915270839832,UPI,UPI_BANK_ACCOUNT,BANK_B,CAPTURED,,,61800,0,INR,2026-07-17T13:52:31+05:30,2026-07-17T13:53:52+05:30,2026-07-21
TXN_1072,M123,ref_txn_1072,UTR404911227195,UPI,UPI_BANK_ACCOUNT,BANK_A,CAPTURED,,,8900,0,INR,2026-06-10T11:35:01+05:30,2026-06-10T11:35:09+05:30,2026-06-12
TXN_1075,M123,ref_txn_1075,UTR407139186627,CARD,CREDIT_CARD,BANK_A,CAPTURED,,,76300,1450,INR,2026-08-05T17:38:02+05:30,2026-08-05T17:38:25+05:30,2026-08-07
TXN_1076,M123,ref_txn_1076,UTR744525816142,UPI,UPI_BANK_ACCOUNT,BANK_A,CAPTURED,,,32500,0,INR,2026-08-20T17:38:15+05:30,2026-08-20T17:38:36+05:30,2026-08-24
TXN_1079,M123,ref_txn_1079,,UPI,UPI_BANK_ACCOUNT,BANK_E,CAPTURED,,,69700,0,INR,2026-06-10T16:54:37+05:30,2026-06-10T16:55:33+05:30,2026-06-12
TXN_1080,M123,ref_txn_1080,,NETBANKING,NETBANKING,BANK_E,CAPTURED,,,519400,1200,INR,2026-06-02T21:53:06+05:30,2026-06-02T21:54:07+05:30,2026-06-05
TXN_1084,M123,ref_txn_1084,UTR451877270125,UPI,UPI_PPI_WALLET,BANK_A,CAPTURED,,,14200,0,INR,2026-08-01T15:48:45+05:30,2026-08-01T15:49:09+05:30,2026-08-05
TXN_1087,M123,ref_txn_1087,UTR654368137360,UPI,UPI_BANK_ACCOUNT,BANK_B,CAPTURED,,,142100,0,INR,2026-05-31T12:54:07+05:30,2026-05-31T12:55:05+05:30,2026-06-03
TXN_1094,M123,ref_txn_1094,UTR267695953481,UPI,UPI_BANK_ACCOUNT,BANK_A,CAPTURED,,,28900,0,INR,2026-06-12T13:58:30+05:30,2026-06-12T13:58:53+05:30,2026-06-16
TXN_1095,M123,ref_txn_1095,UTR179209280004,CARD,OTHER_DEBIT,BANK_E,CAPTURED,,,557600,5018,INR,2026-06-28T10:32:10+05:30,2026-06-28T10:33:09+05:30,2026-07-01
TXN_1096,M123,ref_txn_1096,UTR945220829814,CARD,RUPAY_DEBIT,BANK_A,CAPTURED,,,190600,0,INR,2026-06-24T18:01:42+05:30,2026-06-24T18:01:58+05:30,2026-06-29
TXN_1103,M123,ref_txn_1103,,UPI,UPI_BANK_ACCOUNT,BANK_A,FAILED,BUSINESS_DECLINE,AUTHENTICATION_FAILURE,43900,0,INR,2026-08-02T12:40:53+05:30,,
TXN_1105,M123,ref_txn_1105,UTR702906158941,UPI,UPI_BANK_ACCOUNT,BANK_E,CAPTURED,,,73200,0,INR,2026-06-16T13:09:12+05:30,2026-06-16T13:09:20+05:30,2026-06-18
TXN_1106,M123,ref_txn_1106,UTR661948324082,CARD,OTHER_DEBIT,BANK_A,CAPTURED,,,210900,1898,INR,2026-05-30T11:05:47+05:30,2026-05-30T11:06:13+05:30,2026-06-03
TXN_1107,M123,ref_txn_1107,UTR136527136152,UPI,UPI_BANK_ACCOUNT,BANK_C,CAPTURED,,,52200,0,INR,2026-07-03T16:50:33+05:30,2026-07-03T16:50:54+05:30,2026-07-07
TXN_1109,M123,ref_txn_1109,UTR993604098978,UPI,UPI_BANK_ACCOUNT,BANK_F,CAPTURED,,,29700,0,INR,2026-06-13T09:23:06+05:30,2026-06-13T09:24:00+05:30,2026-06-17
TXN_1112,M123,ref_txn_1112,UTR785908301061,UPI,UPI_BANK_ACCOUNT,BANK_D,CAPTURED,,,55300,0,INR,2026-07-21T17:59:00+05:30,2026-07-21T18:00:06+05:30,2026-07-24
TXN_1113,M123,ref_txn_1113,UTR784458615763,WALLET,WALLET,BANK_F,CAPTURED,,,19300,318,INR,2026-06-13T11:19:08+05:30,2026-06-13T11:19:53+05:30,2026-06-17
TXN_1116,M123,ref_txn_1116,UTR925365725048,UPI,UPI_BANK_ACCOUNT,BANK_D,CAPTURED,,,43600,0,INR,2026-07-03T16:13:46+05:30,2026-07-03T16:15:15+05:30,2026-07-07
TXN_1118,M123,ref_txn_1118,UTR505563627711,UPI,UPI_PPI_WALLET,BANK_F,CAPTURED,,,62300,0,INR,2026-08-01T17:22:31+05:30,2026-08-01T17:23:25+05:30,2026-08-05
TXN_1125,M123,ref_txn_1125,UTR619316663592,UPI,UPI_BANK_ACCOUNT,BANK_B,CAPTURED,,,90100,0,INR,2026-06-03T17:24:51+05:30,2026-06-03T17:25:44+05:30,2026-06-05
TXN_1126,M123,ref_txn_1126,UTR857315265077,UPI,UPI_BANK_ACCOUNT,BANK_C,CAPTURED,,,7200,0,INR,2026-06-15T15:22:52+05:30,2026-06-15T15:23:26+05:30,2026-06-17
TXN_1127,M123,ref_txn_1127,UTR763621527722,UPI,UPI_BANK_ACCOUNT,BANK_D,CAPTURED,,,131000,0,INR,2026-07-06T18:23:11+05:30,2026-07-06T18:23:36+05:30,2026-07-09
TXN_113,M123,ref_txn_113,UTR531939887150,NETBANKING,NETBANKING,BANK_A,CAPTURED,,,666000,1200,INR,2026-07-08T11:00:15+05:30,2026-07-08T11:00:47+05:30,2026-07-10
TXN_1132,M123,ref_txn_1132,UTR935600656343,UPI,UPI_BANK_ACCOUNT,BANK_D,CAPTURED,,,22600,0,INR,2026-06-21T16:06:57+05:30,2026-06-21T16:07:49+05:30,2026-06-24
TXN_1141,M123,ref_txn_1141,UTR200841566728,UPI,UPI_BANK_ACCOUNT,BANK_A,CAPTURED,,,140400,0,INR,2026-07-11T18:45:19+05:30,2026-07-11T18:46:27+05:30,2026-07-15
TXN_1142,M123,ref_txn_1142,UTR807177961476,UPI,UPI_BANK_ACCOUNT,BANK_E,CAPTURED,,,55700,0,INR,2026-07-13T18:28:34+05:30,2026-07-13T18:29:30+05:30,2026-07-16
TXN_1149,M123,ref_txn_1149,UTR985127456016,UPI,UPI_BANK_ACCOUNT,BANK_A,CAPTURED,,,34500,0,INR,2026-06-14T10:57:43+05:30,2026-06-14T10:58:28+05:30,2026-06-17
TXN_115,M123,ref_txn_115,UTR336663082638,UPI,UPI_BANK_ACCOUNT,BANK_A,CAPTURED,,,61400,0,INR,2026-08-03T13:58:34+05:30,2026-08-03T13:58:58+05:30,2026-08-05
TXN_1151,M123,ref_txn_1151,UTR940306832007,WALLET,WALLET,BANK_A,CAPTURED,,,25800,426,INR,2026-08-08T10:09:54+05:30,2026-08-08T10:10:15+05:30,2026-08-12
TXN_1152,M123,ref_txn_1152,UTR881415338391,WALLET,WALLET,BANK_D,CAPTURED,,,104300,1721,INR,2026-06-23T16:46:06+05:30,2026-06-23T16:46:37+05:30,2026-06-25
TXN_1153,M123,ref_txn_1153,UTR271795602656,UPI,UPI_BANK_ACCOUNT,BANK_F,CAPTURED,,,17800,0,INR,2026-06-25T18:16:12+05:30,2026-06-25T18:16:52+05:30,2026-06-30
TXN_1154,M123,ref_txn_1154,UTR523084216424,UPI,UPI_BANK_ACCOUNT,BANK_E,CAPTURED,,,6800,0,INR,2026-06-03T11:19:05+05:30,2026-06-03T11:20:08+05:30,2026-06-05
TXN_1156,M123,ref_txn_1156,UTR703128992345,UPI,UPI_BANK_ACCOUNT,BANK_B,CAPTURED,,,60900,0,INR,2026-06-22T19:51:39+05:30,2026-06-22T19:52:56+05:30,2026-06-25
TXN_1157,M123,ref_txn_1157,,UPI,UPI_BANK_ACCOUNT,BANK_C,CAPTURED,,,29400,0,INR,2026-06-27T19:07:05+05:30,2026-06-27T19:08:15+05:30,2026-07-01
TXN_1158,M123,ref_txn_1158,UTR396279422770,UPI,UPI_BANK_ACCOUNT,BANK_D,CAPTURED,,,136000,0,INR,2026-07-08T17:12:10+05:30,2026-07-08T17:12:30+05:30,2026-07-10
TXN_116,M123,ref_txn_116,UTR689741208984,CARD,CREDIT_CARD,BANK_C,CAPTURED,,,117200,2227,INR,2026-06-11T14:12:59+05:30,2026-06-11T14:13:42+05:30,2026-06-15
TXN_1160,M123,ref_txn_1160,UTR521317319397,CARD,CREDIT_CARD,BANK_E,CAPTURED,,,473100,8989,INR,2026-06-15T15:55:38+05:30,2026-06-15T15:56:01+05:30,2026-06-17
TXN_1161,M123,ref_txn_1161,UTR247650792036,UPI,UPI_PPI_WALLET,BANK_D,CAPTURED,,,22000,0,INR,2026-05-27T13:05:18+05:30,2026-05-27T13:06:44+05:30,2026-05-29
TXN_1162,M123,ref_txn_1162,UTR232113225931,UPI,UPI_BANK_ACCOUNT,BANK_E,CAPTURED,,,119900,0,INR,2026-06-01T15:19:44+05:30,2026-06-01T15:20:19+05:30,2026-06-03
TXN_117,M123,ref_txn_117,UTR226121244980,UPI,UPI_BANK_ACCOUNT,BANK_C,CAPTURED,,,99300,0,INR,2026-07-18T16:32:16+05:30,2026-07-18T16:32:48+05:30,2026-07-22
TXN_1170,M123,ref_txn_1170,UTR228929180458,UPI,UPI_BANK_ACCOUNT,BANK_D,CAPTURED,,,65800,0,INR,2026-08-17T16:11:19+05:30,2026-08-17T16:12:48+05:30,2026-08-19
TXN_1171,M123,ref_txn_1171,UTR710924012749,UPI,UPI_BANK_ACCOUNT,BANK_B,CAPTURED,,,73900,0,INR,2026-07-17T13:09:41+05:30,2026-07-17T13:10:36+05:30,2026-07-21
TXN_1174,M123,ref_txn_1174,UTR691467729566,CARD,CREDIT_CARD,BANK_B,CAPTURED,,,66900,1271,INR,2026-08-01T11:39:18+05:30,2026-08-01T11:39:59+05:30,2026-08-05
TXN_1178,M123,ref_txn_1178,UTR834544260113,UPI,UPI_BANK_ACCOUNT,BANK_A,CAPTURED,,,36800,0,INR,2026-06-17T18:29:33+05:30,2026-06-17T18:30:12+05:30,2026-06-22
TXN_1179,M123,ref_txn_1179,UTR875900828956,UPI,UPI_BANK_ACCOUNT,BANK_A,CAPTURED,,,68000,0,INR,2026-06-23T13:31:23+05:30,2026-06-23T13:32:19+05:30,2026-06-25
TXN_1181,M123,ref_txn_1181,UTR805252464836,UPI,UPI_BANK_ACCOUNT,BANK_A,CAPTURED,,,29200,0,INR,2026-07-01T12:12:00+05:30,2026-07-01T12:12:09+05:30,2026-07-03
TXN_1188,M123,ref_txn_1188,UTR394986351104,UPI,UPI_BANK_ACCOUNT,BANK_C,CAPTURED,,,8800,0,INR,2026-07-28T16:36:59+05:30,2026-07-28T16:37:34+05:30,2026-07-30
TXN_1189,M123,ref_txn_1189,,CARD,OTHER_DEBIT,BANK_A,CAPTURED,,,165900,1493,INR,2026-06-27T11:22:29+05:30,2026-06-27T11:23:06+05:30,2026-07-01
TXN_1191,M123,ref_txn_1191,UTR328818449800,WALLET,WALLET,BANK_A,CAPTURED,,,21900,361,INR,2026-07-09T16:21:56+05:30,2026-07-09T16:23:15+05:30,2026-07-13
TXN_1192,M123,ref_txn_1192,UTR489452549560,UPI,UPI_BANK_ACCOUNT,BANK_D,CAPTURED,,,152500,0,INR,2026-08-05T15:36:43+05:30,2026-08-05T15:37:24+05:30,2026-08-07
TXN_1193,M123,ref_txn_1193,,UPI,UPI_BANK_ACCOUNT,BANK_A,CAPTURED,,,107900,0,INR,2026-07-03T13:50:03+05:30,2026-07-03T13:51:06+05:30,2026-07-07
TXN_1195,M123,ref_txn_1195,UTR378704485061,UPI,UPI_BANK_ACCOUNT,BANK_F,CAPTURED,,,38500,0,INR,2026-06-10T14:50:11+05:30,2026-06-10T14:51:01+05:30,2026-06-12
TXN_1198,M123,ref_txn_1198,UTR559490070173,UPI,UPI_BANK_ACCOUNT,BANK_B,CAPTURED,,,61200,0,INR,2026-06-08T10:06:17+05:30,2026-06-08T10:07:30+05:30,2026-06-10
TXN_1199,M123,ref_txn_1199,UTR599086652079,UPI,UPI_BANK_ACCOUNT,BANK_B,CAPTURED,,,86100,0,INR,2026-07-26T12:03:38+05:30,2026-07-26T12:04:12+05:30,2026-07-29
TXN_120,M123,ref_txn_120,,UPI,UPI_BANK_ACCOUNT,BANK_A,CAPTURED,,,128700,0,INR,2026-07-10T16:59:06+05:30,2026-07-10T16:59:32+05:30,2026-07-14
TXN_1202,M123,ref_txn_1202,UTR863522376703,CARD,CREDIT_CARD,BANK_B,CAPTURED,,,443900,8434,INR,2026-07-01T17:44:02+05:30,2026-07-01T17:44:24+05:30,2026-07-03
TXN_1203,M123,ref_txn_1203,UTR364884810035,UPI,UPI_BANK_ACCOUNT,BANK_A,CAPTURED,,,18700,0,INR,2026-07-17T21:57:45+05:30,2026-07-17T21:57:50+05:30,2026-07-22
TXN_1204,M123,ref_txn_1204,UTR837855303381,UPI,UPI_BANK_ACCOUNT,BANK_B,CAPTURED,,,15700,0,INR,2026-07-05T17:45:55+05:30,2026-07-05T17:47:24+05:30,2026-07-08
TXN_1209,M123,ref_txn_1209,,UPI,UPI_BANK_ACCOUNT,BANK_B,CAPTURED,,,131400,0,INR,2026-06-01T12:16:22+05:30,2026-06-01T12:17:40+05:30,2026-06-03
TXN_121,M123,ref_txn_121,UTR539762761878,UPI,UPI_BANK_ACCOUNT,BANK_B,CAPTURED,,,65900,0,INR,2026-07-10T16:23:13+05:30,2026-07-10T16:24:35+05:30,2026-07-14
TXN_1211,M123,ref_txn_1211,UTR987923883372,UPI,UPI_BANK_ACCOUNT,BANK_A,CAPTURED,,,142600,0,INR,2026-08-11T10:18:47+05:30,2026-08-11T10:19:31+05:30,2026-08-13
TXN_1215,M123,ref_txn_1215,UTR645753886497,CARD,OTHER_DEBIT,BANK_C,CAPTURED,,,580000,5220,INR,2026-08-05T11:00:58+05:30,2026-08-05T11:01:06+05:30,2026-08-07
TXN_1219,M123,ref_txn_1219,UTR566701532436,UPI,UPI_BANK_ACCOUNT,BANK_A,CAPTURED,,,37800,0,INR,2026-05-30T14:28:01+05:30,2026-05-30T14:28:20+05:30,2026-06-03
TXN_122,M123,ref_txn_122,UTR122858159628,UPI,UPI_BANK_ACCOUNT,BANK_E,CAPTURED,,,64700,0,INR,2026-06-20T19:55:25+05:30,2026-06-20T19:56:33+05:30,2026-06-24
TXN_1221,M123,ref_txn_1221,UTR277628618029,UPI,UPI_BANK_ACCOUNT,BANK_E,CAPTURED,,,85300,0,INR,2026-08-02T15:56:33+05:30,2026-08-02T15:56:44+05:30,2026-08-05
TXN_1223,M123,ref_txn_1223,UTR942164787591,UPI,UPI_BANK_ACCOUNT,BANK_E,CAPTURED,,,12000,0,INR,2026-08-11T12:21:07+05:30,2026-08-11T12:22:16+05:30,2026-08-13
TXN_1224,M123,ref_txn_1224,UTR818389342757,UPI,UPI_BANK_ACCOUNT,BANK_B,CAPTURED,,,89200,0,INR,2026-05-27T18:56:59+05:30,2026-05-27T18:57:07+05:30,2026-06-01
TXN_1225,M123,ref_txn_1225,UTR590260272255,UPI,UPI_BANK_ACCOUNT,BANK_D,CAPTURED,,,61600,0,INR,2026-06-16T10:22:04+05:30,2026-06-16T10:23:29+05:30,2026-06-18
TXN_1226,M123,ref_txn_1226,UTR299920258599,UPI,UPI_BANK_ACCOUNT,BANK_E,CAPTURED,,,79400,0,INR,2026-08-06T16:29:35+05:30,2026-08-06T16:29:42+05:30,2026-08-10
TXN_1229,M123,ref_txn_1229,UTR352782357324,UPI,UPI_BANK_ACCOUNT,BANK_A,CAPTURED,,,14500,0,INR,2026-08-20T10:07:05+05:30,2026-08-20T10:08:16+05:30,2026-08-24
TXN_1232,M123,ref_txn_1232,UTR298029450859,UPI,UPI_BANK_ACCOUNT,BANK_A,CAPTURED,,,14900,0,INR,2026-08-04T18:36:21+05:30,2026-08-04T18:37:11+05:30,2026-08-07
TXN_1234,M123,ref_txn_1234,,UPI,UPI_BANK_ACCOUNT,BANK_A,FAILED,TECHNICAL_DECLINE,BANK_TIMEOUT,10300,0,INR,2026-08-09T18:33:27+05:30,,
TXN_1236,M123,ref_txn_1236,UTR326237880330,UPI,UPI_BANK_ACCOUNT,BANK_A,CAPTURED,,,37900,0,INR,2026-08-06T19:30:18+05:30,2026-08-06T19:31:06+05:30,2026-08-11
TXN_124,M123,ref_txn_124,,UPI,UPI_PPI_WALLET,BANK_A,FAILED,BUSINESS_DECLINE,INSUFFICIENT_FUNDS,44900,0,INR,2026-06-13T21:05:20+05:30,,
TXN_1241,M123,ref_txn_1241,,UPI,UPI_BANK_ACCOUNT,BANK_B,FAILED,BUSINESS_DECLINE,LIMIT_EXCEEDED,25300,0,INR,2026-07-01T11:32:05+05:30,,
TXN_1246,M123,ref_txn_1246,,CARD,CREDIT_CARD,BANK_D,CAPTURED,,,112800,2143,INR,2026-06-28T10:02:57+05:30,2026-06-28T10:03:17+05:30,2026-07-01
TXN_1247,M123,ref_txn_1247,UTR953879835669,NETBANKING,NETBANKING,BANK_D,CAPTURED,,,228000,1200,INR,2026-07-29T11:58:22+05:30,2026-07-29T11:59:21+05:30,2026-07-31
TXN_1248,M123,ref_txn_1248,UTR456261955069,UPI,UPI_PPI_WALLET,BANK_D,CAPTURED,,,18700,0,INR,2026-07-17T12:53:04+05:30,2026-07-17T12:53:35+05:30,2026-07-21
TXN_125,M123,ref_txn_125,UTR484337040989,UPI,UPI_BANK_ACCOUNT,BANK_C,CAPTURED,,,146900,0,INR,2026-06-10T14:11:28+05:30,2026-06-10T14:12:16+05:30,2026-06-12
TXN_1252,M123,ref_txn_1252,UTR286263798753,UPI,UPI_BANK_ACCOUNT,BANK_A,CAPTURED,,,17600,0,INR,2026-08-09T14:36:59+05:30,2026-08-09T14:38:16+05:30,2026-08-12
TXN_1253,M123,ref_txn_1253,UTR847202953082,UPI,UPI_BANK_ACCOUNT,BANK_B,CAPTURED,,,52400,0,INR,2026-07-16T11:20:55+05:30,2026-07-16T11:22:13+05:30,2026-07-20
TXN_1254,M123,ref_txn_1254,UTR708430601575,CARD,OTHER_DEBIT,BANK_B,CAPTURED,,,75800,682,INR,2026-06-24T15:36:32+05:30,2026-06-24T15:37:13+05:30,2026-06-26
TXN_1256,M123,ref_txn_1256,UTR362308691837,CARD,RUPAY_DEBIT,BANK_D,CAPTURED,,,166500,0,INR,2026-07-25T16:37:30+05:30,2026-07-25T16:38:32+05:30,2026-07-29
TXN_1257,M123,ref_txn_1257,UTR200588869189,UPI,UPI_BANK_ACCOUNT,BANK_B,CAPTURED,,,58100,0,INR,2026-06-25T19:57:33+05:30,2026-06-25T19:59:02+05:30,2026-06-30
TXN_1261,M123,ref_txn_1261,UTR182474487964,UPI,UPI_PPI_WALLET,BANK_C,CAPTURED,,,32600,0,INR,2026-06-01T16:33:21+05:30,2026-06-01T16:34:41+05:30,2026-06-03
TXN_1262,M123,ref_txn_1262,,UPI,UPI_BANK_ACCOUNT,BANK_B,CAPTURED,,,41300,0,INR,2026-07-06T21:01:46+05:30,2026-07-06T21:02:15+05:30,2026-07-09
TXN_1266,M123,ref_txn_1266,,CARD,RUPAY_DEBIT,BANK_B,FAILED,BUSINESS_DECLINE,INVALID_BENEFICIARY,84500,0,INR,2026-06-13T21:15:38+05:30,,
TXN_1269,M123,ref_txn_1269,UTR138636041735,CARD,CREDIT_CARD,BANK_A,CAPTURED,,,418200,7946,INR,2026-06-07T13:00:27+05:30,2026-06-07T13:01:36+05:30,2026-06-10
TXN_127,M123,ref_txn_127,UTR974357501234,WALLET,WALLET,BANK_E,CAPTURED,,,64600,1066,INR,2026-06-15T19:16:48+05:30,2026-06-15T19:17:35+05:30,2026-06-18
TXN_1274,M123,ref_txn_1274,UTR442736076673,CARD,CREDIT_CARD,BANK_B,CAPTURED,,,98700,1875,INR,2026-06-26T12:54:46+05:30,2026-06-26T12:55:42+05:30,2026-06-30
TXN_1278,M123,ref_txn_1278,UTR377133882067,UPI,UPI_BANK_ACCOUNT,BANK_D,CAPTURED,,,66100,0,INR,2026-08-07T16:57:59+05:30,2026-08-07T16:59:07+05:30,2026-08-11
TXN_1286,M123,ref_txn_1286,,UPI,UPI_BANK_ACCOUNT,BANK_D,CAPTURED,,,37000,0,INR,2026-08-02T12:10:14+05:30,2026-08-02T12:10:37+05:30,2026-08-05
TXN_1288,M123,ref_txn_1288,UTR439392813872,UPI,UPI_RUPAY_CREDIT,BANK_B,CAPTURED,,,78600,0,INR,2026-07-11T18:11:16+05:30,2026-07-11T18:11:41+05:30,2026-07-15
TXN_1292,M123,ref_txn_1292,UTR659842882546,CARD,CREDIT_CARD,BANK_B,CAPTURED,,,386800,7349,INR,2026-07-02T19:57:41+05:30,2026-07-02T19:58:48+05:30,2026-07-07
TXN_1294,M123,ref_txn_1294,UTR725404876886,UPI,UPI_BANK_ACCOUNT,BANK_B,CAPTURED,,,54500,0,INR,2026-06-10T10:54:32+05:30,2026-06-10T10:54:47+05:30,2026-06-12
TXN_1295,M123,ref_txn_1295,UTR936699051145,UPI,UPI_BANK_ACCOUNT,BANK_D,CAPTURED,,,98400,0,INR,2026-07-02T11:03:18+05:30,2026-07-02T11:03:47+05:30,2026-07-06
TXN_1296,M123,ref_txn_1296,UTR797095471991,UPI,UPI_RUPAY_CREDIT,BANK_B,CAPTURED,,,150100,0,INR,2026-07-07T14:33:29+05:30,2026-07-07T14:33:45+05:30,2026-07-09
TXN_13,M123,ref_txn_13,UTR383617420913,UPI,UPI_BANK_ACCOUNT,BANK_B,CAPTURED,,,41500,0,INR,2026-06-03T14:42:54+05:30,2026-06-03T14:43:52+05:30,2026-06-05
TXN_1301,M123,ref_txn_1301,UTR908809098154,UPI,UPI_BANK_ACCOUNT,BANK_A,CAPTURED,,,27000,0,INR,2026-08-10T13:26:50+05:30,2026-08-10T13:27:57+05:30,2026-08-12
TXN_1303,M123,ref_txn_1303,UTR523642880955,UPI,UPI_PPI_WALLET,BANK_A,CAPTURED,,,136900,0,INR,2026-07-23T13:14:52+05:30,2026-07-23T13:15:51+05:30,2026-07-27
TXN_1307,M123,ref_txn_1307,UTR598283175176,WALLET,WALLET,BANK_A,CAPTURED,,,49900,823,INR,2026-07-22T15:17:54+05:30,2026-07-22T15:18:04+05:30,2026-07-24
TXN_1309,M123,ref_txn_1309,UTR225575847198,CARD,RUPAY_DEBIT,BANK_C,CAPTURED,,,216100,0,INR,2026-08-01T17:49:59+05:30,2026-08-01T17:50:09+05:30,2026-08-05
TXN_1312,M123,ref_txn_1312,UTR250581222763,NETBANKING,NETBANKING,BANK_B,CAPTURED,,,662900,1200,INR,2026-07-01T19:14:47+05:30,2026-07-01T19:15:39+05:30,2026-07-06
TXN_1316,M123,ref_txn_1316,UTR129132458837,UPI,UPI_BANK_ACCOUNT,BANK_C,CAPTURED,,,75500,0,INR,2026-08-21T10:20:38+05:30,2026-08-21T10:21:41+05:30,2026-08-25
TXN_1322,M123,ref_txn_1322,,UPI,UPI_BANK_ACCOUNT,BANK_D,CAPTURED,,,44400,0,INR,2026-06-24T17:15:13+05:30,2026-06-24T17:15:30+05:30,2026-06-26
TXN_1327,M123,ref_txn_1327,UTR850326186045,UPI,UPI_BANK_ACCOUNT,BANK_B,CAPTURED,,,26000,0,INR,2026-06-21T13:08:52+05:30,2026-06-21T13:09:45+05:30,2026-06-24
TXN_1330,M123,ref_txn_1330,UTR273189253774,UPI,UPI_PPI_WALLET,BANK_D,CAPTURED,,,105000,0,INR,2026-06-06T11:36:14+05:30,2026-06-06T11:36:43+05:30,2026-06-10
TXN_1334,M123,ref_txn_1334,UTR117129965403,NETBANKING,NETBANKING,BANK_A,CAPTURED,,,337100,1200,INR,2026-07-01T11:32:03+05:30,2026-07-01T11:32:37+05:30,2026-07-03
TXN_1337,M123,ref_txn_1337,UTR759351223647,WALLET,WALLET,BANK_B,CAPTURED,,,21100,348,INR,2026-06-21T11:53:25+05:30,2026-06-21T11:54:37+05:30,2026-06-24
TXN_1339,M123,ref_txn_1339,UTR785753815768,UPI,UPI_BANK_ACCOUNT,BANK_B,CAPTURED,,,64800,0,INR,2026-08-17T18:19:08+05:30,2026-08-17T18:20:05+05:30,2026-08-20
TXN_1340,M123,ref_txn_1340,UTR970819986023,UPI,UPI_BANK_ACCOUNT,BANK_E,CAPTURED,,,18700,0,INR,2026-06-05T21:16:29+05:30,2026-06-05T21:16:48+05:30,2026-06-10
TXN_1342,M123,ref_txn_1342,UTR547660527133,UPI,UPI_BANK_ACCOUNT,BANK_A,CAPTURED,,,64600,0,INR,2026-06-21T12:55:14+05:30,2026-06-21T12:55:58+05:30,2026-06-24
TXN_1344,M123,ref_txn_1344,UTR770255357297,CARD,OTHER_DEBIT,BANK_C,CAPTURED,,,65300,588,INR,2026-07-26T09:02:57+05:30,2026-07-26T09:04:24+05:30,2026-07-29
TXN_1346,M123,ref_txn_1346,UTR655347204229,UPI,UPI_BANK_ACCOUNT,BANK_D,CAPTURED,,,127100,0,INR,2026-08-06T14:12:39+05:30,2026-08-06T14:13:22+05:30,2026-08-10
TXN_1351,M123,ref_txn_1351,UTR685807126672,CARD,OTHER_DEBIT,BANK_B,CAPTURED,,,604500,5441,INR,2026-06-03T18:55:13+05:30,2026-06-03T18:55:27+05:30,2026-06-08
TXN_1352,M123,ref_txn_1352,UTR727386592697,UPI,UPI_BANK_ACCOUNT,BANK_C,CAPTURED,,,58000,0,INR,2026-07-19T16:55:24+05:30,2026-07-19T16:56:51+05:30,2026-07-22
TXN_1353,M123,ref_txn_1353,UTR707262588661,UPI,UPI_BANK_ACCOUNT,BANK_F,CAPTURED,,,142700,0,INR,2026-06-05T16:55:40+05:30,2026-06-05T16:56:50+05:30,2026-06-09
TXN_1356,M123,ref_txn_1356,UTR368273987631,UPI,UPI_BANK_ACCOUNT,BANK_A,CAPTURED,,,104900,0,INR,2026-06-21T21:22:33+05:30,2026-06-21T21:23:36+05:30,2026-06-24
TXN_136,M123,ref_txn_136,UTR857982132973,CARD,CREDIT_CARD,BANK_D,CAPTURED,,,508300,9658,INR,2026-05-26T10:51:31+05:30,2026-05-26T10:52:18+05:30,2026-05-28
TXN_1362,M123,ref_txn_1362,UTR641347093191,UPI,UPI_BANK_ACCOUNT,BANK_B,CAPTURED,,,70200,0,INR,2026-08-22T14:20:37+05:30,2026-08-22T14:21:10+05:30,2026-08-26
TXN_1363,M123,ref_txn_1363,UTR539970208593,UPI,UPI_BANK_ACCOUNT,BANK_E,CAPTURED,,,141700,0,INR,2026-06-07T11:23:33+05:30,2026-06-07T11:24:03+05:30,2026-06-10
TXN_1367,M123,ref_txn_1367,,UPI,UPI_BANK_ACCOUNT,BANK_A,FAILED,BUSINESS_DECLINE,AUTHENTICATION_FAILURE,28000,0,INR,2026-06-04T10:39:18+05:30,,
TXN_1368,M123,ref_txn_1368,,UPI,UPI_BANK_ACCOUNT,BANK_E,FAILED,BUSINESS_DECLINE,INSUFFICIENT_FUNDS,56200,0,INR,2026-06-21T11:10:03+05:30,,
TXN_1374,M123,ref_txn_1374,UTR811079270988,UPI,UPI_BANK_ACCOUNT,BANK_C,CAPTURED,,,33600,0,INR,2026-08-17T19:49:25+05:30,2026-08-17T19:49:45+05:30,2026-08-20
TXN_1376,M123,ref_txn_1376,UTR804104753353,WALLET,WALLET,BANK_A,CAPTURED,,,67200,1109,INR,2026-08-06T21:46:16+05:30,2026-08-06T21:47:29+05:30,2026-08-11
TXN_1378,M123,ref_txn_1378,UTR700039469555,UPI,UPI_BANK_ACCOUNT,BANK_E,CAPTURED,,,42500,0,INR,2026-07-17T16:08:46+05:30,2026-07-17T16:09:01+05:30,2026-07-21
TXN_1385,M123,ref_txn_1385,UTR988113461796,CARD,CREDIT_CARD,BANK_A,CAPTURED,,,97000,1843,INR,2026-07-18T16:52:22+05:30,2026-07-18T16:53:15+05:30,2026-07-22
TXN_1386,M123,ref_txn_1386,UTR602081115203,UPI,UPI_BANK_ACCOUNT,BANK_F,CAPTURED,,,24600,0,INR,2026-07-21T10:09:48+05:30,2026-07-21T10:10:11+05:30,2026-07-23
TXN_1388,M123,ref_txn_1388,UTR946733749018,UPI,UPI_BANK_ACCOUNT,BANK_A,CAPTURED,,,92900,0,INR,2026-06-19T10:44:30+05:30,2026-06-19T10:45:57+05:30,2026-06-23
TXN_140,M123,ref_txn_140,UTR683763513035,UPI,UPI_BANK_ACCOUNT,BANK_E,CAPTURED,,,94700,0,INR,2026-07-19T14:02:47+05:30,2026-07-19T14:02:57+05:30,2026-07-22
TXN_1403,M123,ref_txn_1403,UTR218671130355,CARD,RUPAY_DEBIT,BANK_A,CAPTURED,,,513800,0,INR,2026-06-04T12:19:23+05:30,2026-06-04T12:20:49+05:30,2026-06-08
TXN_1405,M123,ref_txn_1405,UTR285708456633,UPI,UPI_BANK_ACCOUNT,BANK_E,CAPTURED,,,117800,0,INR,2026-07-21T12:54:13+05:30,2026-07-21T12:54:58+05:30,2026-07-23
TXN_1406,M123,ref_txn_1406,UTR499335213345,UPI,UPI_BANK_ACCOUNT,BANK_A,CAPTURED,,,31100,0,INR,2026-05-29T13:15:17+05:30,2026-05-29T13:15:51+05:30,2026-06-02
TXN_1408,M123,ref_txn_1408,UTR936767207643,WALLET,WALLET,BANK_D,CAPTURED,,,103500,1708,INR,2026-06-02T17:01:55+05:30,2026-06-02T17:03:04+05:30,2026-06-04
TXN_141,M123,ref_txn_141,UTR549039132973,UPI,UPI_BANK_ACCOUNT,BANK_C,CAPTURED,,,20300,0,INR,2026-06-04T19:48:57+05:30,2026-06-04T19:49:47+05:30,2026-06-09
TXN_1410,M123,ref_txn_1410,UTR841194385015,CARD,CREDIT_CARD,BANK_B,CAPTURED,,,157700,2996,INR,2026-08-16T12:42:28+05:30,2026-08-16T12:42:50+05:30,2026-08-19
TXN_1412,M123,ref_txn_1412,UTR900684262475,CARD,CREDIT_CARD,BANK_A,CAPTURED,,,321100,6101,INR,2026-08-02T12:09:53+05:30,2026-08-02T12:10:51+05:30,2026-08-05
TXN_1414,M123,ref_txn_1414,UTR315518845697,UPI,UPI_BANK_ACCOUNT,BANK_A,CAPTURED,,,19900,0,INR,2026-06-27T11:46:31+05:30,2026-06-27T11:47:02+05:30,2026-07-01
TXN_1415,M123,ref_txn_1415,UTR859566435351,UPI,UPI_BANK_ACCOUNT,BANK_C,CAPTURED,,,99100,0,INR,2026-07-29T16:44:58+05:30,2026-07-29T16:45:31+05:30,2026-07-31
TXN_1416,M123,ref_txn_1416,UTR199641710082,UPI,UPI_BANK_ACCOUNT,BANK_B,CAPTURED,,,90800,0,INR,2026-07-09T11:26:50+05:30,2026-07-09T11:27:01+05:30,2026-07-13
TXN_1419,M123,ref_txn_1419,UTR364182083116,CARD,CREDIT_CARD,BANK_A,CAPTURED,,,113500,2157,INR,2026-06-26T11:46:55+05:30,2026-06-26T11:47:52+05:30,2026-06-30
TXN_142,M123,ref_txn_142,UTR963705315819,UPI,UPI_BANK_ACCOUNT,BANK_C,CAPTURED,,,140300,0,INR,2026-06-13T17:55:49+05:30,2026-06-13T17:56:02+05:30,2026-06-17
TXN_1421,M123,ref_txn_1421,UTR371796080038,UPI,UPI_BANK_ACCOUNT,BANK_B,CAPTURED,,,140700,0,INR,2026-06-16T11:32:58+05:30,2026-06-16T11:33:51+05:30,2026-06-18
TXN_1423,M123,ref_txn_1423,UTR765728724894,UPI,UPI_BANK_ACCOUNT,BANK_B,CAPTURED,,,87100,0,INR,2026-08-19T09:57:39+05:30,2026-08-19T09:58:44+05:30,2026-08-21
TXN_1424,M123,ref_txn_1424,UTR976717518299,UPI,UPI_BANK_ACCOUNT,BANK_A,CAPTURED,,,36500,0,INR,2026-06-01T11:15:25+05:30,2026-06-01T11:16:36+05:30,2026-06-03
TXN_1425,M123,ref_txn_1425,UTR668530203899,UPI,UPI_BANK_ACCOUNT,BANK_A,CAPTURED,,,125600,0,INR,2026-05-31T11:50:17+05:30,2026-05-31T11:51:39+05:30,2026-06-03
TXN_1428,M123,ref_txn_1428,UTR731513471117,UPI,UPI_BANK_ACCOUNT,BANK_C,CAPTURED,,,107000,0,INR,2026-07-21T11:06:35+05:30,2026-07-21T11:07:14+05:30,2026-07-23
TXN_143,M123,ref_txn_143,UTR374333384712,CARD,CREDIT_CARD,BANK_B,CAPTURED,,,76400,1452,INR,2026-07-22T15:35:55+05:30,2026-07-22T15:37:00+05:30,2026-07-24
TXN_1431,M123,ref_txn_1431,UTR528257138421,UPI,UPI_BANK_ACCOUNT,BANK_C,CAPTURED,,,36800,0,INR,2026-08-13T11:55:20+05:30,2026-08-13T11:56:18+05:30,2026-08-17
TXN_1432,M123,ref_txn_1432,UTR509230573215,NETBANKING,NETBANKING,BANK_A,CAPTURED,,,194000,1200,INR,2026-08-03T10:59:01+05:30,2026-08-03T11:00:08+05:30,2026-08-05
TXN_1433,M123,ref_txn_1433,UTR414259839807,UPI,UPI_BANK_ACCOUNT,BANK_B,CAPTURED,,,15900,0,INR,2026-05-29T12:16:53+05:30,2026-05-29T12:17:31+05:30,2026-06-02
TXN_1435,M123,ref_txn_1435,UTR234320960114,UPI,UPI_BANK_ACCOUNT,BANK_B,CAPTURED,,,8800,0,INR,2026-08-20T21:19:16+05:30,2026-08-20T21:20:27+05:30,2026-08-25
TXN_144,M123,ref_txn_144,UTR482133562481,CARD,RUPAY_DEBIT,BANK_C,CAPTURED,,,423700,0,INR,2026-06-05T14:29:12+05:30,2026-06-05T14:30:39+05:30,2026-06-09
TXN_1440,M123,ref_txn_1440,UTR431368480731,NETBANKING,NETBANKING,BANK_A,CAPTURED,,,683900,1200,INR,2026-08-05T14:37:19+05:30,2026-08-05T14:38:43+05:30,2026-08-07
TXN_1441,M123,ref_txn_1441,UTR437110055114,WALLET,WALLET,BANK_B,CAPTURED,,,24200,399,INR,2026-07-01T14:45:56+05:30,2026-07-01T14:47:23+05:30,2026-07-03
TXN_1444,M123,ref_txn_1444,UTR176009559643,UPI,UPI_BANK_ACCOUNT,BANK_A,CAPTURED,,,112300,0,INR,2026-06-25T15:49:03+05:30,2026-06-25T15:49:37+05:30,2026-06-29
TXN_1447,M123,ref_txn_1447,UTR282564961762,UPI,UPI_PPI_WALLET,BANK_C,CAPTURED,,,73700,0,INR,2026-06-22T10:22:15+05:30,2026-06-22T10:22:21+05:30,2026-06-24
TXN_145,M123,ref_txn_145,UTR684983131868,NETBANKING,NETBANKING,BANK_A,CAPTURED,,,952800,1200,INR,2026-07-10T12:46:06+05:30,2026-07-10T12:46:30+05:30,2026-07-14
TXN_1450,M123,ref_txn_1450,UTR113325950616,UPI,UPI_BANK_ACCOUNT,BANK_C,CAPTURED,,,122700,0,INR,2026-08-21T13:35:51+05:30,2026-08-21T13:37:12+05:30,2026-08-25
TXN_1451,M123,ref_txn_1451,UTR551797226770,UPI,UPI_BANK_ACCOUNT,BANK_A,CAPTURED,,,65200,0,INR,2026-06-10T14:35:07+05:30,2026-06-10T14:35:35+05:30,2026-06-12
TXN_1452,M123,ref_txn_1452,,UPI,UPI_BANK_ACCOUNT,BANK_B,FAILED,BUSINESS_DECLINE,LIMIT_EXCEEDED,45200,0,INR,2026-06-17T11:31:46+05:30,,
TXN_1454,M123,ref_txn_1454,UTR266600011006,UPI,UPI_BANK_ACCOUNT,BANK_B,CAPTURED,,,112900,0,INR,2026-08-23T11:53:48+05:30,2026-08-23T11:54:34+05:30,2026-08-26
TXN_1459,M123,ref_txn_1459,UTR789639918634,UPI,UPI_RUPAY_CREDIT,BANK_D,CAPTURED,,,7500,0,INR,2026-06-04T13:38:10+05:30,2026-06-04T13:39:15+05:30,2026-06-08
TXN_146,M123,ref_txn_146,UTR744346822020,UPI,UPI_BANK_ACCOUNT,BANK_B,CAPTURED,,,95000,0,INR,2026-07-14T16:50:56+05:30,2026-07-14T16:51:49+05:30,2026-07-16
TXN_1461,M123,ref_txn_1461,,CARD,CREDIT_CARD,BANK_B,CAPTURED,,,318300,6048,INR,2026-07-06T19:19:46+05:30,2026-07-06T19:20:07+05:30,2026-07-09
TXN_1463,M123,ref_txn_1463,UTR227426163121,NETBANKING,NETBANKING,BANK_B,CAPTURED,,,163700,1200,INR,2026-05-30T21:07:27+05:30,2026-05-30T21:08:17+05:30,2026-06-03
TXN_1464,M123,ref_txn_1464,UTR192382057852,UPI,UPI_BANK_ACCOUNT,BANK_D,CAPTURED,,,17500,0,INR,2026-05-29T18:11:22+05:30,2026-05-29T18:11:46+05:30,2026-06-03
TXN_1466,M123,ref_txn_1466,,UPI,UPI_BANK_ACCOUNT,BANK_A,CAPTURED,,,153700,0,INR,2026-07-24T12:04:35+05:30,2026-07-24T12:05:29+05:30,2026-07-28
TXN_1467,M123,ref_txn_1467,UTR481862238841,UPI,UPI_BANK_ACCOUNT,BANK_A,CAPTURED,,,48700,0,INR,2026-08-15T12:46:41+05:30,2026-08-15T12:46:47+05:30,2026-08-19
TXN_1469,M123,ref_txn_1469,UTR204612035295,UPI,UPI_BANK_ACCOUNT,BANK_A,CAPTURED,,,121300,0,INR,2026-06-26T21:37:43+05:30,2026-06-26T21:38:36+05:30,2026-07-01
TXN_147,M123,ref_txn_147,UTR621511169719,CARD,CREDIT_CARD,BANK_B,CAPTURED,,,70400,1338,INR,2026-08-08T18:06:44+05:30,2026-08-08T18:07:20+05:30,2026-08-12
TXN_1478,M123,ref_txn_1478,UTR430375466452,UPI,UPI_BANK_ACCOUNT,BANK_D,CAPTURED,,,21600,0,INR,2026-07-01T19:23:06+05:30,2026-07-01T19:24:27+05:30,2026-07-06
TXN_1479,M123,ref_txn_1479,UTR320085418516,UPI,UPI_BANK_ACCOUNT,BANK_E,CAPTURED,,,19600,0,INR,2026-08-12T09:54:46+05:30,2026-08-12T09:55:28+05:30,2026-08-14
TXN_1481,M123,ref_txn_1481,UTR252774642145,UPI,UPI_BANK_ACCOUNT,BANK_C,CAPTURED,,,11600,0,INR,2026-07-27T16:41:03+05:30,2026-07-27T16:41:49+05:30,2026-07-29
TXN_1482,M123,ref_txn_1482,UTR676506105758,NETBANKING,NETBANKING,BANK_A,CAPTURED,,,147900,1200,INR,2026-07-22T09:50:52+05:30,2026-07-22T09:52:01+05:30,2026-07-24
TXN_1484,M123,ref_txn_1484,UTR857463562426,UPI,UPI_BANK_ACCOUNT,BANK_B,CAPTURED,,,29300,0,INR,2026-08-12T15:18:44+05:30,2026-08-12T15:19:39+05:30,2026-08-14
TXN_1485,M123,ref_txn_1485,UTR416268073909,UPI,UPI_BANK_ACCOUNT,BANK_D,CAPTURED,,,69700,0,INR,2026-07-21T11:48:52+05:30,2026-07-21T11:50:13+05:30,2026-07-23
TXN_1489,M123,ref_txn_1489,UTR740746887293,UPI,UPI_BANK_ACCOUNT,BANK_D,CAPTURED,,,91700,0,INR,2026-06-19T12:29:07+05:30,2026-06-19T12:30:04+05:30,2026-06-23
TXN_149,M123,ref_txn_149,UTR588242989148,UPI,UPI_BANK_ACCOUNT,BANK_B,CAPTURED,,,71700,0,INR,2026-07-03T09:51:13+05:30,2026-07-03T09:51:47+05:30,2026-07-07
TXN_1492,M123,ref_txn_1492,UTR622700232193,UPI,UPI_BANK_ACCOUNT,BANK_D,CAPTURED,,,78200,0,INR,2026-06-18T13:21:07+05:30,2026-06-18T13:22:01+05:30,2026-06-22
TXN_150,M123,ref_txn_150,UTR920981730260,UPI,UPI_BANK_ACCOUNT,BANK_C,CAPTURED,,,65500,0,INR,2026-07-29T18:18:36+05:30,2026-07-29T18:18:41+05:30,2026-08-03
TXN_1500,M123,ref_txn_1500,UTR991797622613,UPI,UPI_BANK_ACCOUNT,BANK_A,CAPTURED,,,52200,0,INR,2026-06-03T09:09:21+05:30,2026-06-03T09:09:38+05:30,2026-06-05
TXN_1501,M123,ref_txn_1501,UTR369765650983,UPI,UPI_BANK_ACCOUNT,BANK_A,CAPTURED,,,14700,0,INR,2026-06-26T11:56:02+05:30,2026-06-26T11:57:18+05:30,2026-06-30
TXN_1502,M123,ref_txn_1502,UTR141445305983,UPI,UPI_BANK_ACCOUNT,BANK_F,CAPTURED,,,46900,0,INR,2026-08-23T17:58:19+05:30,2026-08-23T17:58:50+05:30,2026-08-26
TXN_1504,M123,ref_txn_1504,UTR625615390791,WALLET,WALLET,BANK_B,CAPTURED,,,9900,163,INR,2026-06-14T11:55:58+05:30,2026-06-14T11:56:24+05:30,2026-06-17
TXN_1505,M123,ref_txn_1505,,UPI,UPI_BANK_ACCOUNT,BANK_A,CAPTURED,,,6100,0,INR,2026-06-01T13:04:35+05:30,2026-06-01T13:04:57+05:30,2026-06-03
TXN_1507,M123,ref_txn_1507,UTR506569041889,UPI,UPI_BANK_ACCOUNT,BANK_B,CAPTURED,,,40800,0,INR,2026-07-12T10:17:20+05:30,2026-07-12T10:17:58+05:30,2026-07-15
TXN_1508,M123,ref_txn_1508,UTR205332031874,CARD,OTHER_DEBIT,BANK_A,CAPTURED,,,165900,1493,INR,2026-07-29T21:25:55+05:30,2026-07-29T21:26:30+05:30,2026-08-03
TXN_1512,M123,ref_txn_1512,UTR271362795454,UPI,UPI_BANK_ACCOUNT,BANK_B,CAPTURED,,,81500,0,INR,2026-07-08T11:04:36+05:30,2026-07-08T11:05:33+05:30,2026-07-10
TXN_1513,M123,ref_txn_1513,UTR610796373463,UPI,UPI_BANK_ACCOUNT,BANK_A,CAPTURED,,,109700,0,INR,2026-06-24T19:03:08+05:30,2026-06-24T19:04:30+05:30,2026-06-29
TXN_1519,M123,ref_txn_1519,UTR539866130359,UPI,UPI_BANK_ACCOUNT,BANK_D,CAPTURED,,,74300,0,INR,2026-08-06T17:33:43+05:30,2026-08-06T17:34:20+05:30,2026-08-10
TXN_1523,M123,ref_txn_1523,UTR324881996250,UPI,UPI_BANK_ACCOUNT,BANK_C,CAPTURED,,,32000,0,INR,2026-07-22T16:47:28+05:30,2026-07-22T16:47:44+05:30,2026-07-24
TXN_1528,M123,ref_txn_1528,UTR945117361757,UPI,UPI_BANK_ACCOUNT,BANK_C,CAPTURED,,,17000,0,INR,2026-08-14T21:12:23+05:30,2026-08-14T21:12:28+05:30,2026-08-19
TXN_1529,M123,ref_txn_1529,UTR948182160494,UPI,UPI_BANK_ACCOUNT,BANK_B,CAPTURED,,,106400,0,INR,2026-06-24T13:19:51+05:30,2026-06-24T13:21:00+05:30,2026-06-26
TXN_1530,M123,ref_txn_1530,UTR262867095164,UPI,UPI_BANK_ACCOUNT,BANK_A,CAPTURED,,,29800,0,INR,2026-08-15T12:56:37+05:30,2026-08-15T12:57:33+05:30,2026-08-19
TXN_1533,M123,ref_txn_1533,UTR120985879779,UPI,UPI_BANK_ACCOUNT,BANK_D,CAPTURED,,,11200,0,INR,2026-08-18T15:00:47+05:30,2026-08-18T15:01:26+05:30,2026-08-20
TXN_1537,M123,ref_txn_1537,UTR408344694867,NETBANKING,NETBANKING,BANK_F,CAPTURED,,,162800,1200,INR,2026-07-24T15:23:37+05:30,2026-07-24T15:24:19+05:30,2026-07-28
TXN_1539,M123,ref_txn_1539,UTR621406167049,UPI,UPI_BANK_ACCOUNT,BANK_E,CAPTURED,,,100800,0,INR,2026-06-02T16:43:51+05:30,2026-06-02T16:44:27+05:30,2026-06-04
TXN_1541,M123,ref_txn_1541,UTR516729201130,CARD,CREDIT_CARD,BANK_C,CAPTURED,,,500200,9504,INR,2026-06-18T16:56:13+05:30,2026-06-18T16:56:22+05:30,2026-06-22
TXN_1543,M123,ref_txn_1543,UTR512019562708,UPI,UPI_BANK_ACCOUNT,BANK_E,CAPTURED,,,56400,0,INR,2026-06-19T09:11:47+05:30,2026-06-19T09:12:42+05:30,2026-06-23
TXN_1544,M123,ref_txn_1544,UTR776924458780,UPI,UPI_BANK_ACCOUNT,BANK_D,CAPTURED,,,45700,0,INR,2026-05-29T21:57:03+05:30,2026-05-29T21:57:21+05:30,2026-06-03
TXN_1546,M123,ref_txn_1546,UTR263552393779,UPI,UPI_BANK_ACCOUNT,BANK_E,CAPTURED,,,85600,0,INR,2026-06-03T19:24:50+05:30,2026-06-03T19:24:55+05:30,2026-06-08
TXN_1549,M123,ref_txn_1549,,UPI,UPI_BANK_ACCOUNT,BANK_A,FAILED,BUSINESS_DECLINE,AUTHENTICATION_FAILURE,127100,0,INR,2026-08-11T16:11:27+05:30,,
TXN_1551,M123,ref_txn_1551,UTR309393910386,CARD,OTHER_DEBIT,BANK_B,CAPTURED,,,102400,922,INR,2026-06-18T11:40:36+05:30,2026-06-18T11:40:41+05:30,2026-06-22
TXN_1552,M123,ref_txn_1552,UTR634247032689,UPI,UPI_BANK_ACCOUNT,BANK_C,CAPTURED,,,81600,0,INR,2026-08-05T14:08:00+05:30,2026-08-05T14:08:19+05:30,2026-08-07
TXN_1553,M123,ref_txn_1553,UTR377698126141,UPI,UPI_BANK_ACCOUNT,BANK_B,CAPTURED,,,147400,0,INR,2026-07-08T14:59:36+05:30,2026-07-08T15:00:09+05:30,2026-07-10
TXN_1556,M123,ref_txn_1556,,UPI,UPI_BANK_ACCOUNT,BANK_B,FAILED,BUSINESS_DECLINE,INSUFFICIENT_FUNDS,91700,0,INR,2026-06-11T09:43:23+05:30,,
TXN_1558,M123,ref_txn_1558,UTR948634593456,UPI,UPI_BANK_ACCOUNT,BANK_D,CAPTURED,,,6800,0,INR,2026-06-15T18:42:14+05:30,2026-06-15T18:43:05+05:30,2026-06-18
TXN_156,M123,ref_txn_156,UTR453402596495,WALLET,WALLET,BANK_A,CAPTURED,,,92300,1523,INR,2026-08-10T11:54:51+05:30,2026-08-10T11:55:03+05:30,2026-08-12
TXN_1560,M123,ref_txn_1560,UTR400111851170,CARD,CREDIT_CARD,BANK_C,CAPTURED,,,85100,1617,INR,2026-06-09T19:58:36+05:30,2026-06-09T19:58:46+05:30,2026-06-12
TXN_1564,M123,ref_txn_1564,UTR986699771518,UPI,UPI_BANK_ACCOUNT,BANK_A,CAPTURED,,,73300,0,INR,2026-07-18T17:25:59+05:30,2026-07-18T17:26:24+05:30,2026-07-22
TXN_1570,M123,ref_txn_1570,UTR558713301684,UPI,UPI_BANK_ACCOUNT,BANK_F,CAPTURED,,,76700,0,INR,2026-07-19T17:00:21+05:30,2026-07-19T17:01:04+05:30,2026-07-22
TXN_1572,M123,ref_txn_1572,UTR367824473350,UPI,UPI_BANK_ACCOUNT,BANK_A,CAPTURED,,,26900,0,INR,2026-07-19T13:27:36+05:30,2026-07-19T13:27:50+05:30,2026-07-22
TXN_1574,M123,ref_txn_1574,UTR676231015412,UPI,UPI_BANK_ACCOUNT,BANK_C,CAPTURED,,,44700,0,INR,2026-05-31T18:45:49+05:30,2026-05-31T18:46:54+05:30,2026-06-03
TXN_1578,M123,ref_txn_1578,UTR457748851423,WALLET,WALLET,BANK_A,CAPTURED,,,11800,195,INR,2026-07-10T18:08:14+05:30,2026-07-10T18:08:26+05:30,2026-07-15
TXN_1583,M123,ref_txn_1583,UTR151259050564,UPI,UPI_BANK_ACCOUNT,BANK_C,CAPTURED,,,61900,0,INR,2026-07-11T09:48:32+05:30,2026-07-11T09:48:53+05:30,2026-07-15
TXN_1587,M123,ref_txn_1587,UTR162305737863,UPI,UPI_BANK_ACCOUNT,BANK_D,CAPTURED,,,72200,0,INR,2026-08-05T15:34:59+05:30,2026-08-05T15:35:54+05:30,2026-08-07
TXN_1589,M123,ref_txn_1589,UTR402288821682,UPI,UPI_BANK_ACCOUNT,BANK_B,CAPTURED,,,17600,0,INR,2026-07-05T19:28:30+05:30,2026-07-05T19:29:55+05:30,2026-07-08
TXN_1590,M123,ref_txn_1590,UTR786128441912,WALLET,WALLET,BANK_A,CAPTURED,,,78400,1294,INR,2026-07-16T14:05:17+05:30,2026-07-16T14:06:31+05:30,2026-07-20
TXN_1593,M123,ref_txn_1593,UTR813175601763,UPI,UPI_BANK_ACCOUNT,BANK_B,CAPTURED,,,61200,0,INR,2026-07-21T15:16:30+05:30,2026-07-21T15:17:23+05:30,2026-07-23
TXN_1595,M123,ref_txn_1595,UTR862315647275,UPI,UPI_BANK_ACCOUNT,BANK_A,CAPTURED,,,45700,0,INR,2026-07-06T16:27:23+05:30,2026-07-06T16:28:08+05:30,2026-07-08
TXN_1598,M123,ref_txn_1598,UTR987986396258,UPI,UPI_BANK_ACCOUNT,BANK_C,CAPTURED,,,47400,0,INR,2026-07-11T18:33:02+05:30,2026-07-11T18:33:08+05:30,2026-07-15
TXN_16,M123,ref_txn_16,UTR837034811189,CARD,CREDIT_CARD,BANK_B,CAPTURED,,,104000,1976,INR,2026-08-14T11:54:26+05:30,2026-08-14T11:54:44+05:30,2026-08-18
TXN_160,M123,ref_txn_160,UTR174156936793,UPI,UPI_BANK_ACCOUNT,BANK_B,CAPTURED,,,76200,0,INR,2026-06-15T15:37:55+05:30,2026-06-15T15:38:57+05:30,2026-06-17
TXN_1601,M123,ref_txn_1601,UTR283714582087,UPI,UPI_BANK_ACCOUNT,BANK_B,CAPTURED,,,12000,0,INR,2026-07-16T11:25:23+05:30,2026-07-16T11:26:44+05:30,2026-07-20
TXN_1603,M123,ref_txn_1603,UTR955570459271,CARD,CREDIT_CARD,BANK_A,CAPTURED,,,296400,5632,INR,2026-07-21T15:54:43+05:30,2026-07-21T15:55:39+05:30,2026-07-23
TXN_1606,M123,ref_txn_1606,UTR215693786461,UPI,UPI_BANK_ACCOUNT,BANK_E,CAPTURED,,,7100,0,INR,2026-07-27T19:20:56+05:30,2026-07-27T19:21:34+05:30,2026-07-30
TXN_1607,M123,ref_txn_1607,UTR302719267634,UPI,UPI_BANK_ACCOUNT,BANK_A,CAPTURED,,,129700,0,INR,2026-08-02T18:35:55+05:30,2026-08-02T18:36:48+05:30,2026-08-05
TXN_1608,M123,ref_txn_1608,UTR301959599224,UPI,UPI_BANK_ACCOUNT,BANK_D,CAPTURED,,,112300,0,INR,2026-06-04T18:18:50+05:30,2026-06-04T18:19:27+05:30,2026-06-09
TXN_1609,M123,ref_txn_1609,,UPI,UPI_PPI_WALLET,BANK_A,CAPTURED,,,105000,0,INR,2026-05-27T18:52:59+05:30,2026-05-27T18:53:48+05:30,2026-06-01
TXN_1611,M123,ref_txn_1611,UTR790963916975,UPI,UPI_BANK_ACCOUNT,BANK_F,CAPTURED,,,83200,0,INR,2026-05-30T13:12:44+05:30,2026-05-30T13:12:53+05:30,2026-06-03
TXN_1612,M123,ref_txn_1612,UTR945226498670,UPI,UPI_RUPAY_CREDIT,BANK_E,CAPTURED,,,60500,0,INR,2026-06-24T09:31:29+05:30,2026-06-24T09:32:55+05:30,2026-06-26
TXN_1613,M123,ref_txn_1613,UTR199793623533,UPI,UPI_BANK_ACCOUNT,BANK_F,CAPTURED,,,19500,0,INR,2026-06-16T10:32:19+05:30,2026-06-16T10:33:10+05:30,2026-06-18
TXN_1614,M123,ref_txn_1614,UTR187453613681,UPI,UPI_BANK_ACCOUNT,BANK_B,CAPTURED,,,128000,0,INR,2026-05-29T11:27:56+05:30,2026-05-29T11:28:46+05:30,2026-06-02
TXN_1616,M123,ref_txn_1616,UTR621647109980,UPI,UPI_BANK_ACCOUNT,BANK_D,CAPTURED,,,101900,0,INR,2026-08-16T16:07:35+05:30,2026-08-16T16:07:44+05:30,2026-08-19
TXN_1617,M123,ref_txn_1617,UTR826954737804,UPI,UPI_BANK_ACCOUNT,BANK_A,CAPTURED,,,94700,0,INR,2026-07-22T15:46:15+05:30,2026-07-22T15:47:22+05:30,2026-07-24
TXN_1620,M123,ref_txn_1620,UTR402816588193,UPI,UPI_BANK_ACCOUNT,BANK_A,CAPTURED,,,124200,0,INR,2026-06-24T17:53:35+05:30,2026-06-24T17:54:47+05:30,2026-06-26
TXN_1622,M123,ref_txn_1622,UTR223505067414,NETBANKING,NETBANKING,BANK_A,CAPTURED,,,165900,1200,INR,2026-08-14T09:59:10+05:30,2026-08-14T09:59:28+05:30,2026-08-18
TXN_1624,M123,ref_txn_1624,UTR365501337032,NETBANKING,NETBANKING,BANK_A,CAPTURED,,,1029900,1200,INR,2026-07-03T17:55:30+05:30,2026-07-03T17:56:21+05:30,2026-07-07
TXN_1634,M123,ref_txn_1634,,CARD,CREDIT_CARD,BANK_A,CAPTURED,,,290500,5520,INR,2026-06-27T09:09:10+05:30,2026-06-27T09:10:23+05:30,2026-07-01
TXN_1636,M123,ref_txn_1636,UTR894317669080,NETBANKING,NETBANKING,BANK_B,CAPTURED,,,306000,1200,INR,2026-06-06T11:19:26+05:30,2026-06-06T11:20:46+05:30,2026-06-10
TXN_1643,M123,ref_txn_1643,UTR511597675584,UPI,UPI_BANK_ACCOUNT,BANK_E,CAPTURED,,,26300,0,INR,2026-06-06T17:45:08+05:30,2026-06-06T17:45:16+05:30,2026-06-10
TXN_1644,M123,ref_txn_1644,UTR913680496419,CARD,OTHER_DEBIT,BANK_A,CAPTURED,,,270800,2437,INR,2026-05-29T15:57:26+05:30,2026-05-29T15:58:26+05:30,2026-06-02
TXN_1649,M123,ref_txn_1649,UTR625526716471,CARD,CREDIT_CARD,BANK_B,CAPTURED,,,368200,6996,INR,2026-05-28T09:26:34+05:30,2026-05-28T09:28:00+05:30,2026-06-01
TXN_1651,M123,ref_txn_1651,UTR515979927589,UPI,UPI_BANK_ACCOUNT,BANK_B,CAPTURED,,,149700,0,INR,2026-08-05T10:23:27+05:30,2026-08-05T10:24:28+05:30,2026-08-07
TXN_1652,M123,ref_txn_1652,UTR477339567533,UPI,UPI_BANK_ACCOUNT,BANK_B,CAPTURED,,,89800,0,INR,2026-06-09T15:40:55+05:30,2026-06-09T15:42:06+05:30,2026-06-11
TXN_1655,M123,ref_txn_1655,UTR306218026842,UPI,UPI_BANK_ACCOUNT,BANK_B,CAPTURED,,,106500,0,INR,2026-08-12T12:04:49+05:30,2026-08-12T12:05:08+05:30,2026-08-14
TXN_1656,M123,ref_txn_1656,UTR111457196449,UPI,UPI_BANK_ACCOUNT,BANK_E,CAPTURED,,,79900,0,INR,2026-08-03T12:01:47+05:30,2026-08-03T12:02:04+05:30,2026-08-05
TXN_1657,M123,ref_txn_1657,UTR602671709293,CARD,CREDIT_CARD,BANK_C,CAPTURED,,,102300,1944,INR,2026-08-06T11:00:05+05:30,2026-08-06T11:01:34+05:30,2026-08-10
TXN_1659,M123,ref_txn_1659,UTR337306961457,NETBANKING,NETBANKING,BANK_C,CAPTURED,,,581100,1200,INR,2026-06-17T09:40:30+05:30,2026-06-17T09:41:40+05:30,2026-06-19
TXN_166,M123,ref_txn_166,UTR257676590153,UPI,UPI_BANK_ACCOUNT,BANK_C,CAPTURED,,,59800,0,INR,2026-07-03T14:17:27+05:30,2026-07-03T14:18:38+05:30,2026-07-07
TXN_1662,M123,ref_txn_1662,UTR959715822589,UPI,UPI_BANK_ACCOUNT,BANK_F,CAPTURED,,,141400,0,INR,2026-08-18T11:49:33+05:30,2026-08-18T11:50:09+05:30,2026-08-20
TXN_1663,M123,ref_txn_1663,UTR269731189169,WALLET,WALLET,BANK_B,CAPTURED,,,30200,498,INR,2026-06-08T11:35:38+05:30,2026-06-08T11:36:00+05:30,2026-06-10
TXN_1665,M123,ref_txn_1665,UTR499709887645,UPI,UPI_BANK_ACCOUNT,BANK_D,CAPTURED,,,26000,0,INR,2026-08-04T16:06:17+05:30,2026-08-04T16:06:47+05:30,2026-08-06
TXN_1667,M123,ref_txn_1667,,UPI,UPI_BANK_ACCOUNT,BANK_A,FAILED,BUSINESS_DECLINE,AUTHENTICATION_FAILURE,13700,0,INR,2026-08-04T16:46:02+05:30,,
TXN_1670,M123,ref_txn_1670,UTR836134617514,UPI,UPI_BANK_ACCOUNT,BANK_F,CAPTURED,,,62900,0,INR,2026-08-09T12:31:47+05:30,2026-08-09T12:32:39+05:30,2026-08-12
TXN_1673,M123,ref_txn_1673,UTR679525994499,UPI,UPI_BANK_ACCOUNT,BANK_A,CAPTURED,,,23300,0,INR,2026-06-25T18:04:33+05:30,2026-06-25T18:05:55+05:30,2026-06-30
TXN_1675,M123,ref_txn_1675,UTR236675481670,UPI,UPI_BANK_ACCOUNT,BANK_A,CAPTURED,,,72000,0,INR,2026-06-09T11:41:14+05:30,2026-06-09T11:42:28+05:30,2026-06-11
TXN_168,M123,ref_txn_168,,UPI,UPI_BANK_ACCOUNT,BANK_D,FAILED,BUSINESS_DECLINE,AUTHENTICATION_FAILURE,25800,0,INR,2026-06-16T11:18:01+05:30,,
TXN_1680,M123,ref_txn_1680,,NETBANKING,NETBANKING,BANK_A,CAPTURED,,,636900,1200,INR,2026-08-01T11:35:00+05:30,2026-08-01T11:35:45+05:30,2026-08-05
TXN_1681,M123,ref_txn_1681,UTR271583797553,NETBANKING,NETBANKING,BANK_D,CAPTURED,,,132000,1200,INR,2026-06-16T09:14:26+05:30,2026-06-16T09:14:48+05:30,2026-06-18
TXN_1682,M123,ref_txn_1682,UTR797733355495,UPI,UPI_BANK_ACCOUNT,BANK_F,CAPTURED,,,64500,0,INR,2026-07-17T14:00:22+05:30,2026-07-17T14:01:47+05:30,2026-07-21
TXN_1683,M123,ref_txn_1683,UTR241120887514,UPI,UPI_BANK_ACCOUNT,BANK_A,CAPTURED,,,13100,0,INR,2026-07-16T16:44:34+05:30,2026-07-16T16:46:00+05:30,2026-07-20
TXN_1686,M123,ref_txn_1686,UTR902217436696,CARD,CREDIT_CARD,BANK_A,CAPTURED,,,87500,1663,INR,2026-08-04T13:09:31+05:30,2026-08-04T13:10:54+05:30,2026-08-06
TXN_1690,M123,ref_txn_1690,UTR988938379254,UPI,UPI_BANK_ACCOUNT,BANK_D,CAPTURED,,,18500,0,INR,2026-06-09T15:51:34+05:30,2026-06-09T15:52:10+05:30,2026-06-11
TXN_1694,M123,ref_txn_1694,UTR931465634639,CARD,CREDIT_CARD,BANK_C,CAPTURED,,,508600,9663,INR,2026-08-02T21:32:28+05:30,2026-08-02T21:33:21+05:30,2026-08-05
TXN_1695,M123,ref_txn_1695,UTR273558253568,UPI,UPI_BANK_ACCOUNT,BANK_F,CAPTURED,,,60400,0,INR,2026-06-13T10:33:42+05:30,2026-06-13T10:34:58+05:30,2026-06-17
TXN_1696,M123,ref_txn_1696,UTR714622362180,UPI,UPI_BANK_ACCOUNT,BANK_B,CAPTURED,,,12600,0,INR,2026-07-19T16:12:53+05:30,2026-07-19T16:13:33+05:30,2026-07-22
TXN_1698,M123,ref_txn_1698,UTR863564065803,UPI,UPI_BANK_ACCOUNT,BANK_B,CAPTURED,,,115200,0,INR,2026-06-07T16:20:29+05:30,2026-06-07T16:21:29+05:30,2026-06-10
TXN_17,M123,ref_txn_17,UTR942439442174,WALLET,WALLET,BANK_E,CAPTURED,,,80900,1335,INR,2026-07-26T15:50:58+05:30,2026-07-26T15:51:27+05:30,2026-07-29
TXN_1700,M123,ref_txn_1700,UTR229507456756,UPI,UPI_BANK_ACCOUNT,BANK_E,CAPTURED,,,71700,0,INR,2026-08-16T16:17:10+05:30,2026-08-16T16:18:02+05:30,2026-08-19
TXN_171,M123,ref_txn_171,UTR906323069585,UPI,UPI_BANK_ACCOUNT,BANK_A,CAPTURED,,,118100,0,INR,2026-07-16T11:19:57+05:30,2026-07-16T11:20:42+05:30,2026-07-20
TXN_1710,M123,ref_txn_1710,UTR556721348812,UPI,UPI_BANK_ACCOUNT,BANK_A,CAPTURED,,,7200,0,INR,2026-06-25T17:59:18+05:30,2026-06-25T17:59:23+05:30,2026-06-29
TXN_1711,M123,ref_txn_1711,UTR670047465658,UPI,UPI_BANK_ACCOUNT,BANK_D,CAPTURED,,,16400,0,INR,2026-06-07T10:11:12+05:30,2026-06-07T10:11:32+05:30,2026-06-10
TXN_1712,M123,ref_txn_1712,,CARD,CREDIT_CARD,BANK_B,FAILED,BUSINESS_DECLINE,LIMIT_EXCEEDED,222000,0,INR,2026-07-01T17:48:56+05:30,,
TXN_1713,M123,ref_txn_1713,UTR257600578973,UPI,UPI_BANK_ACCOUNT,BANK_C,CAPTURED,,,10600,0,INR,2026-08-03T18:51:33+05:30,2026-08-03T18:52:07+05:30,2026-08-06
TXN_1714,M123,ref_txn_1714,UTR733687353241,UPI,UPI_BANK_ACCOUNT,BANK_D,CAPTURED,,,46100,0,INR,2026-08-17T16:05:01+05:30,2026-08-17T16:05:12+05:30,2026-08-19
TXN_1716,M123,ref_txn_1716,UTR206280508909,UPI,UPI_BANK_ACCOUNT,BANK_C,CAPTURED,,,10700,0,INR,2026-07-05T16:28:57+05:30,2026-07-05T16:30:17+05:30,2026-07-08
TXN_1717,M123,ref_txn_1717,UTR159230267560,UPI,UPI_BANK_ACCOUNT,BANK_D,CAPTURED,,,19600,0,INR,2026-07-10T11:54:50+05:30,2026-07-10T11:56:17+05:30,2026-07-14
TXN_1726,M123,ref_txn_1726,UTR942578781506,UPI,UPI_BANK_ACCOUNT,BANK_C,CAPTURED,,,99100,0,INR,2026-06-03T09:14:21+05:30,2026-06-03T09:14:56+05:30,2026-06-05
TXN_1728,M123,ref_txn_1728,UTR550493725809,UPI,UPI_BANK_ACCOUNT,BANK_C,CAPTURED,,,16700,0,INR,2026-06-19T15:38:23+05:30,2026-06-19T15:39:50+05:30,2026-06-23
TXN_173,M123,ref_txn_173,UTR706756358788,UPI,UPI_BANK_ACCOUNT,BANK_D,CAPTURED,,,109500,0,INR,2026-06-05T10:20:19+05:30,2026-06-05T10:21:32+05:30,2026-06-09
TXN_1730,M123,ref_txn_1730,UTR634569495446,UPI,UPI_BANK_ACCOUNT,BANK_A,CAPTURED,,,122900,0,INR,2026-08-07T10:59:59+05:30,2026-08-07T11:01:15+05:30,2026-08-11
TXN_1732,M123,ref_txn_1732,UTR498339170983,UPI,UPI_BANK_ACCOUNT,BANK_C,CAPTURED,,,27900,0,INR,2026-08-02T12:29:45+05:30,2026-08-02T12:31:04+05:30,2026-08-05
TXN_1735,M123,ref_txn_1735,UTR774913675998,UPI,UPI_BANK_ACCOUNT,BANK_E,CAPTURED,,,52400,0,INR,2026-07-23T19:25:22+05:30,2026-07-23T19:26:05+05:30,2026-07-28
TXN_1740,M123,ref_txn_1740,UTR367990328909,UPI,UPI_BANK_ACCOUNT,BANK_E,CAPTURED,,,147500,0,INR,2026-06-21T18:08:18+05:30,2026-06-21T18:08:41+05:30,2026-06-24
TXN_1744,M123,ref_txn_1744,UTR467250027022,CARD,OTHER_DEBIT,BANK_A,CAPTURED,,,170800,1537,INR,2026-05-30T18:03:40+05:30,2026-05-30T18:04:20+05:30,2026-06-03
TXN_1745,M123,ref_txn_1745,UTR191726161819,NETBANKING,NETBANKING,BANK_D,CAPTURED,,,315400,1200,INR,2026-06-09T17:32:15+05:30,2026-06-09T17:32:21+05:30,2026-06-11
TXN_1748,M123,ref_txn_1748,,CARD,OTHER_DEBIT,BANK_A,CAPTURED,,,62300,561,INR,2026-07-25T09:11:44+05:30,2026-07-25T09:12:55+05:30,2026-07-29
TXN_1749,M123,ref_txn_1749,UTR978907728709,UPI,UPI_BANK_ACCOUNT,BANK_A,CAPTURED,,,145600,0,INR,2026-08-10T11:34:53+05:30,2026-08-10T11:35:54+05:30,2026-08-12
TXN_175,M123,ref_txn_175,UTR141915412147,CARD,OTHER_DEBIT,BANK_A,CAPTURED,,,549900,4949,INR,2026-08-15T11:25:34+05:30,2026-08-15T11:27:03+05:30,2026-08-19
TXN_1754,M123,ref_txn_1754,UTR674832622220,UPI,UPI_BANK_ACCOUNT,BANK_B,CAPTURED,,,54500,0,INR,2026-06-01T18:29:37+05:30,2026-06-01T18:30:22+05:30,2026-06-04
TXN_1755,M123,ref_txn_1755,UTR774637528282,UPI,UPI_BANK_ACCOUNT,BANK_A,CAPTURED,,,148000,0,INR,2026-07-12T11:05:31+05:30,2026-07-12T11:06:18+05:30,2026-07-15
TXN_1757,M123,ref_txn_1757,UTR125731420582,UPI,UPI_BANK_ACCOUNT,BANK_D,CAPTURED,,,79100,0,INR,2026-07-04T17:57:39+05:30,2026-07-04T17:58:54+05:30,2026-07-08
TXN_1758,M123,ref_txn_1758,UTR750588167824,UPI,UPI_BANK_ACCOUNT,BANK_A,CAPTURED,,,134000,0,INR,2026-07-07T16:56:33+05:30,2026-07-07T16:56:54+05:30,2026-07-09
TXN_1764,M123,ref_txn_1764,UTR961825242710,UPI,UPI_BANK_ACCOUNT,BANK_A,CAPTURED,,,24100,0,INR,2026-06-13T16:11:31+05:30,2026-06-13T16:12:55+05:30,2026-06-17
TXN_1772,M123,ref_txn_1772,,CARD,CREDIT_CARD,BANK_A,CAPTURED,,,373500,7097,INR,2026-07-13T12:59:22+05:30,2026-07-13T13:00:13+05:30,2026-07-15
TXN_1775,M123,ref_txn_1775,UTR624994383074,WALLET,WALLET,BANK_A,CAPTURED,,,102400,1690,INR,2026-07-02T10:19:54+05:30,2026-07-02T10:21:01+05:30,2026-07-06
TXN_1776,M123,ref_txn_1776,UTR886498628775,NETBANKING,NETBANKING,BANK_B,CAPTURED,,,516800,1200,INR,2026-06-05T12:55:23+05:30,2026-06-05T12:56:45+05:30,2026-06-09
TXN_1777,M123,ref_txn_1777,UTR144801866762,UPI,UPI_BANK_ACCOUNT,BANK_D,CAPTURED,,,24700,0,INR,2026-08-03T09:49:00+05:30,2026-08-03T09:49:30+05:30,2026-08-05
TXN_1779,M123,ref_txn_1779,UTR405199173658,CARD,CREDIT_CARD,BANK_A,CAPTURED,,,501500,9529,INR,2026-05-28T14:18:29+05:30,2026-05-28T14:19:52+05:30,2026-06-01
TXN_1781,M123,ref_txn_1781,UTR735696402122,UPI,UPI_BANK_ACCOUNT,BANK_A,CAPTURED,,,27200,0,INR,2026-06-06T16:30:19+05:30,2026-06-06T16:31:19+05:30,2026-06-10
TXN_1783,M123,ref_txn_1783,UTR842790289082,UPI,UPI_BANK_ACCOUNT,BANK_F,CAPTURED,,,57800,0,INR,2026-06-09T10:46:23+05:30,2026-06-09T10:46:47+05:30,2026-06-11
TXN_1787,M123,ref_txn_1787,UTR132045970691,UPI,UPI_BANK_ACCOUNT,BANK_D,CAPTURED,,,17800,0,INR,2026-07-23T14:28:10+05:30,2026-07-23T14:29:26+05:30,2026-07-27
TXN_1794,M123,ref_txn_1794,UTR189538395298,UPI,UPI_BANK_ACCOUNT,BANK_E,CAPTURED,,,54800,0,INR,2026-06-20T15:12:17+05:30,2026-06-20T15:13:14+05:30,2026-06-24
TXN_1795,M123,ref_txn_1795,UTR585644328951,WALLET,WALLET,BANK_A,CAPTURED,,,30400,502,INR,2026-05-27T10:02:02+05:30,2026-05-27T10:02:54+05:30,2026-05-29
TXN_18,M123,ref_txn_18,UTR522365308579,UPI,UPI_BANK_ACCOUNT,BANK_A,CAPTURED,,,9200,0,INR,2026-06-03T11:17:59+05:30,2026-06-03T11:19:27+05:30,2026-06-05
TXN_1801,M123,ref_txn_1801,UTR873752066838,UPI,UPI_BANK_ACCOUNT,BANK_E,CAPTURED,,,51700,0,INR,2026-06-02T09:39:30+05:30,2026-06-02T09:39:57+05:30,2026-06-04
TXN_1802,M123,ref_txn_1802,UTR221960261497,CARD,CREDIT_CARD,BANK_B,CAPTURED,,,201900,3836,INR,2026-08-20T09:12:12+05:30,2026-08-20T09:12:52+05:30,2026-08-24
TXN_1805,M123,ref_txn_1805,UTR959272753267,UPI,UPI_PPI_WALLET,BANK_A,CAPTURED,,,40900,0,INR,2026-08-21T09:23:59+05:30,2026-08-21T09:24:20+05:30,2026-08-25
TXN_1807,M123,ref_txn_1807,UTR510822118223,UPI,UPI_BANK_ACCOUNT,BANK_E,CAPTURED,,,7700,0,INR,2026-05-28T13:37:45+05:30,2026-05-28T13:38:50+05:30,2026-06-01
TXN_1811,M123,ref_txn_1811,,UPI,UPI_BANK_ACCOUNT,BANK_F,CAPTURED,,,112100,0,INR,2026-06-17T18:42:45+05:30,2026-06-17T18:43:50+05:30,2026-06-22
TXN_1812,M123,ref_txn_1812,UTR783030116538,UPI,UPI_BANK_ACCOUNT,BANK_F,CAPTURED,,,151800,0,INR,2026-06-11T11:32:00+05:30,2026-06-11T11:32:09+05:30,2026-06-15
TXN_1813,M123,ref_txn_1813,UTR899647752737,UPI,UPI_BANK_ACCOUNT,BANK_E,CAPTURED,,,93900,0,INR,2026-06-02T15:04:51+05:30,2026-06-02T15:05:07+05:30,2026-06-04
TXN_1823,M123,ref_txn_1823,UTR635246863678,UPI,UPI_BANK_ACCOUNT,BANK_D,CAPTURED,,,14400,0,INR,2026-05-28T09:22:17+05:30,2026-05-28T09:22:57+05:30,2026-06-01
TXN_1825,M123,ref_txn_1825,UTR284889594465,CARD,RUPAY_DEBIT,BANK_C,CAPTURED,,,332900,0,INR,2026-07-07T12:34:32+05:30,2026-07-07T12:35:17+05:30,2026-07-09
TXN_1827,M123,ref_txn_1827,UTR504062245503,UPI,UPI_BANK_ACCOUNT,BANK_B,CAPTURED,,,61400,0,INR,2026-08-16T11:29:01+05:30,2026-08-16T11:30:13+05:30,2026-08-19
TXN_1829,M123,ref_txn_1829,UTR743302405721,CARD,CREDIT_CARD,BANK_B,CAPTURED,,,92400,1756,INR,2026-07-11T12:01:16+05:30,2026-07-11T12:01:34+05:30,2026-07-15
TXN_183,M123,ref_txn_183,UTR982901086674,UPI,UPI_BANK_ACCOUNT,BANK_C,CAPTURED,,,84000,0,INR,2026-08-06T16:20:05+05:30,2026-08-06T16:21:17+05:30,2026-08-10
TXN_1830,M123,ref_txn_1830,UTR907228015371,UPI,UPI_BANK_ACCOUNT,BANK_F,CAPTURED,,,32100,0,INR,2026-08-10T17:38:11+05:30,2026-08-10T17:39:28+05:30,2026-08-12
TXN_1832,M123,ref_txn_1832,UTR892041458051,UPI,UPI_BANK_ACCOUNT,BANK_B,CAPTURED,,,95900,0,INR,2026-07-13T16:43:31+05:30,2026-07-13T16:44:19+05:30,2026-07-15
TXN_1833,M123,ref_txn_1833,UTR413735741075,CARD,CREDIT_CARD,BANK_E,CAPTURED,,,394800,7501,INR,2026-06-17T19:13:54+05:30,2026-06-17T19:14:45+05:30,2026-06-22
TXN_1836,M123,ref_txn_1836,UTR856017028938,CARD,OTHER_DEBIT,BANK_F,CAPTURED,,,99900,899,INR,2026-05-29T11:54:36+05:30,2026-05-29T11:55:02+05:30,2026-06-02
TXN_1838,M123,ref_txn_1838,UTR942100468515,CARD,RUPAY_DEBIT,BANK_C,CAPTURED,,,74600,0,INR,2026-07-26T11:36:06+05:30,2026-07-26T11:36:44+05:30,2026-07-29
TXN_1839,M123,ref_txn_1839,UTR373131614178,CARD,CREDIT_CARD,BANK_D,CAPTURED,,,470600,8941,INR,2026-05-31T11:13:40+05:30,2026-05-31T11:13:55+05:30,2026-06-03
TXN_184,M123,ref_txn_184,UTR830514631690,UPI,UPI_BANK_ACCOUNT,BANK_D,CAPTURED,,,47300,0,INR,2026-08-13T11:17:38+05:30,2026-08-13T11:18:44+05:30,2026-08-17
TXN_1846,M123,ref_txn_1846,UTR893112334159,UPI,UPI_BANK_ACCOUNT,BANK_D,CAPTURED,,,76600,0,INR,2026-08-11T14:24:49+05:30,2026-08-11T14:26:06+05:30,2026-08-13
TXN_1849,M123,ref_txn_1849,UTR439183620536,UPI,UPI_PPI_WALLET,BANK_A,CAPTURED,,,43500,0,INR,2026-06-20T11:35:43+05:30,2026-06-20T11:36:12+05:30,2026-06-24
TXN_185,M123,ref_txn_185,UTR692804385290,CARD,CREDIT_CARD,BANK_B,CAPTURED,,,296100,5626,INR,2026-06-20T21:39:09+05:30,2026-06-20T21:39:48+05:30,2026-06-24
TXN_1853,M123,ref_txn_1853,UTR845020166385,UPI,UPI_BANK_ACCOUNT,BANK_B,CAPTURED,,,54600,0,INR,2026-08-11T14:04:29+05:30,2026-08-11T14:05:02+05:30,2026-08-13
TXN_1855,M123,ref_txn_1855,UTR869741178285,WALLET,WALLET,BANK_A,CAPTURED,,,69300,1143,INR,2026-07-12T19:44:35+05:30,2026-07-12T19:44:51+05:30,2026-07-15
TXN_1857,M123,ref_txn_1857,UTR809717888945,WALLET,WALLET,BANK_A,CAPTURED,,,63300,1044,INR,2026-06-21T09:43:46+05:30,2026-06-21T09:43:59+05:30,2026-06-24
TXN_186,M123,ref_txn_186,UTR149436227305,CARD,CREDIT_CARD,BANK_A,CAPTURED,,,74600,1417,INR,2026-07-27T11:55:08+05:30,2026-07-27T11:55:25+05:30,2026-07-29
TXN_1861,M123,ref_txn_1861,UTR150549076030,CARD,CREDIT_CARD,BANK_A,CAPTURED,,,429600,8162,INR,2026-08-14T12:20:34+05:30,2026-08-14T12:21:50+05:30,2026-08-18
TXN_1865,M123,ref_txn_1865,UTR697718297440,CARD,CREDIT_CARD,BANK_A,CAPTURED,,,433100,8229,INR,2026-08-03T19:05:52+05:30,2026-08-03T19:06:38+05:30,2026-08-06
TXN_1866,M123,ref_txn_1866,UTR767953287144,UPI,UPI_BANK_ACCOUNT,BANK_B,CAPTURED,,,27400,0,INR,2026-07-26T12:35:13+05:30,2026-07-26T12:35:46+05:30,2026-07-29
TXN_1869,M123,ref_txn_1869,UTR509747521630,UPI,UPI_BANK_ACCOUNT,BANK_A,CAPTURED,,,112900,0,INR,2026-06-17T13:25:07+05:30,2026-06-17T13:26:11+05:30,2026-06-19
TXN_1871,M123,ref_txn_1871,UTR217826265960,UPI,UPI_BANK_ACCOUNT,BANK_B,CAPTURED,,,24200,0,INR,2026-07-21T16:38:20+05:30,2026-07-21T16:38:31+05:30,2026-07-23
TXN_1872,M123,ref_txn_1872,UTR381782575899,UPI,UPI_BANK_ACCOUNT,BANK_C,CAPTURED,,,55100,0,INR,2026-06-16T11:52:25+05:30,2026-06-16T11:53:12+05:30,2026-06-18
TXN_1873,M123,ref_txn_1873,UTR665506645889,UPI,UPI_PPI_WALLET,BANK_C,CAPTURED,,,18400,0,INR,2026-07-27T15:47:24+05:30,2026-07-27T15:47:50+05:30,2026-07-29
TXN_1878,M123,ref_txn_1878,UTR789279484871,UPI,UPI_BANK_ACCOUNT,BANK_A,CAPTURED,,,90100,0,INR,2026-07-25T11:26:29+05:30,2026-07-25T11:27:36+05:30,2026-07-29
TXN_1879,M123,ref_txn_1879,UTR338761349256,WALLET,WALLET,BANK_A,CAPTURED,,,41800,690,INR,2026-05-28T21:58:08+05:30,2026-05-28T21:58:16+05:30,2026-06-02
TXN_1880,M123,ref_txn_1880,UTR459915304916,UPI,UPI_BANK_ACCOUNT,BANK_D,CAPTURED,,,30200,0,INR,2026-07-29T11:41:11+05:30,2026-07-29T11:41:56+05:30,2026-07-31
TXN_1885,M123,ref_txn_1885,UTR100179495626,WALLET,WALLET,BANK_A,CAPTURED,,,43600,719,INR,2026-08-18T14:57:31+05:30,2026-08-18T14:58:35+05:30,2026-08-20
TXN_1891,M123,ref_txn_1891,UTR714636494487,UPI,UPI_BANK_ACCOUNT,BANK_C,CAPTURED,,,125900,0,INR,2026-07-28T13:05:19+05:30,2026-07-28T13:06:14+05:30,2026-07-30
TXN_1892,M123,ref_txn_1892,UTR236364848286,UPI,UPI_BANK_ACCOUNT,BANK_A,CAPTURED,,,151800,0,INR,2026-05-31T18:14:09+05:30,2026-05-31T18:15:02+05:30,2026-06-03
TXN_19,M123,ref_txn_19,UTR421590596915,UPI,UPI_BANK_ACCOUNT,BANK_A,CAPTURED,,,82900,0,INR,2026-06-20T11:06:20+05:30,2026-06-20T11:07:46+05:30,2026-06-24
TXN_1901,M123,ref_txn_1901,UTR813349563161,UPI,UPI_RUPAY_CREDIT,BANK_F,CAPTURED,,,21600,0,INR,2026-07-16T21:05:58+05:30,2026-07-16T21:06:05+05:30,2026-07-21
TXN_1902,M123,ref_txn_1902,UTR881152512682,UPI,UPI_BANK_ACCOUNT,BANK_E,CAPTURED,,,109500,0,INR,2026-06-09T15:26:30+05:30,2026-06-09T15:27:37+05:30,2026-06-11
TXN_1903,M123,ref_txn_1903,UTR529634313454,CARD,CREDIT_CARD,BANK_D,CAPTURED,,,402200,7642,INR,2026-06-23T16:13:56+05:30,2026-06-23T16:14:44+05:30,2026-06-25
TXN_1904,M123,ref_txn_1904,UTR307811569114,UPI,UPI_BANK_ACCOUNT,BANK_D,CAPTURED,,,9600,0,INR,2026-06-12T16:00:13+05:30,2026-06-12T16:01:03+05:30,2026-06-16
TXN_1914,M123,ref_txn_1914,UTR910644874112,CARD,CREDIT_CARD,BANK_B,CAPTURED,,,398700,7575,INR,2026-07-04T17:20:31+05:30,2026-07-04T17:21:24+05:30,2026-07-08
TXN_1915,M123,ref_txn_1915,UTR856815497902,UPI,UPI_BANK_ACCOUNT,BANK_A,CAPTURED,,,33400,0,INR,2026-07-06T13:38:17+05:30,2026-07-06T13:38:34+05:30,2026-07-08
TXN_1916,M123,ref_txn_1916,UTR838561856113,UPI,UPI_BANK_ACCOUNT,BANK_E,CAPTURED,,,24100,0,INR,2026-05-27T10:36:44+05:30,2026-05-27T10:37:01+05:30,2026-05-29
TXN_1918,M123,ref_txn_1918,UTR203632255192,UPI,UPI_BANK_ACCOUNT,BANK_D,CAPTURED,,,130700,0,INR,2026-06-10T11:49:25+05:30,2026-06-10T11:50:34+05:30,2026-06-12
TXN_192,M123,ref_txn_192,UTR396908789557,UPI,UPI_BANK_ACCOUNT,BANK_F,CAPTURED,,,141700,0,INR,2026-05-27T16:58:55+05:30,2026-05-27T16:59:05+05:30,2026-05-29
TXN_1920,M123,ref_txn_1920,UTR136522163791,UPI,UPI_BANK_ACCOUNT,BANK_F,CAPTURED,,,129100,0,INR,2026-08-13T12:22:30+05:30,2026-08-13T12:22:43+05:30,2026-08-17
TXN_1921,M123,ref_txn_1921,UTR431377237488,UPI,UPI_BANK_ACCOUNT,BANK_A,CAPTURED,,,77300,0,INR,2026-05-26T11:13:32+05:30,2026-05-26T11:14:57+05:30,2026-05-28
TXN_1933,M123,ref_txn_1933,UTR745947381800,UPI,UPI_BANK_ACCOUNT,BANK_B,CAPTURED,,,41000,0,INR,2026-06-23T11:31:24+05:30,2026-06-23T11:31:56+05:30,2026-06-25
TXN_1934,M123,ref_txn_1934,UTR742845386586,UPI,UPI_PPI_WALLET,BANK_C,CAPTURED,,,87000,0,INR,2026-05-29T11:49:36+05:30,2026-05-29T11:49:58+05:30,2026-06-02
TXN_1935,M123,ref_txn_1935,UTR613397162908,UPI,UPI_BANK_ACCOUNT,BANK_A,CAPTURED,,,16100,0,INR,2026-06-24T16:48:43+05:30,2026-06-24T16:49:53+05:30,2026-06-26
TXN_1937,M123,ref_txn_1937,UTR646543239055,UPI,UPI_BANK_ACCOUNT,BANK_E,CAPTURED,,,13600,0,INR,2026-06-11T12:21:55+05:30,2026-06-11T12:22:11+05:30,2026-06-15
TXN_1938,M123,ref_txn_1938,UTR143241565567,CARD,CREDIT_CARD,BANK_B,CAPTURED,,,598300,11368,INR,2026-06-16T18:43:56+05:30,2026-06-16T18:44:26+05:30,2026-06-19
TXN_1940,M123,ref_txn_1940,UTR858214226103,CARD,CREDIT_CARD,BANK_B,CAPTURED,,,241900,4596,INR,2026-07-16T13:26:05+05:30,2026-07-16T13:26:30+05:30,2026-07-20
TXN_1945,M123,ref_txn_1945,UTR922253623352,NETBANKING,NETBANKING,BANK_E,CAPTURED,,,385700,1200,INR,2026-06-07T21:23:25+05:30,2026-06-07T21:23:57+05:30,2026-06-10
TXN_1946,M123,ref_txn_1946,,UPI,UPI_BANK_ACCOUNT,BANK_D,CAPTURED,,,27500,0,INR,2026-07-15T14:29:41+05:30,2026-07-15T14:30:13+05:30,2026-07-17
TXN_1948,M123,ref_txn_1948,UTR214581277978,WALLET,WALLET,BANK_A,CAPTURED,,,24900,411,INR,2026-07-27T21:57:43+05:30,2026-07-27T21:57:58+05:30,2026-07-30
TXN_195,M123,ref_txn_195,,UPI,UPI_BANK_ACCOUNT,BANK_B,CAPTURED,,,115900,0,INR,2026-08-07T16:10:34+05:30,2026-08-07T16:11:41+05:30,2026-08-11
TXN_1950,M123,ref_txn_1950,UTR631420016894,UPI,UPI_BANK_ACCOUNT,BANK_C,CAPTURED,,,114400,0,INR,2026-07-20T15:16:47+05:30,2026-07-20T15:17:20+05:30,2026-07-22
TXN_1954,M123,ref_txn_1954,UTR869026866302,NETBANKING,NETBANKING,BANK_A,CAPTURED,,,769700,1200,INR,2026-05-26T17:32:16+05:30,2026-05-26T17:32:47+05:30,2026-05-28
TXN_1956,M123,ref_txn_1956,UTR515273501725,UPI,UPI_BANK_ACCOUNT,BANK_C,CAPTURED,,,101800,0,INR,2026-07-24T16:58:13+05:30,2026-07-24T16:59:00+05:30,2026-07-28
TXN_196,M123,ref_txn_196,UTR362627559376,CARD,CREDIT_CARD,BANK_B,CAPTURED,,,269800,5126,INR,2026-08-07T16:11:59+05:30,2026-08-07T16:12:23+05:30,2026-08-11
TXN_1960,M123,ref_txn_1960,UTR803195321287,UPI,UPI_BANK_ACCOUNT,BANK_A,CAPTURED,,,88700,0,INR,2026-07-07T14:35:55+05:30,2026-07-07T14:36:47+05:30,2026-07-09
TXN_1962,M123,ref_txn_1962,,WALLET,WALLET,BANK_A,FAILED,BUSINESS_DECLINE,AUTHENTICATION_FAILURE,52000,0,INR,2026-07-01T15:25:59+05:30,,
TXN_1963,M123,ref_txn_1963,UTR233779872025,UPI,UPI_BANK_ACCOUNT,BANK_B,CAPTURED,,,45800,0,INR,2026-08-10T16:30:40+05:30,2026-08-10T16:31:29+05:30,2026-08-12
TXN_1968,M123,ref_txn_1968,,CARD,CREDIT_CARD,BANK_C,FAILED,BUSINESS_DECLINE,LIMIT_EXCEEDED,388100,0,INR,2026-08-01T15:16:23+05:30,,
TXN_1969,M123,ref_txn_1969,UTR648464390876,UPI,UPI_PPI_WALLET,BANK_C,CAPTURED,,,8700,0,INR,2026-07-16T12:31:24+05:30,2026-07-16T12:32:52+05:30,2026-07-20
TXN_197,M123,ref_txn_197,UTR375165763588,UPI,UPI_BANK_ACCOUNT,BANK_B,CAPTURED,,,23500,0,INR,2026-06-18T21:48:41+05:30,2026-06-18T21:49:43+05:30,2026-06-23
TXN_1972,M123,ref_txn_1972,UTR437954939116,CARD,CREDIT_CARD,BANK_B,CAPTURED,,,156200,2968,INR,2026-07-21T10:16:09+05:30,2026-07-21T10:17:27+05:30,2026-07-23
TXN_1974,M123,ref_txn_1974,UTR452344126292,CARD,CREDIT_CARD,BANK_C,CAPTURED,,,235000,4465,INR,2026-05-31T18:20:36+05:30,2026-05-31T18:21:53+05:30,2026-06-03
TXN_1975,M123,ref_txn_1975,UTR662834396919,UPI,UPI_BANK_ACCOUNT,BANK_D,CAPTURED,,,100400,0,INR,2026-08-11T12:35:45+05:30,2026-08-11T12:36:03+05:30,2026-08-13
TXN_1977,M123,ref_txn_1977,UTR447686385650,NETBANKING,NETBANKING,BANK_A,CAPTURED,,,378200,1200,INR,2026-07-15T13:32:02+05:30,2026-07-15T13:32:54+05:30,2026-07-17
TXN_1979,M123,ref_txn_1979,,UPI,UPI_BANK_ACCOUNT,BANK_A,CAPTURED,,,21000,0,INR,2026-08-18T11:01:02+05:30,2026-08-18T11:01:45+05:30,2026-08-20
TXN_198,M123,ref_txn_198,UTR552326804273,UPI,UPI_BANK_ACCOUNT,BANK_A,CAPTURED,,,37600,0,INR,2026-06-02T11:16:35+05:30,2026-06-02T11:17:08+05:30,2026-06-04
TXN_1983,M123,ref_txn_1983,UTR237187023717,UPI,UPI_BANK_ACCOUNT,BANK_F,CAPTURED,,,92400,0,INR,2026-08-15T10:02:46+05:30,2026-08-15T10:03:48+05:30,2026-08-19
TXN_1986,M123,ref_txn_1986,UTR677734329393,CARD,OTHER_DEBIT,BANK_E,CAPTURED,,,383700,3453,INR,2026-07-29T09:16:07+05:30,2026-07-29T09:17:23+05:30,2026-07-31
TXN_1987,M123,ref_txn_1987,UTR522868018705,CARD,RUPAY_DEBIT,BANK_A,CAPTURED,,,93100,0,INR,2026-07-29T09:47:59+05:30,2026-07-29T09:49:22+05:30,2026-07-31
TXN_199,M123,ref_txn_199,UTR561836331286,UPI,UPI_BANK_ACCOUNT,BANK_D,CAPTURED,,,62700,0,INR,2026-08-14T11:09:14+05:30,2026-08-14T11:09:48+05:30,2026-08-18
TXN_1991,M123,ref_txn_1991,,UPI,UPI_BANK_ACCOUNT,BANK_B,CAPTURED,,,34800,0,INR,2026-06-02T16:25:12+05:30,2026-06-02T16:25:37+05:30,2026-06-04
TXN_1997,M123,ref_txn_1997,UTR683112336001,CARD,CREDIT_CARD,BANK_A,CAPTURED,,,165300,3141,INR,2026-06-06T12:31:14+05:30,2026-06-06T12:32:19+05:30,2026-06-10
TXN_1999,M123,ref_txn_1999,UTR817086628836,UPI,UPI_BANK_ACCOUNT,BANK_F,CAPTURED,,,71100,0,INR,2026-08-21T12:36:37+05:30,2026-08-21T12:37:27+05:30,2026-08-25
TXN_20,M123,ref_txn_20,UTR758017362111,UPI,UPI_BANK_ACCOUNT,BANK_B,CAPTURED,,,31800,0,INR,2026-08-09T18:30:52+05:30,2026-08-09T18:31:24+05:30,2026-08-12
TXN_200,M123,ref_txn_200,UTR448448495626,NETBANKING,NETBANKING,BANK_C,CAPTURED,,,542500,1200,INR,2026-07-28T16:30:34+05:30,2026-07-28T16:31:45+05:30,2026-07-30
TXN_2000,M123,ref_txn_2000,,UPI,UPI_BANK_ACCOUNT,BANK_A,FAILED,TECHNICAL_DECLINE,BANK_TIMEOUT,27700,0,INR,2026-07-27T19:27:15+05:30,,
TXN_2001,M123,ref_txn_2001,UTR671044708261,CARD,RUPAY_DEBIT,BANK_B,CAPTURED,,,130700,0,INR,2026-06-06T16:41:05+05:30,2026-06-06T16:42:10+05:30,2026-06-10
TXN_2005,M123,ref_txn_2005,UTR136411554031,NETBANKING,NETBANKING,BANK_A,CAPTURED,,,164400,1200,INR,2026-07-02T14:46:24+05:30,2026-07-02T14:47:15+05:30,2026-07-06
TXN_2007,M123,ref_txn_2007,UTR265189968802,UPI,UPI_BANK_ACCOUNT,BANK_E,CAPTURED,,,41200,0,INR,2026-06-23T17:19:49+05:30,2026-06-23T17:20:13+05:30,2026-06-25
TXN_2008,M123,ref_txn_2008,UTR382261707293,UPI,UPI_PPI_WALLET,BANK_F,CAPTURED,,,55000,0,INR,2026-07-03T14:48:12+05:30,2026-07-03T14:49:17+05:30,2026-07-07
TXN_201,M123,ref_txn_201,,WALLET,WALLET,BANK_A,CAPTURED,,,112300,1853,INR,2026-07-08T10:06:29+05:30,2026-07-08T10:06:50+05:30,2026-07-10
TXN_2014,M123,ref_txn_2014,UTR743534643235,UPI,UPI_BANK_ACCOUNT,BANK_A,CAPTURED,,,153400,0,INR,2026-08-02T16:30:19+05:30,2026-08-02T16:31:02+05:30,2026-08-05
TXN_2017,M123,ref_txn_2017,UTR112757217069,CARD,CREDIT_CARD,BANK_A,CAPTURED,,,275100,5227,INR,2026-08-22T16:20:07+05:30,2026-08-22T16:21:18+05:30,2026-08-26
TXN_2018,M123,ref_txn_2018,UTR275537362014,UPI,UPI_BANK_ACCOUNT,BANK_A,CAPTURED,,,110000,0,INR,2026-07-13T16:04:22+05:30,2026-07-13T16:04:30+05:30,2026-07-15
TXN_2020,M123,ref_txn_2020,UTR156824880514,UPI,UPI_BANK_ACCOUNT,BANK_A,CAPTURED,,,82200,0,INR,2026-05-27T12:04:46+05:30,2026-05-27T12:06:07+05:30,2026-05-29
TXN_2021,M123,ref_txn_2021,UTR779151474133,UPI,UPI_BANK_ACCOUNT,BANK_F,CAPTURED,,,13700,0,INR,2026-07-23T11:36:18+05:30,2026-07-23T11:37:32+05:30,2026-07-27
TXN_2023,M123,ref_txn_2023,UTR224379675130,CARD,CREDIT_CARD,BANK_A,CAPTURED,,,616800,11719,INR,2026-06-26T14:06:55+05:30,2026-06-26T14:08:13+05:30,2026-06-30
TXN_2024,M123,ref_txn_2024,UTR964059597280,UPI,UPI_BANK_ACCOUNT,BANK_F,CAPTURED,,,66300,0,INR,2026-08-11T10:47:14+05:30,2026-08-11T10:47:42+05:30,2026-08-13
TXN_2025,M123,ref_txn_2025,UTR135660089433,UPI,UPI_BANK_ACCOUNT,BANK_A,CAPTURED,,,16100,0,INR,2026-05-26T16:22:33+05:30,2026-05-26T16:24:00+05:30,2026-05-28
TXN_203,M123,ref_txn_203,UTR250417708169,UPI,UPI_BANK_ACCOUNT,BANK_D,CAPTURED,,,91700,0,INR,2026-06-07T16:52:05+05:30,2026-06-07T16:52:18+05:30,2026-06-10
TXN_2030,M123,ref_txn_2030,UTR515003236622,UPI,UPI_BANK_ACCOUNT,BANK_C,CAPTURED,,,17900,0,INR,2026-05-27T19:04:14+05:30,2026-05-27T19:04:28+05:30,2026-06-01
TXN_2031,M123,ref_txn_2031,UTR938524946645,UPI,UPI_BANK_ACCOUNT,BANK_D,CAPTURED,,,46000,0,INR,2026-06-02T15:42:16+05:30,2026-06-02T15:43:25+05:30,2026-06-04
TXN_2035,M123,ref_txn_2035,UTR173196007511,UPI,UPI_BANK_ACCOUNT,BANK_D,CAPTURED,,,31900,0,INR,2026-06-21T11:39:45+05:30,2026-06-21T11:40:38+05:30,2026-06-24
TXN_2037,M123,ref_txn_2037,UTR535627069252,UPI,UPI_PPI_WALLET,BANK_C,CAPTURED,,,7500,0,INR,2026-06-07T11:06:34+05:30,2026-06-07T11:07:41+05:30,2026-06-10
TXN_2038,M123,ref_txn_2038,UTR299422992997,UPI,UPI_BANK_ACCOUNT,BANK_A,CAPTURED,,,90300,0,INR,2026-06-13T11:41:23+05:30,2026-06-13T11:42:24+05:30,2026-06-17
TXN_2041,M123,ref_txn_2041,UTR831678819537,UPI,UPI_BANK_ACCOUNT,BANK_A,CAPTURED,,,51100,0,INR,2026-06-23T17:42:40+05:30,2026-06-23T17:43:58+05:30,2026-06-25
TXN_2044,M123,ref_txn_2044,UTR621500975371,UPI,UPI_BANK_ACCOUNT,BANK_D,CAPTURED,,,49700,0,INR,2026-06-02T21:56:13+05:30,2026-06-02T21:57:00+05:30,2026-06-05
TXN_2045,M123,ref_txn_2045,UTR646401033143,UPI,UPI_BANK_ACCOUNT,BANK_B,CAPTURED,,,35500,0,INR,2026-07-04T21:28:17+05:30,2026-07-04T21:29:20+05:30,2026-07-08
TXN_2047,M123,ref_txn_2047,UTR151091154971,UPI,UPI_BANK_ACCOUNT,BANK_A,CAPTURED,,,152800,0,INR,2026-07-12T13:58:37+05:30,2026-07-12T13:59:59+05:30,2026-07-15
TXN_2048,M123,ref_txn_2048,UTR393039420284,UPI,UPI_PPI_WALLET,BANK_D,CAPTURED,,,62100,0,INR,2026-06-21T10:26:25+05:30,2026-06-21T10:27:16+05:30,2026-06-24
TXN_2050,M123,ref_txn_2050,,UPI,UPI_BANK_ACCOUNT,BANK_D,CAPTURED,,,24900,0,INR,2026-05-31T15:54:08+05:30,2026-05-31T15:55:07+05:30,2026-06-03
TXN_2053,M123,ref_txn_2053,UTR121965487707,CARD,CREDIT_CARD,BANK_E,CAPTURED,,,179500,3411,INR,2026-05-28T18:27:33+05:30,2026-05-28T18:28:41+05:30,2026-06-02
TXN_2056,M123,ref_txn_2056,UTR428984018868,WALLET,WALLET,BANK_A,CAPTURED,,,45000,743,INR,2026-06-18T17:24:12+05:30,2026-06-18T17:25:00+05:30,2026-06-22
TXN_2057,M123,ref_txn_2057,,UPI,UPI_BANK_ACCOUNT,BANK_B,FAILED,TECHNICAL_DECLINE,NETWORK_ERROR,107900,0,INR,2026-08-10T16:57:42+05:30,,
TXN_206,M123,ref_txn_206,UTR913989711926,UPI,UPI_BANK_ACCOUNT,BANK_B,CAPTURED,,,96100,0,INR,2026-07-18T16:33:23+05:30,2026-07-18T16:34:00+05:30,2026-07-22
TXN_2061,M123,ref_txn_2061,UTR755468347609,UPI,UPI_BANK_ACCOUNT,BANK_B,CAPTURED,,,121000,0,INR,2026-06-09T12:13:46+05:30,2026-06-09T12:13:59+05:30,2026-06-11
TXN_2065,M123,ref_txn_2065,,NETBANKING,NETBANKING,BANK_E,FAILED,BUSINESS_DECLINE,INSUFFICIENT_FUNDS,462800,0,INR,2026-07-27T16:09:05+05:30,,
TXN_2066,M123,ref_txn_2066,UTR881346457793,UPI,UPI_BANK_ACCOUNT,BANK_F,CAPTURED,,,78900,0,INR,2026-08-19T09:47:27+05:30,2026-08-19T09:48:17+05:30,2026-08-21
TXN_2067,M123,ref_txn_2067,UTR543127741474,UPI,UPI_BANK_ACCOUNT,BANK_C,CAPTURED,,,12900,0,INR,2026-07-17T11:39:39+05:30,2026-07-17T11:40:24+05:30,2026-07-21
TXN_2069,M123,ref_txn_2069,UTR694080540921,CARD,CREDIT_CARD,BANK_E,CAPTURED,,,284300,5402,INR,2026-06-10T13:57:09+05:30,2026-06-10T13:57:59+05:30,2026-06-12
TXN_2070,M123,ref_txn_2070,UTR222009618348,UPI,UPI_BANK_ACCOUNT,BANK_A,CAPTURED,,,111200,0,INR,2026-08-04T14:12:47+05:30,2026-08-04T14:13:32+05:30,2026-08-06
TXN_2073,M123,ref_txn_2073,UTR492778139142,CARD,OTHER_DEBIT,BANK_D,CAPTURED,,,82600,743,INR,2026-06-15T16:15:40+05:30,2026-06-15T16:16:46+05:30,2026-06-17
TXN_2076,M123,ref_txn_2076,,CARD,CREDIT_CARD,BANK_A,FAILED,BUSINESS_DECLINE,INSUFFICIENT_FUNDS,256900,0,INR,2026-08-01T11:22:18+05:30,,
TXN_2078,M123,ref_txn_2078,UTR571163658114,UPI,UPI_BANK_ACCOUNT,BANK_C,CAPTURED,,,150000,0,INR,2026-05-27T14:42:53+05:30,2026-05-27T14:44:08+05:30,2026-05-29
TXN_2079,M123,ref_txn_2079,UTR930578314024,CARD,OTHER_DEBIT,BANK_F,CAPTURED,,,180700,1626,INR,2026-05-27T10:56:58+05:30,2026-05-27T10:57:56+05:30,2026-05-29
TXN_208,M123,ref_txn_208,UTR510597663620,UPI,UPI_BANK_ACCOUNT,BANK_C,CAPTURED,,,13700,0,INR,2026-06-11T21:42:40+05:30,2026-06-11T21:43:58+05:30,2026-06-16
TXN_2080,M123,ref_txn_2080,,UPI,UPI_BANK_ACCOUNT,BANK_B,FAILED,BUSINESS_DECLINE,AUTHENTICATION_FAILURE,37200,0,INR,2026-07-02T21:09:17+05:30,,
TXN_2088,M123,ref_txn_2088,UTR534249479952,UPI,UPI_BANK_ACCOUNT,BANK_B,CAPTURED,,,31100,0,INR,2026-07-04T17:38:31+05:30,2026-07-04T17:38:37+05:30,2026-07-08
TXN_2090,M123,ref_txn_2090,UTR438009669859,UPI,UPI_BANK_ACCOUNT,BANK_C,CAPTURED,,,67100,0,INR,2026-07-02T11:59:42+05:30,2026-07-02T11:59:47+05:30,2026-07-06
TXN_2096,M123,ref_txn_2096,UTR159703614299,UPI,UPI_BANK_ACCOUNT,BANK_F,CAPTURED,,,97900,0,INR,2026-06-27T10:50:10+05:30,2026-06-27T10:50:44+05:30,2026-07-01
TXN_2097,M123,ref_txn_2097,UTR606673468321,CARD,RUPAY_DEBIT,BANK_E,CAPTURED,,,535400,0,INR,2026-06-14T10:08:12+05:30,2026-06-14T10:09:37+05:30,2026-06-17
TXN_21,M123,ref_txn_21,,UPI,UPI_BANK_ACCOUNT,BANK_C,CAPTURED,,,70200,0,INR,2026-08-12T09:43:41+05:30,2026-08-12T09:44:12+05:30,2026-08-14
TXN_2100,M123,ref_txn_2100,UTR571419475437,CARD,CREDIT_CARD,BANK_C,CAPTURED,,,268500,5102,INR,2026-07-09T12:17:55+05:30,2026-07-09T12:18:31+05:30,2026-07-13
TXN_2101,M123,ref_txn_2101,UTR725607155202,WALLET,WALLET,BANK_F,CAPTURED,,,60400,997,INR,2026-06-27T11:53:06+05:30,2026-06-27T11:53:38+05:30,2026-07-01
TXN_2104,M123,ref_txn_2104,UTR690940225538,WALLET,WALLET,BANK_A,CAPTURED,,,20400,337,INR,2026-07-27T17:05:28+05:30,2026-07-27T17:05:56+05:30,2026-07-29
TXN_2105,M123,ref_txn_2105,,UPI,UPI_BANK_ACCOUNT,BANK_B,CAPTURED,,,129000,0,INR,2026-07-22T16:46:17+05:30,2026-07-22T16:46:40+05:30,2026-07-24
TXN_2108,M123,ref_txn_2108,UTR607458025169,UPI,UPI_BANK_ACCOUNT,BANK_F,CAPTURED,,,46900,0,INR,2026-06-04T13:19:14+05:30,2026-06-04T13:20:22+05:30,2026-06-08
TXN_211,M123,ref_txn_211,UTR637111109763,CARD,CREDIT_CARD,BANK_A,CAPTURED,,,515100,9787,INR,2026-08-08T14:15:42+05:30,2026-08-08T14:16:55+05:30,2026-08-12
TXN_2111,M123,ref_txn_2111,UTR566633796533,UPI,UPI_BANK_ACCOUNT,BANK_F,CAPTURED,,,25200,0,INR,2026-07-13T14:09:34+05:30,2026-07-13T14:10:03+05:30,2026-07-15
TXN_2113,M123,ref_txn_2113,UTR921159461888,UPI,UPI_BANK_ACCOUNT,BANK_B,CAPTURED,,,137100,0,INR,2026-06-02T11:19:32+05:30,2026-06-02T11:19:53+05:30,2026-06-04
TXN_2114,M123,ref_txn_2114,UTR736470300603,CARD,OTHER_DEBIT,BANK_B,CAPTURED,,,132000,1188,INR,2026-06-10T11:19:17+05:30,2026-06-10T11:20:01+05:30,2026-06-12
TXN_2115,M123,ref_txn_2115,UTR411220940316,UPI,UPI_BANK_ACCOUNT,BANK_D,CAPTURED,,,45600,0,INR,2026-07-19T09:17:40+05:30,2026-07-19T09:18:01+05:30,2026-07-22
TXN_2117,M123,ref_txn_2117,,CARD,CREDIT_CARD,BANK_E,FAILED,BUSINESS_DECLINE,LIMIT_EXCEEDED,212800,0,INR,2026-05-30T16:27:46+05:30,,
TXN_2118,M123,ref_txn_2118,UTR190662975985,UPI,UPI_BANK_ACCOUNT,BANK_B,CAPTURED,,,9700,0,INR,2026-07-15T17:34:29+05:30,2026-07-15T17:34:57+05:30,2026-07-17
TXN_2119,M123,ref_txn_2119,UTR798485840840,UPI,UPI_BANK_ACCOUNT,BANK_A,CAPTURED,,,82300,0,INR,2026-07-09T11:12:30+05:30,2026-07-09T11:12:54+05:30,2026-07-13
TXN_2122,M123,ref_txn_2122,UTR146146459123,UPI,UPI_BANK_ACCOUNT,BANK_C,CAPTURED,,,103600,0,INR,2026-06-10T14:51:36+05:30,2026-06-10T14:52:25+05:30,2026-06-12
TXN_2131,M123,ref_txn_2131,UTR788310412853,UPI,UPI_BANK_ACCOUNT,BANK_E,CAPTURED,,,98400,0,INR,2026-08-15T10:44:54+05:30,2026-08-15T10:46:03+05:30,2026-08-19
TXN_2132,M123,ref_txn_2132,UTR761535260162,UPI,UPI_BANK_ACCOUNT,BANK_A,CAPTURED,,,46800,0,INR,2026-07-03T18:25:26+05:30,2026-07-03T18:25:46+05:30,2026-07-08
TXN_2133,M123,ref_txn_2133,UTR563482607854,CARD,CREDIT_CARD,BANK_C,CAPTURED,,,408000,7752,INR,2026-07-13T15:09:17+05:30,2026-07-13T15:09:53+05:30,2026-07-15
TXN_2135,M123,ref_txn_2135,UTR933125854711,UPI,UPI_BANK_ACCOUNT,BANK_B,CAPTURED,,,79100,0,INR,2026-06-06T12:40:00+05:30,2026-06-06T12:40:28+05:30,2026-06-10
TXN_2136,M123,ref_txn_2136,UTR941139412121,UPI,UPI_BANK_ACCOUNT,BANK_C,CAPTURED,,,27500,0,INR,2026-07-17T10:39:11+05:30,2026-07-17T10:40:36+05:30,2026-07-21
TXN_2137,M123,ref_txn_2137,UTR604797660782,UPI,UPI_BANK_ACCOUNT,BANK_B,CAPTURED,,,28300,0,INR,2026-06-07T16:42:21+05:30,2026-06-07T16:43:49+05:30,2026-06-10
TXN_2138,M123,ref_txn_2138,UTR441826048487,UPI,UPI_BANK_ACCOUNT,BANK_F,CAPTURED,,,69800,0,INR,2026-07-18T10:37:24+05:30,2026-07-18T10:37:50+05:30,2026-07-22
TXN_2139,M123,ref_txn_2139,UTR325640458140,CARD,CREDIT_CARD,BANK_A,CAPTURED,,,318300,6048,INR,2026-05-30T11:35:31+05:30,2026-05-30T11:36:56+05:30,2026-06-03
TXN_2141,M123,ref_txn_2141,UTR380111771588,UPI,UPI_BANK_ACCOUNT,BANK_C,CAPTURED,,,143600,0,INR,2026-07-25T11:05:23+05:30,2026-07-25T11:06:11+05:30,2026-07-29
TXN_2143,M123,ref_txn_2143,UTR341076774208,WALLET,WALLET,BANK_A,CAPTURED,,,25900,427,INR,2026-07-20T15:40:18+05:30,2026-07-20T15:41:09+05:30,2026-07-22
TXN_2144,M123,ref_txn_2144,UTR800059737458,UPI,UPI_BANK_ACCOUNT,BANK_C,CAPTURED,,,25700,0,INR,2026-07-06T10:39:19+05:30,2026-07-06T10:40:46+05:30,2026-07-08
TXN_2147,M123,ref_txn_2147,UTR788928449356,UPI,UPI_BANK_ACCOUNT,BANK_E,CAPTURED,,,20600,0,INR,2026-06-08T09:30:21+05:30,2026-06-08T09:31:13+05:30,2026-06-10
TXN_2148,M123,ref_txn_2148,UTR235703333339,CARD,OTHER_DEBIT,BANK_C,CAPTURED,,,65800,592,INR,2026-07-18T16:54:48+05:30,2026-07-18T16:55:06+05:30,2026-07-22
TXN_2149,M123,ref_txn_2149,UTR507639816080,UPI,UPI_BANK_ACCOUNT,BANK_B,CAPTURED,,,6500,0,INR,2026-06-01T16:18:44+05:30,2026-06-01T16:19:21+05:30,2026-06-03
TXN_2150,M123,ref_txn_2150,UTR992933478251,UPI,UPI_BANK_ACCOUNT,BANK_A,CAPTURED,,,70300,0,INR,2026-07-20T11:04:20+05:30,2026-07-20T11:05:12+05:30,2026-07-22
TXN_2152,M123,ref_txn_2152,UTR791314573744,UPI,UPI_BANK_ACCOUNT,BANK_A,CAPTURED,,,119500,0,INR,2026-07-18T09:25:50+05:30,2026-07-18T09:26:04+05:30,2026-07-22
TXN_2154,M123,ref_txn_2154,UTR164106618903,UPI,UPI_BANK_ACCOUNT,BANK_A,CAPTURED,,,113800,0,INR,2026-07-05T14:43:36+05:30,2026-07-05T14:43:53+05:30,2026-07-08
TXN_2155,M123,ref_txn_2155,,CARD,OTHER_DEBIT,BANK_A,CAPTURED,,,208700,1878,INR,2026-07-03T09:42:20+05:30,2026-07-03T09:42:37+05:30,2026-07-07
TXN_2156,M123,ref_txn_2156,UTR660944537929,UPI,UPI_BANK_ACCOUNT,BANK_E,CAPTURED,,,39000,0,INR,2026-08-01T11:31:08+05:30,2026-08-01T11:31:20+05:30,2026-08-05
TXN_2157,M123,ref_txn_2157,,UPI,UPI_BANK_ACCOUNT,BANK_A,FAILED,BUSINESS_DECLINE,INSUFFICIENT_FUNDS,71600,0,INR,2026-07-02T17:45:58+05:30,,
TXN_2158,M123,ref_txn_2158,UTR883066267688,UPI,UPI_BANK_ACCOUNT,BANK_D,CAPTURED,,,56300,0,INR,2026-08-23T15:32:37+05:30,2026-08-23T15:33:29+05:30,2026-08-26
TXN_2160,M123,ref_txn_2160,,UPI,UPI_BANK_ACCOUNT,BANK_E,CAPTURED,,,94300,0,INR,2026-06-20T14:11:18+05:30,2026-06-20T14:12:17+05:30,2026-06-24
TXN_2161,M123,ref_txn_2161,UTR876085514805,UPI,UPI_BANK_ACCOUNT,BANK_C,CAPTURED,,,58000,0,INR,2026-08-19T09:42:04+05:30,2026-08-19T09:43:11+05:30,2026-08-21
TXN_2165,M123,ref_txn_2165,UTR190730438410,CARD,OTHER_DEBIT,BANK_B,CAPTURED,,,79900,719,INR,2026-08-21T10:40:16+05:30,2026-08-21T10:40:28+05:30,2026-08-25
TXN_2168,M123,ref_txn_2168,UTR874890456490,UPI,UPI_BANK_ACCOUNT,BANK_B,CAPTURED,,,35100,0,INR,2026-07-07T19:14:40+05:30,2026-07-07T19:15:43+05:30,2026-07-10
TXN_2169,M123,ref_txn_2169,UTR560740106071,UPI,UPI_BANK_ACCOUNT,BANK_C,CAPTURED,,,33000,0,INR,2026-07-19T09:51:11+05:30,2026-07-19T09:51:31+05:30,2026-07-22
TXN_2170,M123,ref_txn_2170,UTR857738767999,UPI,UPI_BANK_ACCOUNT,BANK_C,CAPTURED,,,103200,0,INR,2026-08-03T11:12:49+05:30,2026-08-03T11:13:08+05:30,2026-08-05
TXN_2173,M123,ref_txn_2173,UTR138834942383,CARD,CREDIT_CARD,BANK_D,CAPTURED,,,363300,6903,INR,2026-06-25T14:19:39+05:30,2026-06-25T14:20:41+05:30,2026-06-29
TXN_2174,M123,ref_txn_2174,UTR538484167747,CARD,OTHER_DEBIT,BANK_A,CAPTURED,,,81600,734,INR,2026-08-11T10:35:01+05:30,2026-08-11T10:35:38+05:30,2026-08-13
TXN_2175,M123,ref_txn_2175,UTR157430946470,UPI,UPI_BANK_ACCOUNT,BANK_A,CAPTURED,,,94400,0,INR,2026-07-13T18:01:26+05:30,2026-07-13T18:01:44+05:30,2026-07-16
TXN_2176,M123,ref_txn_2176,UTR238591784094,UPI,UPI_BANK_ACCOUNT,BANK_D,CAPTURED,,,11300,0,INR,2026-06-20T12:06:18+05:30,2026-06-20T12:06:35+05:30,2026-06-24
TXN_218,M123,ref_txn_218,UTR817532117574,CARD,OTHER_DEBIT,BANK_B,CAPTURED,,,252900,2276,INR,2026-05-30T13:49:38+05:30,2026-05-30T13:49:49+05:30,2026-06-03
TXN_2182,M123,ref_txn_2182,UTR353930329960,UPI,UPI_BANK_ACCOUNT,BANK_E,CAPTURED,,,17700,0,INR,2026-08-04T11:37:55+05:30,2026-08-04T11:38:54+05:30,2026-08-06
TXN_2183,M123,ref_txn_2183,,UPI,UPI_BANK_ACCOUNT,BANK_C,FAILED,BUSINESS_DECLINE,INVALID_BENEFICIARY,144200,0,INR,2026-05-27T19:56:51+05:30,,
TXN_2185,M123,ref_txn_2185,UTR699695485373,WALLET,WALLET,BANK_A,CAPTURED,,,53100,876,INR,2026-07-11T09:34:24+05:30,2026-07-11T09:34:44+05:30,2026-07-15
TXN_2188,M123,ref_txn_2188,,UPI,UPI_BANK_ACCOUNT,BANK_D,CAPTURED,,,60400,0,INR,2026-08-20T10:56:03+05:30,2026-08-20T10:56:36+05:30,2026-08-24
TXN_2189,M123,ref_txn_2189,UTR679049576655,UPI,UPI_BANK_ACCOUNT,BANK_B,CAPTURED,,,69200,0,INR,2026-06-03T18:37:58+05:30,2026-06-03T18:39:15+05:30,2026-06-08
TXN_219,M123,ref_txn_219,UTR343048437917,CARD,CREDIT_CARD,BANK_F,CAPTURED,,,260900,4957,INR,2026-07-28T14:10:03+05:30,2026-07-28T14:10:36+05:30,2026-07-30
TXN_2191,M123,ref_txn_2191,UTR682335601209,UPI,UPI_BANK_ACCOUNT,BANK_A,CAPTURED,,,6800,0,INR,2026-06-19T10:33:36+05:30,2026-06-19T10:33:42+05:30,2026-06-23
TXN_2193,M123,ref_txn_2193,UTR273724976713,UPI,UPI_BANK_ACCOUNT,BANK_D,CAPTURED,,,19800,0,INR,2026-06-16T16:51:46+05:30,2026-06-16T16:52:05+05:30,2026-06-18
TXN_2194,M123,ref_txn_2194,UTR374827983448,UPI,UPI_BANK_ACCOUNT,BANK_B,CAPTURED,,,31300,0,INR,2026-07-01T09:58:25+05:30,2026-07-01T09:58:58+05:30,2026-07-03
TXN_2196,M123,ref_txn_2196,UTR676574473567,UPI,UPI_BANK_ACCOUNT,BANK_B,CAPTURED,,,51100,0,INR,2026-05-28T19:34:39+05:30,2026-05-28T19:35:18+05:30,2026-06-02
TXN_2197,M123,ref_txn_2197,UTR825332389720,UPI,UPI_BANK_ACCOUNT,BANK_A,CAPTURED,,,16700,0,INR,2026-07-17T11:31:40+05:30,2026-07-17T11:32:18+05:30,2026-07-21
TXN_22,M123,ref_txn_22,UTR257601743459,UPI,UPI_BANK_ACCOUNT,BANK_C,CAPTURED,,,37100,0,INR,2026-07-06T15:04:03+05:30,2026-07-06T15:05:16+05:30,2026-07-08
TXN_2200,M123,ref_txn_2200,UTR286534508145,UPI,UPI_BANK_ACCOUNT,BANK_C,CAPTURED,,,49500,0,INR,2026-07-02T14:40:51+05:30,2026-07-02T14:41:18+05:30,2026-07-06
TXN_2203,M123,ref_txn_2203,UTR504415480579,UPI,UPI_BANK_ACCOUNT,BANK_C,CAPTURED,,,18500,0,INR,2026-06-13T12:40:39+05:30,2026-06-13T12:40:46+05:30,2026-06-17
TXN_2205,M123,ref_txn_2205,UTR293362978955,WALLET,WALLET,BANK_A,CAPTURED,,,74500,1229,INR,2026-07-21T17:29:49+05:30,2026-07-21T17:30:27+05:30,2026-07-23
TXN_2208,M123,ref_txn_2208,UTR749688236563,CARD,OTHER_DEBIT,BANK_F,CAPTURED,,,138100,1243,INR,2026-06-23T14:51:49+05:30,2026-06-23T14:52:31+05:30,2026-06-25
TXN_2218,M123,ref_txn_2218,UTR347910753399,UPI,UPI_BANK_ACCOUNT,BANK_C,CAPTURED,,,129400,0,INR,2026-08-20T15:23:22+05:30,2026-08-20T15:23:33+05:30,2026-08-24
TXN_222,M123,ref_txn_222,UTR793237463986,UPI,UPI_BANK_ACCOUNT,BANK_D,CAPTURED,,,90100,0,INR,2026-07-26T14:36:10+05:30,2026-07-26T14:36:24+05:30,2026-07-29
TXN_2220,M123,ref_txn_2220,UTR293072903887,UPI,UPI_BANK_ACCOUNT,BANK_A,CAPTURED,,,41300,0,INR,2026-07-25T16:39:21+05:30,2026-07-25T16:39:50+05:30,2026-07-29
TXN_2222,M123,ref_txn_2222,UTR988856747570,CARD,CREDIT_CARD,BANK_D,CAPTURED,,,90000,1710,INR,2026-06-28T10:43:55+05:30,2026-06-28T10:44:12+05:30,2026-07-01
TXN_2223,M123,ref_txn_2223,,CARD,CREDIT_CARD,BANK_A,FAILED,BUSINESS_DECLINE,AUTHENTICATION_FAILURE,531100,0,INR,2026-05-30T14:40:37+05:30,,
TXN_2224,M123,ref_txn_2224,UTR241187822109,UPI,UPI_BANK_ACCOUNT,BANK_C,CAPTURED,,,8200,0,INR,2026-08-23T09:39:40+05:30,2026-08-23T09:40:50+05:30,2026-08-26
TXN_2231,M123,ref_txn_2231,UTR166972181707,UPI,UPI_BANK_ACCOUNT,BANK_D,CAPTURED,,,136500,0,INR,2026-08-03T09:49:37+05:30,2026-08-03T09:50:42+05:30,2026-08-05
TXN_2232,M123,ref_txn_2232,UTR282205160776,UPI,UPI_BANK_ACCOUNT,BANK_B,CAPTURED,,,144300,0,INR,2026-07-02T14:44:38+05:30,2026-07-02T14:45:37+05:30,2026-07-06
TXN_2233,M123,ref_txn_2233,UTR816605879433,UPI,UPI_BANK_ACCOUNT,BANK_E,CAPTURED,,,14100,0,INR,2026-06-08T13:22:36+05:30,2026-06-08T13:23:19+05:30,2026-06-10
TXN_2242,M123,ref_txn_2242,UTR687840409734,UPI,UPI_BANK_ACCOUNT,BANK_B,CAPTURED,,,81600,0,INR,2026-06-06T12:40:43+05:30,2026-06-06T12:41:19+05:30,2026-06-10
TXN_2245,M123,ref_txn_2245,UTR571675925861,UPI,UPI_BANK_ACCOUNT,BANK_A,CAPTURED,,,73200,0,INR,2026-07-09T12:43:45+05:30,2026-07-09T12:44:15+05:30,2026-07-13
TXN_2246,M123,ref_txn_2246,UTR451385853650,UPI,UPI_BANK_ACCOUNT,BANK_C,CAPTURED,,,103700,0,INR,2026-07-19T17:47:57+05:30,2026-07-19T17:48:27+05:30,2026-07-22
TXN_2247,M123,ref_txn_2247,UTR984580371129,UPI,UPI_BANK_ACCOUNT,BANK_A,CAPTURED,,,80900,0,INR,2026-08-19T14:12:54+05:30,2026-08-19T14:13:39+05:30,2026-08-21
TXN_2248,M123,ref_txn_2248,UTR566937617458,UPI,UPI_BANK_ACCOUNT,BANK_C,CAPTURED,,,11900,0,INR,2026-08-08T14:59:36+05:30,2026-08-08T14:59:53+05:30,2026-08-12
TXN_2250,M123,ref_txn_2250,UTR914202277220,UPI,UPI_BANK_ACCOUNT,BANK_E,CAPTURED,,,88000,0,INR,2026-06-20T15:59:47+05:30,2026-06-20T16:01:10+05:30,2026-06-24
TXN_2252,M123,ref_txn_2252,UTR287468349621,UPI,UPI_BANK_ACCOUNT,BANK_C,CAPTURED,,,83600,0,INR,2026-06-05T13:23:43+05:30,2026-06-05T13:24:55+05:30,2026-06-09
TXN_2253,M123,ref_txn_2253,UTR394104069004,UPI,UPI_BANK_ACCOUNT,BANK_A,CAPTURED,,,27100,0,INR,2026-08-11T11:30:11+05:30,2026-08-11T11:31:28+05:30,2026-08-13
TXN_2255,M123,ref_txn_2255,,NETBANKING,NETBANKING,BANK_A,CAPTURED,,,319600,1200,INR,2026-07-14T16:50:19+05:30,2026-07-14T16:50:30+05:30,2026-07-16
TXN_2257,M123,ref_txn_2257,UTR415689670811,UPI,UPI_BANK_ACCOUNT,BANK_B,CAPTURED,,,8500,0,INR,2026-07-07T15:22:11+05:30,2026-07-07T15:22:51+05:30,2026-07-09
TXN_2260,M123,ref_txn_2260,UTR332680515807,WALLET,WALLET,BANK_A,CAPTURED,,,20500,338,INR,2026-08-07T14:12:29+05:30,2026-08-07T14:13:09+05:30,2026-08-11
TXN_227,M123,ref_txn_227,UTR514082636743,UPI,UPI_BANK_ACCOUNT,BANK_A,CAPTURED,,,115200,0,INR,2026-06-26T19:06:26+05:30,2026-06-26T19:07:55+05:30,2026-07-01
TXN_2270,M123,ref_txn_2270,UTR466406279184,UPI,UPI_BANK_ACCOUNT,BANK_B,CAPTURED,,,51700,0,INR,2026-05-31T15:35:43+05:30,2026-05-31T15:36:06+05:30,2026-06-03
TXN_2274,M123,ref_txn_2274,UTR555926840364,UPI,UPI_BANK_ACCOUNT,BANK_D,CAPTURED,,,12500,0,INR,2026-06-27T19:09:55+05:30,2026-06-27T19:10:13+05:30,2026-07-01
TXN_2277,M123,ref_txn_2277,UTR410318551889,UPI,UPI_BANK_ACCOUNT,BANK_B,CAPTURED,,,30600,0,INR,2026-06-15T16:00:16+05:30,2026-06-15T16:00:41+05:30,2026-06-17
TXN_2278,M123,ref_txn_2278,UTR122619955877,NETBANKING,NETBANKING,BANK_A,CAPTURED,,,685600,1200,INR,2026-08-06T14:35:27+05:30,2026-08-06T14:36:32+05:30,2026-08-10
TXN_228,M123,ref_txn_228,UTR110998554013,UPI,UPI_BANK_ACCOUNT,BANK_A,CAPTURED,,,126300,0,INR,2026-07-15T09:47:26+05:30,2026-07-15T09:47:50+05:30,2026-07-17
TXN_2280,M123,ref_txn_2280,UTR599411818127,UPI,UPI_BANK_ACCOUNT,BANK_C,CAPTURED,,,13100,0,INR,2026-07-15T18:47:21+05:30,2026-07-15T18:47:30+05:30,2026-07-20
TXN_2282,M123,ref_txn_2282,UTR689192985464,UPI,UPI_BANK_ACCOUNT,BANK_C,CAPTURED,,,20700,0,INR,2026-07-08T14:22:40+05:30,2026-07-08T14:23:19+05:30,2026-07-10
TXN_2284,M123,ref_txn_2284,,UPI,UPI_BANK_ACCOUNT,BANK_E,CAPTURED,,,9600,0,INR,2026-05-28T11:07:13+05:30,2026-05-28T11:07:41+05:30,2026-06-01
TXN_2289,M123,ref_txn_2289,UTR145881226911,UPI,UPI_BANK_ACCOUNT,BANK_A,CAPTURED,,,10000,0,INR,2026-07-15T17:25:08+05:30,2026-07-15T17:26:32+05:30,2026-07-17
TXN_2291,M123,ref_txn_2291,UTR194919179031,WALLET,WALLET,BANK_E,CAPTURED,,,26200,432,INR,2026-06-27T19:25:47+05:30,2026-06-27T19:26:56+05:30,2026-07-01
TXN_2292,M123,ref_txn_2292,UTR526089881942,UPI,UPI_BANK_ACCOUNT,BANK_D,CAPTURED,,,119600,0,INR,2026-06-26T11:53:50+05:30,2026-06-26T11:54:40+05:30,2026-06-30
TXN_2296,M123,ref_txn_2296,,NETBANKING,NETBANKING,BANK_A,FAILED,BUSINESS_DECLINE,INSUFFICIENT_FUNDS,420000,0,INR,2026-07-01T12:15:47+05:30,,
TXN_2297,M123,ref_txn_2297,UTR596799983255,CARD,CREDIT_CARD,BANK_A,CAPTURED,,,154800,2941,INR,2026-08-12T16:45:05+05:30,2026-08-12T16:46:29+05:30,2026-08-14
TXN_2299,M123,ref_txn_2299,UTR383115339387,UPI,UPI_BANK_ACCOUNT,BANK_A,CAPTURED,,,69800,0,INR,2026-08-08T15:23:17+05:30,2026-08-08T15:24:00+05:30,2026-08-12
TXN_230,M123,ref_txn_230,,CARD,CREDIT_CARD,BANK_A,FAILED,TECHNICAL_DECLINE,NETWORK_ERROR,163000,0,INR,2026-08-01T11:30:23+05:30,,
TXN_2301,M123,ref_txn_2301,UTR341512142781,UPI,UPI_BANK_ACCOUNT,BANK_B,CAPTURED,,,146200,0,INR,2026-07-09T14:32:31+05:30,2026-07-09T14:33:19+05:30,2026-07-13
TXN_2306,M123,ref_txn_2306,UTR586119626252,UPI,UPI_BANK_ACCOUNT,BANK_B,CAPTURED,,,57500,0,INR,2026-07-01T21:23:08+05:30,2026-07-01T21:24:33+05:30,2026-07-06
TXN_2307,M123,ref_txn_2307,UTR153418444517,UPI,UPI_BANK_ACCOUNT,BANK_E,CAPTURED,,,119300,0,INR,2026-06-26T11:30:54+05:30,2026-06-26T11:31:31+05:30,2026-06-30
TXN_2308,M123,ref_txn_2308,UTR952140863383,UPI,UPI_BANK_ACCOUNT,BANK_B,CAPTURED,,,105200,0,INR,2026-08-15T15:43:52+05:30,2026-08-15T15:44:22+05:30,2026-08-19
TXN_2312,M123,ref_txn_2312,UTR408987871396,WALLET,WALLET,BANK_A,CAPTURED,,,17000,281,INR,2026-08-03T10:08:35+05:30,2026-08-03T10:09:54+05:30,2026-08-05
TXN_2314,M123,ref_txn_2314,UTR625410892656,UPI,UPI_BANK_ACCOUNT,BANK_F,CAPTURED,,,58900,0,INR,2026-07-11T15:51:46+05:30,2026-07-11T15:52:10+05:30,2026-07-15
TXN_2318,M123,ref_txn_2318,UTR271618370446,UPI,UPI_BANK_ACCOUNT,BANK_D,CAPTURED,,,122300,0,INR,2026-07-14T11:38:21+05:30,2026-07-14T11:39:38+05:30,2026-07-16
TXN_2319,M123,ref_txn_2319,UTR457047963248,CARD,CREDIT_CARD,BANK_C,CAPTURED,,,426800,8109,INR,2026-06-08T16:35:57+05:30,2026-06-08T16:36:56+05:30,2026-06-10
TXN_2322,M123,ref_txn_2322,UTR217484074773,UPI,UPI_BANK_ACCOUNT,BANK_A,CAPTURED,,,72700,0,INR,2026-07-08T16:29:16+05:30,2026-07-08T16:29:21+05:30,2026-07-10
TXN_2324,M123,ref_txn_2324,UTR293593136731,NETBANKING,NETBANKING,BANK_C,CAPTURED,,,198000,1200,INR,2026-06-14T19:47:14+05:30,2026-06-14T19:48:06+05:30,2026-06-17
TXN_2325,M123,ref_txn_2325,UTR603550660971,UPI,UPI_BANK_ACCOUNT,BANK_E,CAPTURED,,,13600,0,INR,2026-06-20T11:53:03+05:30,2026-06-20T11:54:26+05:30,2026-06-24
TXN_2326,M123,ref_txn_2326,UTR513959995856,UPI,UPI_BANK_ACCOUNT,BANK_A,CAPTURED,,,39500,0,INR,2026-06-21T10:38:14+05:30,2026-06-21T10:38:57+05:30,2026-06-24
TXN_2327,M123,ref_txn_2327,UTR353991462687,UPI,UPI_BANK_ACCOUNT,BANK_C,CAPTURED,,,92900,0,INR,2026-06-27T09:43:07+05:30,2026-06-27T09:44:04+05:30,2026-07-01
TXN_233,M123,ref_txn_233,UTR939442358177,UPI,UPI_BANK_ACCOUNT,BANK_B,CAPTURED,,,114000,0,INR,2026-06-11T11:17:50+05:30,2026-06-11T11:18:20+05:30,2026-06-15
TXN_2330,M123,ref_txn_2330,UTR424188250615,UPI,UPI_BANK_ACCOUNT,BANK_C,CAPTURED,,,110600,0,INR,2026-05-30T14:38:05+05:30,2026-05-30T14:38:22+05:30,2026-06-03
TXN_2331,M123,ref_txn_2331,UTR651711918041,UPI,UPI_BANK_ACCOUNT,BANK_C,CAPTURED,,,92100,0,INR,2026-07-10T09:55:47+05:30,2026-07-10T09:56:59+05:30,2026-07-14
TXN_2332,M123,ref_txn_2332,UTR859781092051,UPI,UPI_BANK_ACCOUNT,BANK_C,CAPTURED,,,7100,0,INR,2026-06-12T09:59:05+05:30,2026-06-12T09:59:24+05:30,2026-06-16
TXN_2340,M123,ref_txn_2340,UTR522293210781,UPI,UPI_BANK_ACCOUNT,BANK_F,CAPTURED,,,80200,0,INR,2026-05-29T21:58:42+05:30,2026-05-29T21:59:27+05:30,2026-06-03
TXN_2342,M123,ref_txn_2342,UTR429589899320,UPI,UPI_BANK_ACCOUNT,BANK_E,CAPTURED,,,85500,0,INR,2026-06-25T13:03:34+05:30,2026-06-25T13:04:31+05:30,2026-06-29
TXN_2344,M123,ref_txn_2344,UTR113215894820,UPI,UPI_BANK_ACCOUNT,BANK_A,CAPTURED,,,103200,0,INR,2026-07-13T13:07:48+05:30,2026-07-13T13:09:05+05:30,2026-07-15
TXN_2345,M123,ref_txn_2345,UTR798474337786,CARD,OTHER_DEBIT,BANK_C,CAPTURED,,,99700,897,INR,2026-07-11T18:43:02+05:30,2026-07-11T18:44:24+05:30,2026-07-15
TXN_2348,M123,ref_txn_2348,UTR184924814275,NETBANKING,NETBANKING,BANK_D,CAPTURED,,,305100,1200,INR,2026-06-19T16:32:18+05:30,2026-06-19T16:33:18+05:30,2026-06-23
TXN_2350,M123,ref_txn_2350,UTR883725380717,UPI,UPI_BANK_ACCOUNT,BANK_D,CAPTURED,,,134800,0,INR,2026-06-05T11:35:39+05:30,2026-06-05T11:36:40+05:30,2026-06-09
TXN_2354,M123,ref_txn_2354,UTR657323394606,UPI,UPI_BANK_ACCOUNT,BANK_B,CAPTURED,,,38500,0,INR,2026-08-14T18:17:37+05:30,2026-08-14T18:18:45+05:30,2026-08-19
TXN_2357,M123,ref_txn_2357,UTR790962072298,UPI,UPI_BANK_ACCOUNT,BANK_C,CAPTURED,,,21700,0,INR,2026-07-22T14:38:52+05:30,2026-07-22T14:40:06+05:30,2026-07-24
TXN_2358,M123,ref_txn_2358,UTR143648662512,UPI,UPI_BANK_ACCOUNT,BANK_C,CAPTURED,,,82200,0,INR,2026-06-18T15:11:15+05:30,2026-06-18T15:11:57+05:30,2026-06-22
TXN_2364,M123,ref_txn_2364,UTR956130938006,UPI,UPI_BANK_ACCOUNT,BANK_F,CAPTURED,,,144600,0,INR,2026-07-06T10:21:01+05:30,2026-07-06T10:21:40+05:30,2026-07-08
TXN_2367,M123,ref_txn_2367,UTR474045005672,NETBANKING,NETBANKING,BANK_A,CAPTURED,,,806800,1200,INR,2026-07-04T10:16:45+05:30,2026-07-04T10:18:05+05:30,2026-07-08
TXN_237,M123,ref_txn_237,UTR418812563953,UPI,UPI_BANK_ACCOUNT,BANK_B,CAPTURED,,,19900,0,INR,2026-05-31T21:34:00+05:30,2026-05-31T21:34:25+05:30,2026-06-03
TXN_2371,M123,ref_txn_2371,UTR119142470621,UPI,UPI_BANK_ACCOUNT,BANK_A,CAPTURED,,,79900,0,INR,2026-06-08T13:30:11+05:30,2026-06-08T13:30:16+05:30,2026-06-10
TXN_2372,M123,ref_txn_2372,UTR226655063678,UPI,UPI_BANK_ACCOUNT,BANK_F,CAPTURED,,,28800,0,INR,2026-06-18T17:45:04+05:30,2026-06-18T17:45:50+05:30,2026-06-22
TXN_2373,M123,ref_txn_2373,UTR768849762188,UPI,UPI_BANK_ACCOUNT,BANK_C,CAPTURED,,,15200,0,INR,2026-07-14T19:43:42+05:30,2026-07-14T19:45:10+05:30,2026-07-17
TXN_2374,M123,ref_txn_2374,UTR892277370040,CARD,CREDIT_CARD,BANK_A,CAPTURED,,,96200,1828,INR,2026-07-24T18:38:09+05:30,2026-07-24T18:38:29+05:30,2026-07-29
TXN_2379,M123,ref_txn_2379,UTR429652381011,CARD,CREDIT_CARD,BANK_A,CAPTURED,,,155500,2955,INR,2026-07-16T21:02:39+05:30,2026-07-16T21:03:05+05:30,2026-07-21
TXN_238,M123,ref_txn_238,UTR282900911242,UPI,UPI_BANK_ACCOUNT,BANK_D,CAPTURED,,,122700,0,INR,2026-06-04T14:59:45+05:30,2026-06-04T15:01:09+05:30,2026-06-08
TXN_2382,M123,ref_txn_2382,UTR861093507518,UPI,UPI_BANK_ACCOUNT,BANK_D,CAPTURED,,,48700,0,INR,2026-07-20T21:15:28+05:30,2026-07-20T21:15:42+05:30,2026-07-23
TXN_2384,M123,ref_txn_2384,UTR479820508214,UPI,UPI_BANK_ACCOUNT,BANK_F,CAPTURED,,,19800,0,INR,2026-06-02T16:34:46+05:30,2026-06-02T16:36:13+05:30,2026-06-04
TXN_2385,M123,ref_txn_2385,UTR346755622261,UPI,UPI_BANK_ACCOUNT,BANK_C,CAPTURED,,,52200,0,INR,2026-05-31T19:33:27+05:30,2026-05-31T19:34:45+05:30,2026-06-03
TXN_2389,M123,ref_txn_2389,UTR950953528959,UPI,UPI_BANK_ACCOUNT,BANK_C,CAPTURED,,,15300,0,INR,2026-05-30T13:43:19+05:30,2026-05-30T13:44:25+05:30,2026-06-03
TXN_2391,M123,ref_txn_2391,UTR529518888544,UPI,UPI_BANK_ACCOUNT,BANK_C,CAPTURED,,,140800,0,INR,2026-08-20T14:33:59+05:30,2026-08-20T14:34:28+05:30,2026-08-24
TXN_2396,M123,ref_txn_2396,UTR583694088442,UPI,UPI_BANK_ACCOUNT,BANK_E,CAPTURED,,,34800,0,INR,2026-06-10T16:51:55+05:30,2026-06-10T16:53:03+05:30,2026-06-12
TXN_2398,M123,ref_txn_2398,UTR865716923180,UPI,UPI_BANK_ACCOUNT,BANK_F,CAPTURED,,,89400,0,INR,2026-07-04T10:33:17+05:30,2026-07-04T10:33:46+05:30,2026-07-08
TXN_24,M123,ref_txn_24,UTR731417182716,UPI,UPI_BANK_ACCOUNT,BANK_B,CAPTURED,,,77700,0,INR,2026-06-17T14:53:19+05:30,2026-06-17T14:53:29+05:30,2026-06-19
TXN_240,M123,ref_txn_240,UTR745224826371,UPI,UPI_BANK_ACCOUNT,BANK_C,CAPTURED,,,75900,0,INR,2026-06-15T13:34:21+05:30,2026-06-15T13:34:47+05:30,2026-06-17
TXN_2400,M123,ref_txn_2400,UTR295003077729,UPI,UPI_BANK_ACCOUNT,BANK_B,CAPTURED,,,33400,0,INR,2026-07-21T14:10:57+05:30,2026-07-21T14:12:18+05:30,2026-07-23
TXN_2401,M123,ref_txn_2401,UTR960296631100,UPI,UPI_BANK_ACCOUNT,BANK_A,CAPTURED,,,28500,0,INR,2026-05-27T17:21:53+05:30,2026-05-27T17:22:27+05:30,2026-05-29
TXN_2404,M123,ref_txn_2404,UTR884272342640,UPI,UPI_RUPAY_CREDIT,BANK_C,CAPTURED,,,61900,0,INR,2026-06-21T11:14:47+05:30,2026-06-21T11:15:01+05:30,2026-06-24
TXN_2407,M123,ref_txn_2407,UTR239018371982,UPI,UPI_RUPAY_CREDIT,BANK_A,CAPTURED,,,9600,0,INR,2026-07-04T11:46:22+05:30,2026-07-04T11:47:07+05:30,2026-07-08
TXN_2408,M123,ref_txn_2408,,NETBANKING,NETBANKING,BANK_A,CAPTURED,,,363800,1200,INR,2026-07-17T19:46:33+05:30,2026-07-17T19:47:25+05:30,2026-07-22
TXN_2417,M123,ref_txn_2417,,UPI,UPI_BANK_ACCOUNT,BANK_B,CAPTURED,,,12300,0,INR,2026-06-23T10:50:23+05:30,2026-06-23T10:50:47+05:30,2026-06-25
TXN_2421,M123,ref_txn_2421,,CARD,OTHER_DEBIT,BANK_C,FAILED,BUSINESS_DECLINE,INVALID_BENEFICIARY,489100,0,INR,2026-07-01T14:32:40+05:30,,
TXN_2425,M123,ref_txn_2425,UTR765704633206,UPI,UPI_BANK_ACCOUNT,BANK_C,CAPTURED,,,26600,0,INR,2026-07-15T13:03:13+05:30,2026-07-15T13:04:20+05:30,2026-07-17
TXN_2426,M123,ref_txn_2426,,UPI,UPI_BANK_ACCOUNT,BANK_E,CAPTURED,,,52500,0,INR,2026-06-01T11:59:17+05:30,2026-06-01T11:59:47+05:30,2026-06-03
TXN_2427,M123,ref_txn_2427,,UPI,UPI_BANK_ACCOUNT,BANK_B,CAPTURED,,,10500,0,INR,2026-06-26T19:55:50+05:30,2026-06-26T19:56:53+05:30,2026-07-01
TXN_2428,M123,ref_txn_2428,UTR545128055782,UPI,UPI_BANK_ACCOUNT,BANK_D,CAPTURED,,,40700,0,INR,2026-06-10T10:58:01+05:30,2026-06-10T10:58:46+05:30,2026-06-12
TXN_2432,M123,ref_txn_2432,,UPI,UPI_BANK_ACCOUNT,BANK_C,CAPTURED,,,65200,0,INR,2026-06-05T15:52:04+05:30,2026-06-05T15:52:46+05:30,2026-06-09
TXN_2433,M123,ref_txn_2433,,UPI,UPI_BANK_ACCOUNT,BANK_B,CAPTURED,,,7400,0,INR,2026-06-02T19:10:18+05:30,2026-06-02T19:10:50+05:30,2026-06-05
TXN_2434,M123,ref_txn_2434,UTR616928866255,UPI,UPI_BANK_ACCOUNT,BANK_C,CAPTURED,,,31300,0,INR,2026-06-26T13:02:19+05:30,2026-06-26T13:02:54+05:30,2026-06-30
TXN_2435,M123,ref_txn_2435,UTR456454541680,NETBANKING,NETBANKING,BANK_A,CAPTURED,,,138700,1200,INR,2026-07-20T20:59:08+05:30,2026-07-20T21:00:08+05:30,2026-07-23
TXN_2436,M123,ref_txn_2436,UTR151823313151,NETBANKING,NETBANKING,BANK_C,CAPTURED,,,446500,1200,INR,2026-06-23T11:25:03+05:30,2026-06-23T11:25:12+05:30,2026-06-25
TXN_2438,M123,ref_txn_2438,,UPI,UPI_BANK_ACCOUNT,BANK_B,FAILED,BUSINESS_DECLINE,LIMIT_EXCEEDED,146500,0,INR,2026-05-31T16:50:31+05:30,,
TXN_244,M123,ref_txn_244,UTR568026624377,CARD,CREDIT_CARD,BANK_C,CAPTURED,,,77100,1465,INR,2026-06-17T13:12:49+05:30,2026-06-17T13:13:41+05:30,2026-06-19
TXN_2441,M123,ref_txn_2441,UTR492757462073,UPI,UPI_BANK_ACCOUNT,BANK_C,CAPTURED,,,14900,0,INR,2026-08-01T09:25:23+05:30,2026-08-01T09:25:39+05:30,2026-08-05
TXN_245,M123,ref_txn_245,,UPI,UPI_BANK_ACCOUNT,BANK_B,FAILED,BUSINESS_DECLINE,LIMIT_EXCEEDED,146900,0,INR,2026-07-25T14:12:10+05:30,,
TXN_2451,M123,ref_txn_2451,,NETBANKING,NETBANKING,BANK_C,FAILED,BUSINESS_DECLINE,AUTHENTICATION_FAILURE,501400,0,INR,2026-06-25T16:06:16+05:30,,
TXN_2452,M123,ref_txn_2452,UTR326717395182,UPI,UPI_RUPAY_CREDIT,BANK_E,CAPTURED,,,98800,0,INR,2026-08-17T16:10:25+05:30,2026-08-17T16:11:01+05:30,2026-08-19
TXN_2453,M123,ref_txn_2453,UTR603817161564,CARD,RUPAY_DEBIT,BANK_A,CAPTURED,,,94400,0,INR,2026-07-05T19:02:26+05:30,2026-07-05T19:03:54+05:30,2026-07-08
TXN_2455,M123,ref_txn_2455,UTR631697851939,CARD,CREDIT_CARD,BANK_A,CAPTURED,,,582300,11064,INR,2026-06-05T13:09:27+05:30,2026-06-05T13:09:58+05:30,2026-06-09
TXN_2456,M123,ref_txn_2456,UTR565892235615,UPI,UPI_BANK_ACCOUNT,BANK_D,CAPTURED,,,56700,0,INR,2026-08-12T12:49:22+05:30,2026-08-12T12:49:29+05:30,2026-08-14
TXN_2457,M123,ref_txn_2457,UTR774016987555,UPI,UPI_BANK_ACCOUNT,BANK_E,CAPTURED,,,11700,0,INR,2026-05-27T16:35:06+05:30,2026-05-27T16:36:15+05:30,2026-05-29
TXN_2459,M123,ref_txn_2459,UTR441991883735,UPI,UPI_BANK_ACCOUNT,BANK_A,CAPTURED,,,33300,0,INR,2026-06-12T14:43:05+05:30,2026-06-12T14:43:36+05:30,2026-06-16
TXN_2461,M123,ref_txn_2461,UTR599434308222,UPI,UPI_BANK_ACCOUNT,BANK_B,CAPTURED,,,49600,0,INR,2026-08-04T13:29:46+05:30,2026-08-04T13:31:07+05:30,2026-08-06
TXN_2463,M123,ref_txn_2463,UTR272915306989,UPI,UPI_BANK_ACCOUNT,BANK_E,CAPTURED,,,105800,0,INR,2026-06-23T12:06:37+05:30,2026-06-23T12:08:04+05:30,2026-06-25
TXN_2465,M123,ref_txn_2465,UTR276219165734,UPI,UPI_BANK_ACCOUNT,BANK_E,CAPTURED,,,36800,0,INR,2026-07-03T10:05:41+05:30,2026-07-03T10:06:27+05:30,2026-07-07
TXN_2468,M123,ref_txn_2468,UTR108847116753,WALLET,WALLET,BANK_D,CAPTURED,,,24900,411,INR,2026-06-20T09:57:23+05:30,2026-06-20T09:57:42+05:30,2026-06-24
TXN_2469,M123,ref_txn_2469,UTR372674766334,WALLET,WALLET,BANK_F,CAPTURED,,,101700,1678,INR,2026-06-07T14:44:18+05:30,2026-06-07T14:44:58+05:30,2026-06-10
TXN_247,M123,ref_txn_247,UTR825285889645,UPI,UPI_BANK_ACCOUNT,BANK_A,CAPTURED,,,62000,0,INR,2026-08-12T15:28:22+05:30,2026-08-12T15:29:44+05:30,2026-08-14
TXN_2476,M123,ref_txn_2476,UTR938089035634,UPI,UPI_BANK_ACCOUNT,BANK_A,CAPTURED,,,8900,0,INR,2026-08-17T21:46:31+05:30,2026-08-17T21:46:53+05:30,2026-08-20
TXN_2478,M123,ref_txn_2478,UTR919614610972,UPI,UPI_BANK_ACCOUNT,BANK_D,CAPTURED,,,59400,0,INR,2026-07-07T10:24:55+05:30,2026-07-07T10:25:00+05:30,2026-07-09
TXN_2479,M123,ref_txn_2479,UTR433544451643,UPI,UPI_BANK_ACCOUNT,BANK_F,CAPTURED,,,32000,0,INR,2026-06-08T11:15:24+05:30,2026-06-08T11:16:11+05:30,2026-06-10
TXN_2480,M123,ref_txn_2480,UTR552335726553,NETBANKING,NETBANKING,BANK_E,CAPTURED,,,732800,1200,INR,2026-05-30T19:19:21+05:30,2026-05-30T19:20:16+05:30,2026-06-03
TXN_2481,M123,ref_txn_2481,UTR605017086072,UPI,UPI_BANK_ACCOUNT,BANK_B,CAPTURED,,,140100,0,INR,2026-07-20T18:10:39+05:30,2026-07-20T18:10:59+05:30,2026-07-23
TXN_2483,M123,ref_txn_2483,UTR313862075937,CARD,RUPAY_DEBIT,BANK_D,CAPTURED,,,89400,0,INR,2026-06-04T21:57:09+05:30,2026-06-04T21:58:27+05:30,2026-06-09
TXN_2484,M123,ref_txn_2484,UTR777038112883,UPI,UPI_BANK_ACCOUNT,BANK_B,CAPTURED,,,63000,0,INR,2026-06-18T16:36:38+05:30,2026-06-18T16:37:58+05:30,2026-06-22
TXN_2485,M123,ref_txn_2485,UTR895168743089,UPI,UPI_BANK_ACCOUNT,BANK_A,CAPTURED,,,152200,0,INR,2026-08-19T12:04:09+05:30,2026-08-19T12:05:25+05:30,2026-08-21
TXN_2487,M123,ref_txn_2487,,UPI,UPI_BANK_ACCOUNT,BANK_A,FAILED,BUSINESS_DECLINE,INVALID_BENEFICIARY,28000,0,INR,2026-08-03T10:07:52+05:30,,
TXN_2490,M123,ref_txn_2490,UTR631404440556,UPI,UPI_BANK_ACCOUNT,BANK_F,CAPTURED,,,11000,0,INR,2026-06-22T11:53:49+05:30,2026-06-22T11:54:02+05:30,2026-06-24
TXN_2493,M123,ref_txn_2493,,CARD,OTHER_DEBIT,BANK_D,FAILED,BUSINESS_DECLINE,INSUFFICIENT_FUNDS,413300,0,INR,2026-07-25T13:36:37+05:30,,
TXN_2494,M123,ref_txn_2494,UTR437890066202,UPI,UPI_PPI_WALLET,BANK_F,CAPTURED,,,27800,0,INR,2026-06-20T12:05:00+05:30,2026-06-20T12:06:00+05:30,2026-06-24
TXN_2495,M123,ref_txn_2495,UTR250736353902,UPI,UPI_BANK_ACCOUNT,BANK_C,CAPTURED,,,147700,0,INR,2026-07-23T11:23:38+05:30,2026-07-23T11:24:50+05:30,2026-07-27
TXN_2497,M123,ref_txn_2497,UTR795052410339,UPI,UPI_BANK_ACCOUNT,BANK_B,CAPTURED,,,48000,0,INR,2026-06-02T19:41:07+05:30,2026-06-02T19:41:33+05:30,2026-06-05
TXN_250,M123,ref_txn_250,UTR983517829240,UPI,UPI_BANK_ACCOUNT,BANK_C,CAPTURED,,,56200,0,INR,2026-07-17T11:26:53+05:30,2026-07-17T11:27:14+05:30,2026-07-21
TXN_2505,M123,ref_txn_2505,UTR320011832378,UPI,UPI_BANK_ACCOUNT,BANK_C,CAPTURED,,,32300,0,INR,2026-05-27T15:28:18+05:30,2026-05-27T15:28:43+05:30,2026-05-29
TXN_2506,M123,ref_txn_2506,,UPI,UPI_BANK_ACCOUNT,BANK_E,CAPTURED,,,69700,0,INR,2026-06-28T16:21:26+05:30,2026-06-28T16:22:50+05:30,2026-07-01
TXN_2509,M123,ref_txn_2509,UTR641668135937,UPI,UPI_BANK_ACCOUNT,BANK_A,CAPTURED,,,137200,0,INR,2026-08-13T17:25:32+05:30,2026-08-13T17:26:56+05:30,2026-08-17
TXN_2513,M123,ref_txn_2513,UTR166169947492,UPI,UPI_BANK_ACCOUNT,BANK_D,CAPTURED,,,109200,0,INR,2026-06-19T13:13:52+05:30,2026-06-19T13:14:52+05:30,2026-06-23
TXN_2515,M123,ref_txn_2515,UTR391565496551,UPI,UPI_BANK_ACCOUNT,BANK_F,CAPTURED,,,25300,0,INR,2026-08-22T11:17:44+05:30,2026-08-22T11:18:11+05:30,2026-08-26
TXN_2516,M123,ref_txn_2516,UTR263223234889,NETBANKING,NETBANKING,BANK_C,CAPTURED,,,681400,1200,INR,2026-06-26T11:40:24+05:30,2026-06-26T11:40:31+05:30,2026-06-30
TXN_2517,M123,ref_txn_2517,UTR577198056562,NETBANKING,NETBANKING,BANK_A,CAPTURED,,,252100,1200,INR,2026-08-12T16:15:42+05:30,2026-08-12T16:16:55+05:30,2026-08-14
TXN_2519,M123,ref_txn_2519,UTR402605972002,UPI,UPI_BANK_ACCOUNT,BANK_C,CAPTURED,,,66100,0,INR,2026-06-16T19:19:36+05:30,2026-06-16T19:20:06+05:30,2026-06-19
TXN_2521,M123,ref_txn_2521,UTR913630480881,CARD,CREDIT_CARD,BANK_B,CAPTURED,,,83800,1592,INR,2026-06-12T11:27:16+05:30,2026-06-12T11:27:39+05:30,2026-06-16
TXN_2523,M123,ref_txn_2523,UTR678355593530,UPI,UPI_BANK_ACCOUNT,BANK_C,CAPTURED,,,96300,0,INR,2026-05-26T18:58:54+05:30,2026-05-26T18:59:32+05:30,2026-05-29
TXN_2525,M123,ref_txn_2525,UTR691803593272,UPI,UPI_BANK_ACCOUNT,BANK_C,CAPTURED,,,24400,0,INR,2026-08-12T17:09:12+05:30,2026-08-12T17:09:41+05:30,2026-08-14
TXN_2528,M123,ref_txn_2528,UTR446945373205,UPI,UPI_BANK_ACCOUNT,BANK_A,CAPTURED,,,8400,0,INR,2026-07-19T17:23:03+05:30,2026-07-19T17:23:23+05:30,2026-07-22
TXN_2529,M123,ref_txn_2529,UTR587223879851,UPI,UPI_BANK_ACCOUNT,BANK_D,CAPTURED,,,112300,0,INR,2026-07-26T12:15:40+05:30,2026-07-26T12:17:01+05:30,2026-07-29
TXN_253,M123,ref_txn_253,UTR316440869696,NETBANKING,NETBANKING,BANK_B,CAPTURED,,,246000,1200,INR,2026-07-28T16:25:07+05:30,2026-07-28T16:25:29+05:30,2026-07-30
TXN_2531,M123,ref_txn_2531,UTR863334847630,UPI,UPI_BANK_ACCOUNT,BANK_C,CAPTURED,,,27000,0,INR,2026-07-18T13:07:53+05:30,2026-07-18T13:08:14+05:30,2026-07-22
TXN_2533,M123,ref_txn_2533,UTR748805855474,UPI,UPI_BANK_ACCOUNT,BANK_A,CAPTURED,,,24200,0,INR,2026-07-04T16:45:47+05:30,2026-07-04T16:47:00+05:30,2026-07-08
TXN_2536,M123,ref_txn_2536,UTR588037805314,UPI,UPI_BANK_ACCOUNT,BANK_E,CAPTURED,,,22000,0,INR,2026-08-08T09:40:14+05:30,2026-08-08T09:41:41+05:30,2026-08-12
TXN_2537,M123,ref_txn_2537,UTR796637566343,UPI,UPI_BANK_ACCOUNT,BANK_A,CAPTURED,,,23500,0,INR,2026-05-30T18:31:02+05:30,2026-05-30T18:31:18+05:30,2026-06-03
TXN_2539,M123,ref_txn_2539,UTR747072492028,UPI,UPI_BANK_ACCOUNT,BANK_C,CAPTURED,,,99100,0,INR,2026-06-02T13:23:27+05:30,2026-06-02T13:23:36+05:30,2026-06-04
TXN_2542,M123,ref_txn_2542,UTR250140988242,UPI,UPI_BANK_ACCOUNT,BANK_B,CAPTURED,,,142700,0,INR,2026-07-06T12:53:31+05:30,2026-07-06T12:54:53+05:30,2026-07-08
TXN_2544,M123,ref_txn_2544,UTR340159478274,UPI,UPI_BANK_ACCOUNT,BANK_B,CAPTURED,,,10200,0,INR,2026-07-24T21:17:44+05:30,2026-07-24T21:18:15+05:30,2026-07-29
TXN_2546,M123,ref_txn_2546,UTR229440871021,NETBANKING,NETBANKING,BANK_A,CAPTURED,,,558100,1200,INR,2026-07-13T21:13:40+05:30,2026-07-13T21:14:03+05:30,2026-07-16
TXN_255,M123,ref_txn_255,UTR651790481070,UPI,UPI_BANK_ACCOUNT,BANK_D,CAPTURED,,,84700,0,INR,2026-05-27T15:12:03+05:30,2026-05-27T15:12:53+05:30,2026-05-29
TXN_2550,M123,ref_txn_2550,,WALLET,WALLET,BANK_B,CAPTURED,,,100200,1653,INR,2026-07-02T19:05:21+05:30,2026-07-02T19:06:00+05:30,2026-07-07
TXN_2551,M123,ref_txn_2551,UTR554817610825,UPI,UPI_BANK_ACCOUNT,BANK_B,CAPTURED,,,14900,0,INR,2026-07-20T13:53:43+05:30,2026-07-20T13:55:09+05:30,2026-07-22
TXN_2552,M123,ref_txn_2552,UTR734732342743,UPI,UPI_BANK_ACCOUNT,BANK_A,CAPTURED,,,119100,0,INR,2026-06-28T09:22:26+05:30,2026-06-28T09:23:19+05:30,2026-07-01
TXN_2554,M123,ref_txn_2554,UTR511134699652,UPI,UPI_BANK_ACCOUNT,BANK_B,CAPTURED,,,102200,0,INR,2026-06-15T11:32:57+05:30,2026-06-15T11:33:18+05:30,2026-06-17
TXN_2558,M123,ref_txn_2558,UTR548546347668,UPI,UPI_BANK_ACCOUNT,BANK_D,CAPTURED,,,42900,0,INR,2026-06-23T16:15:25+05:30,2026-06-23T16:15:45+05:30,2026-06-25
TXN_2561,M123,ref_txn_2561,UTR220880532416,UPI,UPI_BANK_ACCOUNT,BANK_D,CAPTURED,,,75100,0,INR,2026-06-26T14:13:56+05:30,2026-06-26T14:14:35+05:30,2026-06-30
TXN_2563,M123,ref_txn_2563,UTR556370737204,UPI,UPI_BANK_ACCOUNT,BANK_F,CAPTURED,,,33300,0,INR,2026-06-24T11:41:53+05:30,2026-06-24T11:42:18+05:30,2026-06-26
TXN_2564,M123,ref_txn_2564,UTR169176738474,CARD,CREDIT_CARD,BANK_A,CAPTURED,,,229300,4357,INR,2026-07-14T11:17:38+05:30,2026-07-14T11:18:10+05:30,2026-07-16
TXN_2569,M123,ref_txn_2569,,UPI,UPI_BANK_ACCOUNT,BANK_D,CAPTURED,,,129500,0,INR,2026-07-20T15:02:41+05:30,2026-07-20T15:03:13+05:30,2026-07-22
TXN_2577,M123,ref_txn_2577,UTR721398574914,UPI,UPI_BANK_ACCOUNT,BANK_D,CAPTURED,,,94300,0,INR,2026-06-13T17:10:53+05:30,2026-06-13T17:11:17+05:30,2026-06-17
TXN_2578,M123,ref_txn_2578,UTR674954656355,UPI,UPI_BANK_ACCOUNT,BANK_D,CAPTURED,,,144500,0,INR,2026-06-05T09:42:38+05:30,2026-06-05T09:43:43+05:30,2026-06-09
TXN_2581,M123,ref_txn_2581,UTR931751757323,WALLET,WALLET,BANK_D,CAPTURED,,,64600,1066,INR,2026-06-27T18:17:29+05:30,2026-06-27T18:17:34+05:30,2026-07-01
TXN_2582,M123,ref_txn_2582,UTR370246235264,UPI,UPI_BANK_ACCOUNT,BANK_D,CAPTURED,,,19600,0,INR,2026-07-12T17:20:14+05:30,2026-07-12T17:21:08+05:30,2026-07-15
TXN_2587,M123,ref_txn_2587,UTR401445344001,UPI,UPI_BANK_ACCOUNT,BANK_C,CAPTURED,,,64700,0,INR,2026-06-04T12:46:35+05:30,2026-06-04T12:47:44+05:30,2026-06-08
TXN_2592,M123,ref_txn_2592,UTR615318436496,UPI,UPI_BANK_ACCOUNT,BANK_A,CAPTURED,,,99900,0,INR,2026-08-22T17:29:23+05:30,2026-08-22T17:30:44+05:30,2026-08-26
TXN_2593,M123,ref_txn_2593,UTR502744584795,UPI,UPI_BANK_ACCOUNT,BANK_A,CAPTURED,,,66500,0,INR,2026-07-04T21:24:06+05:30,2026-07-04T21:24:27+05:30,2026-07-08
TXN_2594,M123,ref_txn_2594,UTR581983659434,UPI,UPI_BANK_ACCOUNT,BANK_D,CAPTURED,,,73200,0,INR,2026-06-26T14:16:48+05:30,2026-06-26T14:17:10+05:30,2026-06-30
TXN_2595,M123,ref_txn_2595,UTR532620869324,UPI,UPI_PPI_WALLET,BANK_D,CAPTURED,,,40100,0,INR,2026-07-04T21:48:28+05:30,2026-07-04T21:49:11+05:30,2026-07-08
TXN_2596,M123,ref_txn_2596,UTR712564535715,UPI,UPI_BANK_ACCOUNT,BANK_F,CAPTURED,,,119900,0,INR,2026-07-22T17:09:08+05:30,2026-07-22T17:09:33+05:30,2026-07-24
TXN_2598,M123,ref_txn_2598,UTR979237227132,CARD,RUPAY_DEBIT,BANK_B,CAPTURED,,,368800,0,INR,2026-08-15T17:08:28+05:30,2026-08-15T17:09:57+05:30,2026-08-19
TXN_260,M123,ref_txn_260,,UPI,UPI_BANK_ACCOUNT,BANK_A,CAPTURED,,,56600,0,INR,2026-07-21T15:10:12+05:30,2026-07-21T15:11:17+05:30,2026-07-23
TXN_2606,M123,ref_txn_2606,,CARD,CREDIT_CARD,BANK_A,FAILED,BUSINESS_DECLINE,LIMIT_EXCEEDED,403400,0,INR,2026-07-01T12:06:38+05:30,,
TXN_2607,M123,ref_txn_2607,UTR200231975010,WALLET,WALLET,BANK_D,CAPTURED,,,101900,1681,INR,2026-06-19T19:35:01+05:30,2026-06-19T19:36:08+05:30,2026-06-24
TXN_2609,M123,ref_txn_2609,UTR822149457751,UPI,UPI_BANK_ACCOUNT,BANK_D,CAPTURED,,,50200,0,INR,2026-07-26T17:14:41+05:30,2026-07-26T17:15:57+05:30,2026-07-29
TXN_2610,M123,ref_txn_2610,UTR629565937090,CARD,RUPAY_DEBIT,BANK_C,CAPTURED,,,207300,0,INR,2026-07-08T19:53:25+05:30,2026-07-08T19:54:07+05:30,2026-07-13
TXN_2611,M123,ref_txn_2611,UTR368463774884,UPI,UPI_BANK_ACCOUNT,BANK_B,CAPTURED,,,74500,0,INR,2026-05-31T12:57:51+05:30,2026-05-31T12:58:44+05:30,2026-06-03
TXN_2612,M123,ref_txn_2612,,UPI,UPI_BANK_ACCOUNT,BANK_A,FAILED,BUSINESS_DECLINE,AUTHENTICATION_FAILURE,74000,0,INR,2026-07-29T09:33:13+05:30,,
TXN_2613,M123,ref_txn_2613,UTR360637675148,CARD,CREDIT_CARD,BANK_A,CAPTURED,,,117000,2223,INR,2026-07-09T13:31:49+05:30,2026-07-09T13:32:00+05:30,2026-07-13
TXN_2615,M123,ref_txn_2615,UTR383519667685,UPI,UPI_BANK_ACCOUNT,BANK_A,CAPTURED,,,26800,0,INR,2026-06-05T16:18:18+05:30,2026-06-05T16:19:09+05:30,2026-06-09
TXN_2619,M123,ref_txn_2619,UTR245612849988,UPI,UPI_BANK_ACCOUNT,BANK_C,CAPTURED,,,36200,0,INR,2026-06-06T10:46:01+05:30,2026-06-06T10:47:12+05:30,2026-06-10
TXN_262,M123,ref_txn_262,UTR967698670760,UPI,UPI_BANK_ACCOUNT,BANK_A,CAPTURED,,,74600,0,INR,2026-08-02T16:47:24+05:30,2026-08-02T16:47:29+05:30,2026-08-05
TXN_2621,M123,ref_txn_2621,UTR887047455540,UPI,UPI_BANK_ACCOUNT,BANK_E,CAPTURED,,,27500,0,INR,2026-06-21T13:21:43+05:30,2026-06-21T13:22:25+05:30,2026-06-24
TXN_2625,M123,ref_txn_2625,UTR772561104176,CARD,CREDIT_CARD,BANK_A,CAPTURED,,,552700,10501,INR,2026-06-15T16:57:39+05:30,2026-06-15T16:58:14+05:30,2026-06-17
TXN_2627,M123,ref_txn_2627,UTR507507229754,UPI,UPI_BANK_ACCOUNT,BANK_A,CAPTURED,,,19000,0,INR,2026-06-05T16:16:44+05:30,2026-06-05T16:18:01+05:30,2026-06-09
TXN_2629,M123,ref_txn_2629,UTR119527584374,UPI,UPI_BANK_ACCOUNT,BANK_A,CAPTURED,,,52000,0,INR,2026-08-05T16:21:42+05:30,2026-08-05T16:21:51+05:30,2026-08-07
TXN_2631,M123,ref_txn_2631,UTR352241869314,UPI,UPI_BANK_ACCOUNT,BANK_F,CAPTURED,,,44700,0,INR,2026-07-28T19:01:09+05:30,2026-07-28T19:02:38+05:30,2026-07-31
TXN_2633,M123,ref_txn_2633,UTR416283947099,UPI,UPI_BANK_ACCOUNT,BANK_B,CAPTURED,,,100500,0,INR,2026-06-15T12:37:54+05:30,2026-06-15T12:38:26+05:30,2026-06-17
TXN_2634,M123,ref_txn_2634,UTR612090127557,UPI,UPI_PPI_WALLET,BANK_C,CAPTURED,,,72000,0,INR,2026-08-22T09:38:50+05:30,2026-08-22T09:40:14+05:30,2026-08-26
TXN_2635,M123,ref_txn_2635,UTR600342453983,UPI,UPI_BANK_ACCOUNT,BANK_B,CAPTURED,,,90100,0,INR,2026-06-20T13:58:49+05:30,2026-06-20T14:00:04+05:30,2026-06-24
TXN_2636,M123,ref_txn_2636,UTR876859748830,WALLET,WALLET,BANK_A,CAPTURED,,,10400,172,INR,2026-08-11T14:01:22+05:30,2026-08-11T14:02:05+05:30,2026-08-13
TXN_2639,M123,ref_txn_2639,UTR902985304589,UPI,UPI_BANK_ACCOUNT,BANK_C,CAPTURED,,,9400,0,INR,2026-07-12T10:06:56+05:30,2026-07-12T10:07:36+05:30,2026-07-15
TXN_264,M123,ref_txn_264,UTR822222335694,UPI,UPI_BANK_ACCOUNT,BANK_A,CAPTURED,,,140900,0,INR,2026-07-07T09:43:11+05:30,2026-07-07T09:43:32+05:30,2026-07-09
TXN_2641,M123,ref_txn_2641,UTR146701184944,UPI,UPI_BANK_ACCOUNT,BANK_F,CAPTURED,,,19900,0,INR,2026-07-24T13:47:55+05:30,2026-07-24T13:48:23+05:30,2026-07-28
TXN_2642,M123,ref_txn_2642,UTR588348940320,UPI,UPI_BANK_ACCOUNT,BANK_D,CAPTURED,,,54100,0,INR,2026-08-12T11:56:02+05:30,2026-08-12T11:57:09+05:30,2026-08-14
TXN_2643,M123,ref_txn_2643,,UPI,UPI_BANK_ACCOUNT,BANK_C,CAPTURED,,,87500,0,INR,2026-05-30T16:50:05+05:30,2026-05-30T16:51:12+05:30,2026-06-03
TXN_2644,M123,ref_txn_2644,UTR301101353954,UPI,UPI_PPI_WALLET,BANK_B,CAPTURED,,,66000,0,INR,2026-06-06T13:40:14+05:30,2026-06-06T13:40:43+05:30,2026-06-10
TXN_2646,M123,ref_txn_2646,UTR244799084860,UPI,UPI_BANK_ACCOUNT,BANK_C,CAPTURED,,,8800,0,INR,2026-06-16T16:02:38+05:30,2026-06-16T16:03:46+05:30,2026-06-18
TXN_2647,M123,ref_txn_2647,UTR123348430093,UPI,UPI_RUPAY_CREDIT,BANK_A,CAPTURED,,,26400,0,INR,2026-08-13T17:22:03+05:30,2026-08-13T17:22:28+05:30,2026-08-17
TXN_2652,M123,ref_txn_2652,UTR175739058958,NETBANKING,NETBANKING,BANK_E,CAPTURED,,,695100,1200,INR,2026-06-07T15:18:22+05:30,2026-06-07T15:18:36+05:30,2026-06-10
TXN_2653,M123,ref_txn_2653,UTR143768176324,UPI,UPI_BANK_ACCOUNT,BANK_D,CAPTURED,,,109700,0,INR,2026-07-22T16:24:58+05:30,2026-07-22T16:26:17+05:30,2026-07-24
TXN_2654,M123,ref_txn_2654,UTR757813720731,UPI,UPI_BANK_ACCOUNT,BANK_B,CAPTURED,,,31100,0,INR,2026-06-23T16:50:24+05:30,2026-06-23T16:51:10+05:30,2026-06-25
TXN_2655,M123,ref_txn_2655,UTR152735418295,UPI,UPI_BANK_ACCOUNT,BANK_E,CAPTURED,,,19500,0,INR,2026-06-09T16:38:31+05:30,2026-06-09T16:39:27+05:30,2026-06-11
TXN_2665,M123,ref_txn_2665,UTR352965562220,UPI,UPI_PPI_WALLET,BANK_C,CAPTURED,,,6800,0,INR,2026-06-05T21:47:24+05:30,2026-06-05T21:47:54+05:30,2026-06-10
TXN_2668,M123,ref_txn_2668,UTR595380326075,UPI,UPI_BANK_ACCOUNT,BANK_B,CAPTURED,,,28800,0,INR,2026-06-11T13:41:23+05:30,2026-06-11T13:41:40+05:30,2026-06-15
TXN_2670,M123,ref_txn_2670,UTR450619039590,UPI,UPI_BANK_ACCOUNT,BANK_A,CAPTURED,,,17000,0,INR,2026-06-04T12:17:12+05:30,2026-06-04T12:17:29+05:30,2026-06-08
TXN_2672,M123,ref_txn_2672,UTR857368882647,UPI,UPI_BANK_ACCOUNT,BANK_B,CAPTURED,,,8500,0,INR,2026-08-01T19:36:27+05:30,2026-08-01T19:36:46+05:30,2026-08-05
TXN_2675,M123,ref_txn_2675,UTR877266410583,UPI,UPI_BANK_ACCOUNT,BANK_B,CAPTURED,,,69700,0,INR,2026-06-07T13:20:34+05:30,2026-06-07T13:21:12+05:30,2026-06-10
TXN_2677,M123,ref_txn_2677,UTR725603503514,UPI,UPI_BANK_ACCOUNT,BANK_B,CAPTURED,,,21900,0,INR,2026-07-18T11:59:32+05:30,2026-07-18T12:00:57+05:30,2026-07-22
TXN_2680,M123,ref_txn_2680,UTR368604505485,CARD,OTHER_DEBIT,BANK_D,CAPTURED,,,344800,3103,INR,2026-07-27T11:48:08+05:30,2026-07-27T11:48:27+05:30,2026-07-29
TXN_2684,M123,ref_txn_2684,UTR730724401929,UPI,UPI_BANK_ACCOUNT,BANK_C,CAPTURED,,,121000,0,INR,2026-06-08T18:06:00+05:30,2026-06-08T18:06:30+05:30,2026-06-11
TXN_2685,M123,ref_txn_2685,UTR453045389620,NETBANKING,NETBANKING,BANK_A,CAPTURED,,,452500,1200,INR,2026-06-05T18:54:54+05:30,2026-06-05T18:55:15+05:30,2026-06-10
TXN_2687,M123,ref_txn_2687,UTR485168657167,UPI,UPI_PPI_WALLET,BANK_C,CAPTURED,,,36900,0,INR,2026-07-22T15:55:46+05:30,2026-07-22T15:56:33+05:30,2026-07-24
TXN_269,M123,ref_txn_269,UTR164820714211,UPI,UPI_BANK_ACCOUNT,BANK_A,CAPTURED,,,14600,0,INR,2026-08-16T14:52:27+05:30,2026-08-16T14:53:26+05:30,2026-08-19
TXN_2690,M123,ref_txn_2690,UTR950703491527,UPI,UPI_BANK_ACCOUNT,BANK_C,CAPTURED,,,83000,0,INR,2026-07-02T21:30:02+05:30,2026-07-02T21:31:00+05:30,2026-07-07
TXN_2693,M123,ref_txn_2693,UTR853106567568,UPI,UPI_BANK_ACCOUNT,BANK_A,CAPTURED,,,82200,0,INR,2026-06-03T21:06:12+05:30,2026-06-03T21:06:29+05:30,2026-06-08
TXN_2694,M123,ref_txn_2694,UTR942646018368,WALLET,WALLET,BANK_A,CAPTURED,,,34100,563,INR,2026-08-02T17:57:39+05:30,2026-08-02T17:59:04+05:30,2026-08-05
TXN_2695,M123,ref_txn_2695,UTR447284436313,UPI,UPI_BANK_ACCOUNT,BANK_F,CAPTURED,,,40500,0,INR,2026-07-20T16:47:49+05:30,2026-07-20T16:48:33+05:30,2026-07-22
TXN_2696,M123,ref_txn_2696,UTR236031260409,UPI,UPI_BANK_ACCOUNT,BANK_D,CAPTURED,,,130400,0,INR,2026-08-19T21:51:52+05:30,2026-08-19T21:52:42+05:30,2026-08-24
TXN_2702,M123,ref_txn_2702,UTR255318227042,UPI,UPI_BANK_ACCOUNT,BANK_C,CAPTURED,,,77600,0,INR,2026-08-16T14:27:35+05:30,2026-08-16T14:28:44+05:30,2026-08-19
TXN_2706,M123,ref_txn_2706,UTR207412251863,UPI,UPI_BANK_ACCOUNT,BANK_B,CAPTURED,,,116600,0,INR,2026-07-08T18:10:25+05:30,2026-07-08T18:11:25+05:30,2026-07-13
TXN_2709,M123,ref_txn_2709,UTR121857897348,CARD,CREDIT_CARD,BANK_B,CAPTURED,,,452000,8588,INR,2026-08-11T11:49:24+05:30,2026-08-11T11:49:55+05:30,2026-08-13
TXN_271,M123,ref_txn_271,UTR723581405116,UPI,UPI_BANK_ACCOUNT,BANK_A,CAPTURED,,,8500,0,INR,2026-07-11T15:10:45+05:30,2026-07-11T15:11:52+05:30,2026-07-15
TXN_2711,M123,ref_txn_2711,UTR300003441425,CARD,OTHER_DEBIT,BANK_E,CAPTURED,,,339200,3053,INR,2026-06-10T17:57:53+05:30,2026-06-10T17:58:01+05:30,2026-06-12
TXN_2712,M123,ref_txn_2712,UTR506037170333,UPI,UPI_BANK_ACCOUNT,BANK_C,CAPTURED,,,14100,0,INR,2026-06-07T09:39:20+05:30,2026-06-07T09:40:21+05:30,2026-06-10
TXN_2715,M123,ref_txn_2715,UTR939155390346,CARD,CREDIT_CARD,BANK_B,CAPTURED,,,494700,9399,INR,2026-05-28T09:41:18+05:30,2026-05-28T09:42:46+05:30,2026-06-01
TXN_2717,M123,ref_txn_2717,UTR789817869827,UPI,UPI_BANK_ACCOUNT,BANK_A,CAPTURED,,,32400,0,INR,2026-08-21T19:27:03+05:30,2026-08-21T19:28:03+05:30,2026-08-26
TXN_2721,M123,ref_txn_2721,UTR255916118030,UPI,UPI_BANK_ACCOUNT,BANK_B,CAPTURED,,,7500,0,INR,2026-06-17T12:48:24+05:30,2026-06-17T12:49:02+05:30,2026-06-19
TXN_2723,M123,ref_txn_2723,,UPI,UPI_BANK_ACCOUNT,BANK_D,CAPTURED,,,27500,0,INR,2026-07-17T10:00:02+05:30,2026-07-17T10:01:27+05:30,2026-07-21
TXN_2726,M123,ref_txn_2726,UTR523280743281,UPI,UPI_BANK_ACCOUNT,BANK_A,CAPTURED,,,108400,0,INR,2026-08-08T19:41:31+05:30,2026-08-08T19:42:15+05:30,2026-08-12
TXN_2727,M123,ref_txn_2727,UTR159410210367,WALLET,WALLET,BANK_A,CAPTURED,,,58200,960,INR,2026-08-20T10:29:28+05:30,2026-08-20T10:30:15+05:30,2026-08-24
TXN_2729,M123,ref_txn_2729,UTR463438153280,NETBANKING,NETBANKING,BANK_A,CAPTURED,,,442200,1200,INR,2026-07-28T19:23:21+05:30,2026-07-28T19:24:24+05:30,2026-07-31
TXN_273,M123,ref_txn_273,UTR645409004528,UPI,UPI_BANK_ACCOUNT,BANK_B,CAPTURED,,,24300,0,INR,2026-06-14T15:50:50+05:30,2026-06-14T15:52:12+05:30,2026-06-17
TXN_2733,M123,ref_txn_2733,,CARD,CREDIT_CARD,BANK_B,FAILED,BUSINESS_DECLINE,LIMIT_EXCEEDED,332000,0,INR,2026-08-01T21:45:44+05:30,,
TXN_2735,M123,ref_txn_2735,UTR756802329646,UPI,UPI_BANK_ACCOUNT,BANK_C,CAPTURED,,,86900,0,INR,2026-06-16T11:51:29+05:30,2026-06-16T11:52:51+05:30,2026-06-18
TXN_2738,M123,ref_txn_2738,,UPI,UPI_BANK_ACCOUNT,BANK_E,CAPTURED,,,15900,0,INR,2026-08-10T12:37:55+05:30,2026-08-10T12:38:42+05:30,2026-08-12
TXN_2743,M123,ref_txn_2743,UTR453891404959,UPI,UPI_BANK_ACCOUNT,BANK_A,CAPTURED,,,8300,0,INR,2026-06-08T21:50:09+05:30,2026-06-08T21:50:15+05:30,2026-06-11
TXN_2746,M123,ref_txn_2746,,UPI,UPI_BANK_ACCOUNT,BANK_B,CAPTURED,,,28600,0,INR,2026-07-24T09:56:12+05:30,2026-07-24T09:56:26+05:30,2026-07-28
TXN_275,M123,ref_txn_275,,UPI,UPI_BANK_ACCOUNT,BANK_C,FAILED,BUSINESS_DECLINE,LIMIT_EXCEEDED,137100,0,INR,2026-06-13T13:23:02+05:30,,
TXN_2754,M123,ref_txn_2754,,CARD,CREDIT_CARD,BANK_B,CAPTURED,,,476500,9054,INR,2026-07-23T14:22:31+05:30,2026-07-23T14:22:42+05:30,2026-07-27
TXN_2755,M123,ref_txn_2755,UTR701045531648,CARD,OTHER_DEBIT,BANK_C,CAPTURED,,,422700,3804,INR,2026-07-10T15:57:42+05:30,2026-07-10T15:59:06+05:30,2026-07-14
TXN_2757,M123,ref_txn_2757,,UPI,UPI_BANK_ACCOUNT,BANK_A,CAPTURED,,,77100,0,INR,2026-08-01T16:18:11+05:30,2026-08-01T16:19:07+05:30,2026-08-05
TXN_2759,M123,ref_txn_2759,UTR534243406704,UPI,UPI_BANK_ACCOUNT,BANK_C,CAPTURED,,,93600,0,INR,2026-08-04T09:42:30+05:30,2026-08-04T09:43:31+05:30,2026-08-06
TXN_2761,M123,ref_txn_2761,UTR534555806390,WALLET,WALLET,BANK_C,CAPTURED,,,80500,1328,INR,2026-06-10T12:47:11+05:30,2026-06-10T12:48:35+05:30,2026-06-12
TXN_2762,M123,ref_txn_2762,,CARD,RUPAY_DEBIT,BANK_B,CAPTURED,,,629300,0,INR,2026-07-12T21:25:36+05:30,2026-07-12T21:26:09+05:30,2026-07-15
TXN_2764,M123,ref_txn_2764,,WALLET,WALLET,BANK_A,CAPTURED,,,55100,909,INR,2026-07-23T16:55:23+05:30,2026-07-23T16:56:18+05:30,2026-07-27
TXN_2765,M123,ref_txn_2765,UTR635018636281,CARD,CREDIT_CARD,BANK_B,CAPTURED,,,565500,10745,INR,2026-07-15T15:16:38+05:30,2026-07-15T15:16:48+05:30,2026-07-17
TXN_2767,M123,ref_txn_2767,UTR166856211580,UPI,UPI_BANK_ACCOUNT,BANK_B,CAPTURED,,,61600,0,INR,2026-07-10T12:43:39+05:30,2026-07-10T12:44:08+05:30,2026-07-14
TXN_2768,M123,ref_txn_2768,,CARD,OTHER_DEBIT,BANK_A,FAILED,BUSINESS_DECLINE,INSUFFICIENT_FUNDS,547100,0,INR,2026-06-27T16:01:42+05:30,,
TXN_2771,M123,ref_txn_2771,UTR921586015553,UPI,UPI_BANK_ACCOUNT,BANK_D,CAPTURED,,,18400,0,INR,2026-07-25T16:13:23+05:30,2026-07-25T16:13:33+05:30,2026-07-29
TXN_2775,M123,ref_txn_2775,UTR655201505411,NETBANKING,NETBANKING,BANK_E,CAPTURED,,,509100,1200,INR,2026-05-30T17:14:29+05:30,2026-05-30T17:15:01+05:30,2026-06-03
TXN_278,M123,ref_txn_278,UTR112253926837,CARD,RUPAY_DEBIT,BANK_A,CAPTURED,,,182100,0,INR,2026-07-22T10:09:22+05:30,2026-07-22T10:10:43+05:30,2026-07-24
TXN_2780,M123,ref_txn_2780,UTR411961115154,UPI,UPI_BANK_ACCOUNT,BANK_E,CAPTURED,,,56600,0,INR,2026-07-16T17:43:19+05:30,2026-07-16T17:44:43+05:30,2026-07-20
TXN_2781,M123,ref_txn_2781,UTR726964994185,CARD,OTHER_DEBIT,BANK_C,CAPTURED,,,150900,1358,INR,2026-07-14T09:14:00+05:30,2026-07-14T09:15:17+05:30,2026-07-16
TXN_2793,M123,ref_txn_2793,UTR601978496812,UPI,UPI_BANK_ACCOUNT,BANK_C,CAPTURED,,,27300,0,INR,2026-07-13T10:59:10+05:30,2026-07-13T11:00:25+05:30,2026-07-15
TXN_2795,M123,ref_txn_2795,UTR251018928415,UPI,UPI_BANK_ACCOUNT,BANK_C,CAPTURED,,,57800,0,INR,2026-07-08T15:42:03+05:30,2026-07-08T15:42:53+05:30,2026-07-10
TXN_2799,M123,ref_txn_2799,UTR179652670491,CARD,RUPAY_DEBIT,BANK_C,CAPTURED,,,172100,0,INR,2026-06-13T19:39:55+05:30,2026-06-13T19:40:02+05:30,2026-06-17
TXN_28,M123,ref_txn_28,UTR209052656517,UPI,UPI_BANK_ACCOUNT,BANK_A,CAPTURED,,,132100,0,INR,2026-07-18T13:57:46+05:30,2026-07-18T13:58:53+05:30,2026-07-22
TXN_2800,M123,ref_txn_2800,UTR419899651297,CARD,CREDIT_CARD,BANK_B,CAPTURED,,,606700,11527,INR,2026-07-05T16:08:05+05:30,2026-07-05T16:08:28+05:30,2026-07-08
TXN_2801,M123,ref_txn_2801,UTR991032224215,UPI,UPI_PPI_WALLET,BANK_C,CAPTURED,,,122100,0,INR,2026-06-22T15:06:17+05:30,2026-06-22T15:07:05+05:30,2026-06-24
TXN_2802,M123,ref_txn_2802,UTR575958412405,UPI,UPI_BANK_ACCOUNT,BANK_A,CAPTURED,,,47100,0,INR,2026-06-15T18:03:24+05:30,2026-06-15T18:03:39+05:30,2026-06-18
TXN_2805,M123,ref_txn_2805,,UPI,UPI_BANK_ACCOUNT,BANK_D,CAPTURED,,,91100,0,INR,2026-06-26T14:35:15+05:30,2026-06-26T14:36:21+05:30,2026-06-30
TXN_2808,M123,ref_txn_2808,,UPI,UPI_BANK_ACCOUNT,BANK_C,CAPTURED,,,29900,0,INR,2026-07-11T10:24:05+05:30,2026-07-11T10:24:24+05:30,2026-07-15
TXN_2810,M123,ref_txn_2810,UTR739175257037,CARD,CREDIT_CARD,BANK_B,CAPTURED,,,517500,9833,INR,2026-08-04T16:35:58+05:30,2026-08-04T16:36:04+05:30,2026-08-06
TXN_2812,M123,ref_txn_2812,UTR621489021754,UPI,UPI_PPI_WALLET,BANK_D,CAPTURED,,,128300,0,INR,2026-06-19T13:40:25+05:30,2026-06-19T13:40:34+05:30,2026-06-23
TXN_2813,M123,ref_txn_2813,UTR222339372497,UPI,UPI_BANK_ACCOUNT,BANK_B,CAPTURED,,,56900,0,INR,2026-07-22T16:49:03+05:30,2026-07-22T16:49:42+05:30,2026-07-24
TXN_2815,M123,ref_txn_2815,UTR829025385356,NETBANKING,NETBANKING,BANK_A,CAPTURED,,,564400,1200,INR,2026-08-08T12:01:30+05:30,2026-08-08T12:01:41+05:30,2026-08-12
TXN_2822,M123,ref_txn_2822,UTR691649001660,CARD,CREDIT_CARD,BANK_C,CAPTURED,,,245600,4666,INR,2026-08-04T11:45:07+05:30,2026-08-04T11:45:12+05:30,2026-08-06
TXN_2824,M123,ref_txn_2824,,UPI,UPI_BANK_ACCOUNT,BANK_B,CAPTURED,,,15900,0,INR,2026-06-16T17:17:26+05:30,2026-06-16T17:18:28+05:30,2026-06-18
TXN_2825,M123,ref_txn_2825,UTR814604313686,UPI,UPI_BANK_ACCOUNT,BANK_C,CAPTURED,,,124600,0,INR,2026-07-06T10:34:51+05:30,2026-07-06T10:35:16+05:30,2026-07-08
TXN_2827,M123,ref_txn_2827,UTR705486997134,NETBANKING,NETBANKING,BANK_A,CAPTURED,,,510000,1200,INR,2026-06-27T16:46:03+05:30,2026-06-27T16:47:04+05:30,2026-07-01
TXN_2829,M123,ref_txn_2829,UTR640910309067,UPI,UPI_BANK_ACCOUNT,BANK_C,CAPTURED,,,143400,0,INR,2026-08-08T21:04:47+05:30,2026-08-08T21:05:52+05:30,2026-08-12
TXN_2832,M123,ref_txn_2832,UTR280710686831,UPI,UPI_BANK_ACCOUNT,BANK_B,CAPTURED,,,28000,0,INR,2026-07-10T21:24:30+05:30,2026-07-10T21:25:31+05:30,2026-07-15
TXN_2834,M123,ref_txn_2834,UTR862741357039,WALLET,WALLET,BANK_B,CAPTURED,,,66700,1101,INR,2026-06-19T14:47:39+05:30,2026-06-19T14:48:55+05:30,2026-06-23
TXN_2836,M123,ref_txn_2836,UTR526638398484,UPI,UPI_BANK_ACCOUNT,BANK_C,CAPTURED,,,21900,0,INR,2026-08-15T12:04:41+05:30,2026-08-15T12:05:02+05:30,2026-08-19
TXN_2841,M123,ref_txn_2841,UTR184955517958,UPI,UPI_BANK_ACCOUNT,BANK_C,CAPTURED,,,7900,0,INR,2026-07-28T16:26:54+05:30,2026-07-28T16:28:17+05:30,2026-07-30
TXN_2842,M123,ref_txn_2842,UTR937497563188,CARD,CREDIT_CARD,BANK_B,CAPTURED,,,340500,6470,INR,2026-06-14T13:00:48+05:30,2026-06-14T13:02:17+05:30,2026-06-17
TXN_2844,M123,ref_txn_2844,UTR374197317651,UPI,UPI_BANK_ACCOUNT,BANK_C,CAPTURED,,,73700,0,INR,2026-08-11T11:42:46+05:30,2026-08-11T11:43:57+05:30,2026-08-13
TXN_2849,M123,ref_txn_2849,UTR688078673995,WALLET,WALLET,BANK_A,CAPTURED,,,13000,215,INR,2026-07-03T17:06:16+05:30,2026-07-03T17:07:42+05:30,2026-07-07
TXN_2854,M123,ref_txn_2854,UTR139441291657,UPI,UPI_BANK_ACCOUNT,BANK_A,CAPTURED,,,124900,0,INR,2026-08-10T11:07:58+05:30,2026-08-10T11:09:03+05:30,2026-08-12
TXN_2856,M123,ref_txn_2856,UTR678031436614,UPI,UPI_BANK_ACCOUNT,BANK_C,CAPTURED,,,133200,0,INR,2026-08-01T09:38:08+05:30,2026-08-01T09:38:41+05:30,2026-08-05
TXN_2862,M123,ref_txn_2862,UTR627428618360,UPI,UPI_BANK_ACCOUNT,BANK_C,CAPTURED,,,13600,0,INR,2026-08-11T10:17:46+05:30,2026-08-11T10:18:29+05:30,2026-08-13
TXN_2863,M123,ref_txn_2863,UTR485052803699,UPI,UPI_BANK_ACCOUNT,BANK_B,CAPTURED,,,32000,0,INR,2026-06-01T17:07:08+05:30,2026-06-01T17:07:35+05:30,2026-06-03
TXN_2866,M123,ref_txn_2866,UTR537943008391,NETBANKING,NETBANKING,BANK_E,CAPTURED,,,250200,1200,INR,2026-06-23T21:30:43+05:30,2026-06-23T21:31:29+05:30,2026-06-26
TXN_2868,M123,ref_txn_2868,,UPI,UPI_BANK_ACCOUNT,BANK_B,CAPTURED,,,79900,0,INR,2026-06-28T14:27:40+05:30,2026-06-28T14:29:01+05:30,2026-07-01
TXN_2871,M123,ref_txn_2871,,UPI,UPI_PPI_WALLET,BANK_C,CAPTURED,,,42500,0,INR,2026-07-18T10:11:25+05:30,2026-07-18T10:12:38+05:30,2026-07-22
TXN_2872,M123,ref_txn_2872,UTR582412603064,NETBANKING,NETBANKING,BANK_A,CAPTURED,,,453400,1200,INR,2026-05-29T17:41:02+05:30,2026-05-29T17:41:29+05:30,2026-06-02
TXN_2873,M123,ref_txn_2873,UTR801679560019,UPI,UPI_PPI_WALLET,BANK_A,CAPTURED,,,6500,0,INR,2026-07-29T09:01:35+05:30,2026-07-29T09:02:09+05:30,2026-07-31
TXN_2875,M123,ref_txn_2875,,UPI,UPI_BANK_ACCOUNT,BANK_A,CAPTURED,,,101900,0,INR,2026-08-18T14:41:47+05:30,2026-08-18T14:43:10+05:30,2026-08-20
TXN_2876,M123,ref_txn_2876,UTR389650869248,CARD,RUPAY_DEBIT,BANK_A,CAPTURED,,,156600,0,INR,2026-06-02T11:18:00+05:30,2026-06-02T11:18:16+05:30,2026-06-04
TXN_2878,M123,ref_txn_2878,,UPI,UPI_BANK_ACCOUNT,BANK_A,FAILED,BUSINESS_DECLINE,INVALID_BENEFICIARY,67000,0,INR,2026-08-10T09:28:22+05:30,,
TXN_2880,M123,ref_txn_2880,UTR469088275726,UPI,UPI_BANK_ACCOUNT,BANK_F,CAPTURED,,,51500,0,INR,2026-08-20T09:37:14+05:30,2026-08-20T09:37:51+05:30,2026-08-24
TXN_2881,M123,ref_txn_2881,UTR682728886611,UPI,UPI_BANK_ACCOUNT,BANK_A,CAPTURED,,,21000,0,INR,2026-06-27T12:44:13+05:30,2026-06-27T12:45:33+05:30,2026-07-01
TXN_2882,M123,ref_txn_2882,UTR417366672051,UPI,UPI_BANK_ACCOUNT,BANK_B,CAPTURED,,,129100,0,INR,2026-08-02T15:06:43+05:30,2026-08-02T15:07:41+05:30,2026-08-05
TXN_2885,M123,ref_txn_2885,UTR152678440045,UPI,UPI_BANK_ACCOUNT,BANK_B,CAPTURED,,,17300,0,INR,2026-08-06T21:33:30+05:30,2026-08-06T21:34:13+05:30,2026-08-11
TXN_2888,M123,ref_txn_2888,UTR671734415722,UPI,UPI_BANK_ACCOUNT,BANK_B,CAPTURED,,,35900,0,INR,2026-06-09T19:19:16+05:30,2026-06-09T19:20:00+05:30,2026-06-12
TXN_2889,M123,ref_txn_2889,UTR664513587762,UPI,UPI_BANK_ACCOUNT,BANK_D,CAPTURED,,,134000,0,INR,2026-07-18T12:28:51+05:30,2026-07-18T12:29:47+05:30,2026-07-22
TXN_2891,M123,ref_txn_2891,UTR707586790614,UPI,UPI_BANK_ACCOUNT,BANK_C,CAPTURED,,,62600,0,INR,2026-08-18T10:16:06+05:30,2026-08-18T10:17:03+05:30,2026-08-20
TXN_2892,M123,ref_txn_2892,,WALLET,WALLET,BANK_A,FAILED,BUSINESS_DECLINE,INVALID_BENEFICIARY,52000,0,INR,2026-08-01T18:26:51+05:30,,
TXN_2893,M123,ref_txn_2893,UTR386675292107,NETBANKING,NETBANKING,BANK_C,CAPTURED,,,843400,1200,INR,2026-06-10T16:56:06+05:30,2026-06-10T16:56:57+05:30,2026-06-12
TXN_2897,M123,ref_txn_2897,UTR716242661715,UPI,UPI_BANK_ACCOUNT,BANK_D,CAPTURED,,,55700,0,INR,2026-06-17T16:46:49+05:30,2026-06-17T16:48:10+05:30,2026-06-19
TXN_2899,M123,ref_txn_2899,UTR131115965465,UPI,UPI_BANK_ACCOUNT,BANK_B,CAPTURED,,,18600,0,INR,2026-08-02T15:58:24+05:30,2026-08-02T15:58:44+05:30,2026-08-05
TXN_29,M123,ref_txn_29,UTR973453220966,UPI,UPI_RUPAY_CREDIT,BANK_A,CAPTURED,,,103800,0,INR,2026-06-19T16:00:28+05:30,2026-06-19T16:01:28+05:30,2026-06-23
TXN_290,M123,ref_txn_290,UTR363309652753,NETBANKING,NETBANKING,BANK_E,CAPTURED,,,180800,1200,INR,2026-06-18T15:09:02+05:30,2026-06-18T15:09:58+05:30,2026-06-22
TXN_2900,M123,ref_txn_2900,UTR417289641770,UPI,UPI_BANK_ACCOUNT,BANK_C,CAPTURED,,,10600,0,INR,2026-06-20T12:38:56+05:30,2026-06-20T12:40:17+05:30,2026-06-24
TXN_2901,M123,ref_txn_2901,UTR771145403949,NETBANKING,NETBANKING,BANK_A,CAPTURED,,,451700,1200,INR,2026-08-10T13:58:49+05:30,2026-08-10T13:59:27+05:30,2026-08-12
TXN_2907,M123,ref_txn_2907,UTR314949755135,CARD,RUPAY_DEBIT,BANK_C,CAPTURED,,,106100,0,INR,2026-07-29T15:37:19+05:30,2026-07-29T15:38:30+05:30,2026-07-31
TXN_2909,M123,ref_txn_2909,UTR318678237618,CARD,OTHER_DEBIT,BANK_B,CAPTURED,,,556400,5008,INR,2026-06-22T12:08:53+05:30,2026-06-22T12:09:09+05:30,2026-06-24
TXN_291,M123,ref_txn_291,UTR678452907306,UPI,UPI_BANK_ACCOUNT,BANK_A,CAPTURED,,,8800,0,INR,2026-07-28T19:41:29+05:30,2026-07-28T19:41:34+05:30,2026-07-31
TXN_2910,M123,ref_txn_2910,UTR294934611370,UPI,UPI_BANK_ACCOUNT,BANK_D,CAPTURED,,,15900,0,INR,2026-08-19T14:52:32+05:30,2026-08-19T14:52:38+05:30,2026-08-21
TXN_2913,M123,ref_txn_2913,UTR692839945521,UPI,UPI_BANK_ACCOUNT,BANK_B,CAPTURED,,,63500,0,INR,2026-05-28T16:02:53+05:30,2026-05-28T16:03:42+05:30,2026-06-01
TXN_2915,M123,ref_txn_2915,UTR967472185318,UPI,UPI_BANK_ACCOUNT,BANK_B,CAPTURED,,,26400,0,INR,2026-08-06T13:26:58+05:30,2026-08-06T13:27:12+05:30,2026-08-10
TXN_2916,M123,ref_txn_2916,UTR885066797551,UPI,UPI_BANK_ACCOUNT,BANK_D,CAPTURED,,,99600,0,INR,2026-07-29T14:22:27+05:30,2026-07-29T14:23:50+05:30,2026-07-31
TXN_2917,M123,ref_txn_2917,UTR102099352779,CARD,RUPAY_DEBIT,BANK_A,CAPTURED,,,167100,0,INR,2026-08-17T12:12:51+05:30,2026-08-17T12:13:11+05:30,2026-08-19
TXN_2918,M123,ref_txn_2918,UTR371675098457,UPI,UPI_BANK_ACCOUNT,BANK_A,CAPTURED,,,14300,0,INR,2026-07-02T16:28:21+05:30,2026-07-02T16:29:43+05:30,2026-07-06
TXN_2919,M123,ref_txn_2919,UTR171772950004,UPI,UPI_BANK_ACCOUNT,BANK_A,CAPTURED,,,111000,0,INR,2026-08-23T13:51:03+05:30,2026-08-23T13:51:23+05:30,2026-08-26
TXN_292,M123,ref_txn_292,UTR732069347976,UPI,UPI_BANK_ACCOUNT,BANK_C,CAPTURED,,,38100,0,INR,2026-07-07T10:46:03+05:30,2026-07-07T10:46:15+05:30,2026-07-09
TXN_2921,M123,ref_txn_2921,UTR925433275044,UPI,UPI_BANK_ACCOUNT,BANK_D,CAPTURED,,,49500,0,INR,2026-06-02T12:10:22+05:30,2026-06-02T12:10:29+05:30,2026-06-04
TXN_2922,M123,ref_txn_2922,UTR289945223203,WALLET,WALLET,BANK_A,CAPTURED,,,21900,361,INR,2026-07-07T11:43:45+05:30,2026-07-07T11:43:59+05:30,2026-07-09
TXN_2931,M123,ref_txn_2931,UTR198223402225,UPI,UPI_BANK_ACCOUNT,BANK_B,CAPTURED,,,40200,0,INR,2026-07-02T14:48:38+05:30,2026-07-02T14:48:56+05:30,2026-07-06
TXN_2934,M123,ref_txn_2934,UTR326405054528,WALLET,WALLET,BANK_A,CAPTURED,,,22900,378,INR,2026-06-12T11:44:12+05:30,2026-06-12T11:45:20+05:30,2026-06-16
TXN_2935,M123,ref_txn_2935,UTR514604165501,UPI,UPI_BANK_ACCOUNT,BANK_A,CAPTURED,,,72200,0,INR,2026-08-23T11:49:20+05:30,2026-08-23T11:50:12+05:30,2026-08-26
TXN_2936,M123,ref_txn_2936,UTR645496644624,UPI,UPI_BANK_ACCOUNT,BANK_E,CAPTURED,,,39600,0,INR,2026-07-22T19:49:59+05:30,2026-07-22T19:50:22+05:30,2026-07-27
TXN_2939,M123,ref_txn_2939,UTR694263083161,UPI,UPI_BANK_ACCOUNT,BANK_C,CAPTURED,,,85500,0,INR,2026-06-09T16:03:17+05:30,2026-06-09T16:03:51+05:30,2026-06-11
TXN_2941,M123,ref_txn_2941,UTR485835505240,UPI,UPI_BANK_ACCOUNT,BANK_E,CAPTURED,,,61200,0,INR,2026-06-09T14:36:58+05:30,2026-06-09T14:37:12+05:30,2026-06-11
TXN_2943,M123,ref_txn_2943,UTR731997559540,UPI,UPI_BANK_ACCOUNT,BANK_B,CAPTURED,,,41900,0,INR,2026-05-29T10:04:18+05:30,2026-05-29T10:05:26+05:30,2026-06-02
TXN_2949,M123,ref_txn_2949,,UPI,UPI_BANK_ACCOUNT,BANK_B,FAILED,BUSINESS_DECLINE,AUTHENTICATION_FAILURE,146900,0,INR,2026-07-28T15:49:43+05:30,,
TXN_2955,M123,ref_txn_2955,UTR422890178883,UPI,UPI_BANK_ACCOUNT,BANK_B,CAPTURED,,,150300,0,INR,2026-06-03T21:00:44+05:30,2026-06-03T21:01:34+05:30,2026-06-08
TXN_2956,M123,ref_txn_2956,UTR110499381106,UPI,UPI_BANK_ACCOUNT,BANK_E,CAPTURED,,,69700,0,INR,2026-08-19T15:23:26+05:30,2026-08-19T15:23:59+05:30,2026-08-21
TXN_2958,M123,ref_txn_2958,UTR976814451269,UPI,UPI_BANK_ACCOUNT,BANK_C,CAPTURED,,,53100,0,INR,2026-06-28T16:06:36+05:30,2026-06-28T16:07:15+05:30,2026-07-01
TXN_2959,M123,ref_txn_2959,UTR752456524958,WALLET,WALLET,BANK_B,CAPTURED,,,20300,335,INR,2026-05-28T13:02:10+05:30,2026-05-28T13:02:18+05:30,2026-06-01
TXN_296,M123,ref_txn_296,UTR113509290071,UPI,UPI_BANK_ACCOUNT,BANK_A,CAPTURED,,,31400,0,INR,2026-06-10T11:27:59+05:30,2026-06-10T11:28:41+05:30,2026-06-12
TXN_2961,M123,ref_txn_2961,UTR395099706923,UPI,UPI_BANK_ACCOUNT,BANK_C,CAPTURED,,,9900,0,INR,2026-07-10T12:52:59+05:30,2026-07-10T12:54:14+05:30,2026-07-14
TXN_2963,M123,ref_txn_2963,UTR798511608222,CARD,CREDIT_CARD,BANK_F,CAPTURED,,,287400,5461,INR,2026-06-09T11:05:19+05:30,2026-06-09T11:06:43+05:30,2026-06-11
TXN_2964,M123,ref_txn_2964,UTR842504282739,CARD,CREDIT_CARD,BANK_B,CAPTURED,,,152900,2905,INR,2026-07-29T12:39:29+05:30,2026-07-29T12:40:39+05:30,2026-07-31
TXN_2965,M123,ref_txn_2965,,WALLET,WALLET,BANK_A,CAPTURED,,,18800,310,INR,2026-08-16T19:36:42+05:30,2026-08-16T19:37:26+05:30,2026-08-19
TXN_2966,M123,ref_txn_2966,UTR684639769190,UPI,UPI_BANK_ACCOUNT,BANK_A,CAPTURED,,,148800,0,INR,2026-08-08T18:23:22+05:30,2026-08-08T18:23:57+05:30,2026-08-12
TXN_2968,M123,ref_txn_2968,UTR786636898003,UPI,UPI_BANK_ACCOUNT,BANK_C,CAPTURED,,,116300,0,INR,2026-06-13T15:19:00+05:30,2026-06-13T15:19:57+05:30,2026-06-17
TXN_2969,M123,ref_txn_2969,UTR939250436112,UPI,UPI_BANK_ACCOUNT,BANK_B,CAPTURED,,,134100,0,INR,2026-07-26T15:55:11+05:30,2026-07-26T15:56:08+05:30,2026-07-29
TXN_2970,M123,ref_txn_2970,UTR431141946169,UPI,UPI_BANK_ACCOUNT,BANK_A,CAPTURED,,,129000,0,INR,2026-07-22T19:09:02+05:30,2026-07-22T19:09:49+05:30,2026-07-27
TXN_2972,M123,ref_txn_2972,UTR134937476071,UPI,UPI_BANK_ACCOUNT,BANK_A,CAPTURED,,,10500,0,INR,2026-06-27T17:27:54+05:30,2026-06-27T17:28:14+05:30,2026-07-01
TXN_2973,M123,ref_txn_2973,UTR452167379163,CARD,RUPAY_DEBIT,BANK_A,CAPTURED,,,394800,0,INR,2026-06-08T18:37:24+05:30,2026-06-08T18:38:22+05:30,2026-06-11
TXN_2978,M123,ref_txn_2978,UTR179095987464,UPI,UPI_BANK_ACCOUNT,BANK_A,CAPTURED,,,95100,0,INR,2026-05-28T13:52:25+05:30,2026-05-28T13:53:52+05:30,2026-06-01
TXN_2980,M123,ref_txn_2980,UTR344374659404,WALLET,WALLET,BANK_A,CAPTURED,,,91100,1503,INR,2026-07-17T13:10:32+05:30,2026-07-17T13:11:15+05:30,2026-07-21
TXN_2981,M123,ref_txn_2981,UTR902714479522,NETBANKING,NETBANKING,BANK_D,CAPTURED,,,433700,1200,INR,2026-06-11T10:46:09+05:30,2026-06-11T10:46:17+05:30,2026-06-15
TXN_2988,M123,ref_txn_2988,UTR791243164650,UPI,UPI_BANK_ACCOUNT,BANK_E,CAPTURED,,,146900,0,INR,2026-07-25T16:44:38+05:30,2026-07-25T16:45:36+05:30,2026-07-29
TXN_299,M123,ref_txn_299,UTR209488104061,UPI,UPI_BANK_ACCOUNT,BANK_D,CAPTURED,,,18600,0,INR,2026-08-13T11:11:12+05:30,2026-08-13T11:12:10+05:30,2026-08-17
TXN_2990,M123,ref_txn_2990,UTR878886105937,UPI,UPI_BANK_ACCOUNT,BANK_D,CAPTURED,,,79200,0,INR,2026-07-18T12:28:57+05:30,2026-07-18T12:30:12+05:30,2026-07-22
TXN_2992,M123,ref_txn_2992,UTR142491906148,UPI,UPI_PPI_WALLET,BANK_A,CAPTURED,,,117000,0,INR,2026-07-08T12:58:55+05:30,2026-07-08T12:59:59+05:30,2026-07-10
TXN_3003,M123,ref_txn_3003,UTR562617737537,UPI,UPI_BANK_ACCOUNT,BANK_C,CAPTURED,,,135700,0,INR,2026-07-09T12:22:41+05:30,2026-07-09T12:23:17+05:30,2026-07-13
TXN_3009,M123,ref_txn_3009,UTR915210927647,NETBANKING,NETBANKING,BANK_A,CAPTURED,,,456300,1200,INR,2026-07-07T19:22:58+05:30,2026-07-07T19:24:11+05:30,2026-07-10
TXN_3011,M123,ref_txn_3011,UTR834788219532,UPI,UPI_BANK_ACCOUNT,BANK_A,CAPTURED,,,149000,0,INR,2026-07-26T14:31:43+05:30,2026-07-26T14:32:12+05:30,2026-07-29
TXN_3012,M123,ref_txn_3012,UTR549444402428,UPI,UPI_BANK_ACCOUNT,BANK_B,CAPTURED,,,16300,0,INR,2026-08-08T13:56:42+05:30,2026-08-08T13:56:51+05:30,2026-08-12
TXN_3013,M123,ref_txn_3013,UTR314820173401,CARD,CREDIT_CARD,BANK_F,CAPTURED,,,122100,2320,INR,2026-06-09T21:42:24+05:30,2026-06-09T21:43:14+05:30,2026-06-12
TXN_3016,M123,ref_txn_3016,UTR465362188372,CARD,OTHER_DEBIT,BANK_C,CAPTURED,,,267800,2410,INR,2026-07-01T13:54:35+05:30,2026-07-01T13:54:42+05:30,2026-07-03
TXN_3020,M123,ref_txn_3020,UTR666107935648,UPI,UPI_BANK_ACCOUNT,BANK_A,CAPTURED,,,55300,0,INR,2026-06-25T19:47:31+05:30,2026-06-25T19:48:27+05:30,2026-06-30
TXN_3024,M123,ref_txn_3024,UTR983716608390,UPI,UPI_BANK_ACCOUNT,BANK_A,CAPTURED,,,23900,0,INR,2026-08-03T16:45:16+05:30,2026-08-03T16:45:35+05:30,2026-08-05
TXN_3027,M123,ref_txn_3027,UTR203392986603,UPI,UPI_BANK_ACCOUNT,BANK_D,CAPTURED,,,98800,0,INR,2026-08-09T14:46:22+05:30,2026-08-09T14:47:38+05:30,2026-08-12
TXN_3028,M123,ref_txn_3028,UTR707543009205,CARD,RUPAY_DEBIT,BANK_B,CAPTURED,,,327600,0,INR,2026-07-17T14:12:21+05:30,2026-07-17T14:13:14+05:30,2026-07-21
TXN_3029,M123,ref_txn_3029,UTR643118293006,CARD,CREDIT_CARD,BANK_A,CAPTURED,,,140200,2664,INR,2026-07-20T16:01:58+05:30,2026-07-20T16:03:25+05:30,2026-07-22
TXN_3030,M123,ref_txn_3030,UTR889790003615,UPI,UPI_PPI_WALLET,BANK_E,CAPTURED,,,125100,0,INR,2026-07-18T11:15:31+05:30,2026-07-18T11:16:11+05:30,2026-07-22
TXN_3031,M123,ref_txn_3031,,WALLET,WALLET,BANK_A,CAPTURED,,,12800,211,INR,2026-05-31T14:08:23+05:30,2026-05-31T14:08:48+05:30,2026-06-03
TXN_3032,M123,ref_txn_3032,UTR734508220008,UPI,UPI_BANK_ACCOUNT,BANK_D,CAPTURED,,,114700,0,INR,2026-08-02T21:07:16+05:30,2026-08-02T21:07:23+05:30,2026-08-05
TXN_3033,M123,ref_txn_3033,UTR824430779269,CARD,OTHER_DEBIT,BANK_B,CAPTURED,,,320100,2881,INR,2026-06-20T12:16:09+05:30,2026-06-20T12:16:38+05:30,2026-06-24
TXN_3036,M123,ref_txn_3036,UTR583271163254,NETBANKING,NETBANKING,BANK_E,CAPTURED,,,138000,1200,INR,2026-05-29T16:29:57+05:30,2026-05-29T16:30:42+05:30,2026-06-02
TXN_3040,M123,ref_txn_3040,UTR712094820844,UPI,UPI_BANK_ACCOUNT,BANK_C,CAPTURED,,,30000,0,INR,2026-05-31T13:29:30+05:30,2026-05-31T13:29:45+05:30,2026-06-03
TXN_3043,M123,ref_txn_3043,UTR285801537872,WALLET,WALLET,BANK_A,CAPTURED,,,71600,1181,INR,2026-08-09T16:01:28+05:30,2026-08-09T16:02:37+05:30,2026-08-12
TXN_3046,M123,ref_txn_3046,UTR197789124041,NETBANKING,NETBANKING,BANK_A,CAPTURED,,,357000,1200,INR,2026-08-18T12:08:47+05:30,2026-08-18T12:09:11+05:30,2026-08-20
TXN_3047,M123,ref_txn_3047,UTR695766170891,CARD,OTHER_DEBIT,BANK_C,CAPTURED,,,223300,2010,INR,2026-06-20T11:42:28+05:30,2026-06-20T11:43:43+05:30,2026-06-24
TXN_3049,M123,ref_txn_3049,UTR167418920189,CARD,CREDIT_CARD,BANK_C,CAPTURED,,,208500,3962,INR,2026-07-24T13:45:20+05:30,2026-07-24T13:46:08+05:30,2026-07-28
TXN_3050,M123,ref_txn_3050,UTR298099898903,UPI,UPI_BANK_ACCOUNT,BANK_E,CAPTURED,,,15300,0,INR,2026-06-25T10:15:31+05:30,2026-06-25T10:16:49+05:30,2026-06-29
TXN_3052,M123,ref_txn_3052,,UPI,UPI_BANK_ACCOUNT,BANK_C,CAPTURED,,,25500,0,INR,2026-06-24T18:11:20+05:30,2026-06-24T18:11:26+05:30,2026-06-29
TXN_3053,M123,ref_txn_3053,UTR792466491467,UPI,UPI_BANK_ACCOUNT,BANK_A,CAPTURED,,,35900,0,INR,2026-05-28T12:55:04+05:30,2026-05-28T12:55:31+05:30,2026-06-01
TXN_3054,M123,ref_txn_3054,UTR852091680802,UPI,UPI_BANK_ACCOUNT,BANK_E,CAPTURED,,,19600,0,INR,2026-07-06T10:15:52+05:30,2026-07-06T10:17:07+05:30,2026-07-08
TXN_3055,M123,ref_txn_3055,UTR111757179035,CARD,OTHER_DEBIT,BANK_B,CAPTURED,,,129600,1166,INR,2026-07-09T21:20:27+05:30,2026-07-09T21:21:27+05:30,2026-07-14
TXN_3059,M123,ref_txn_3059,UTR136380530495,WALLET,WALLET,BANK_E,CAPTURED,,,39700,655,INR,2026-06-08T09:49:38+05:30,2026-06-08T09:50:01+05:30,2026-06-10
TXN_3062,M123,ref_txn_3062,UTR281846937173,UPI,UPI_BANK_ACCOUNT,BANK_A,CAPTURED,,,11900,0,INR,2026-08-06T16:50:25+05:30,2026-08-06T16:51:48+05:30,2026-08-10
TXN_3063,M123,ref_txn_3063,UTR915971432906,UPI,UPI_BANK_ACCOUNT,BANK_B,CAPTURED,,,76700,0,INR,2026-07-29T18:20:52+05:30,2026-07-29T18:21:32+05:30,2026-08-03
TXN_3067,M123,ref_txn_3067,UTR675866016856,CARD,CREDIT_CARD,BANK_F,CAPTURED,,,532900,10125,INR,2026-06-21T18:34:26+05:30,2026-06-21T18:35:03+05:30,2026-06-24
TXN_307,M123,ref_txn_307,UTR418850713154,UPI,UPI_BANK_ACCOUNT,BANK_D,CAPTURED,,,53400,0,INR,2026-07-10T11:13:52+05:30,2026-07-10T11:14:02+05:30,2026-07-14
TXN_3071,M123,ref_txn_3071,,UPI,UPI_BANK_ACCOUNT,BANK_C,CAPTURED,,,70400,0,INR,2026-07-09T09:10:51+05:30,2026-07-09T09:11:02+05:30,2026-07-13
TXN_3072,M123,ref_txn_3072,UTR819600567293,CARD,RUPAY_DEBIT,BANK_A,CAPTURED,,,300400,0,INR,2026-06-24T16:45:51+05:30,2026-06-24T16:46:21+05:30,2026-06-26
TXN_3075,M123,ref_txn_3075,UTR417070423165,NETBANKING,NETBANKING,BANK_A,CAPTURED,,,361300,1200,INR,2026-08-07T11:52:59+05:30,2026-08-07T11:54:26+05:30,2026-08-11
TXN_3079,M123,ref_txn_3079,UTR190695225109,UPI,UPI_BANK_ACCOUNT,BANK_C,CAPTURED,,,13200,0,INR,2026-07-05T15:22:40+05:30,2026-07-05T15:23:00+05:30,2026-07-08
TXN_308,M123,ref_txn_308,UTR107466827342,NETBANKING,NETBANKING,BANK_B,CAPTURED,,,679700,1200,INR,2026-06-28T10:55:57+05:30,2026-06-28T10:56:35+05:30,2026-07-01
TXN_3083,M123,ref_txn_3083,UTR732393232843,UPI,UPI_BANK_ACCOUNT,BANK_C,CAPTURED,,,39000,0,INR,2026-07-20T17:06:27+05:30,2026-07-20T17:07:33+05:30,2026-07-22
TXN_3086,M123,ref_txn_3086,UTR965970030882,UPI,UPI_BANK_ACCOUNT,BANK_B,CAPTURED,,,40900,0,INR,2026-08-15T17:12:32+05:30,2026-08-15T17:13:56+05:30,2026-08-19
TXN_3088,M123,ref_txn_3088,UTR877158989846,UPI,UPI_BANK_ACCOUNT,BANK_F,CAPTURED,,,18500,0,INR,2026-07-10T16:22:05+05:30,2026-07-10T16:23:20+05:30,2026-07-14
TXN_3092,M123,ref_txn_3092,UTR356669743554,UPI,UPI_BANK_ACCOUNT,BANK_B,CAPTURED,,,72300,0,INR,2026-05-31T16:46:41+05:30,2026-05-31T16:46:53+05:30,2026-06-03
TXN_3095,M123,ref_txn_3095,UTR232477167276,UPI,UPI_BANK_ACCOUNT,BANK_C,CAPTURED,,,68100,0,INR,2026-05-30T12:57:06+05:30,2026-05-30T12:58:07+05:30,2026-06-03
TXN_3097,M123,ref_txn_3097,,CARD,CREDIT_CARD,BANK_A,FAILED,BUSINESS_DECLINE,AUTHENTICATION_FAILURE,74600,0,INR,2026-06-21T19:14:05+05:30,,
TXN_31,M123,ref_txn_31,UTR234049234874,UPI,UPI_BANK_ACCOUNT,BANK_A,CAPTURED,,,83200,0,INR,2026-05-28T11:18:55+05:30,2026-05-28T11:19:47+05:30,2026-06-01
TXN_3101,M123,ref_txn_3101,UTR503033558404,CARD,CREDIT_CARD,BANK_D,CAPTURED,,,180100,3422,INR,2026-07-29T12:49:31+05:30,2026-07-29T12:50:02+05:30,2026-07-31
TXN_3102,M123,ref_txn_3102,UTR591303884156,UPI,UPI_BANK_ACCOUNT,BANK_C,CAPTURED,,,99300,0,INR,2026-07-12T17:08:14+05:30,2026-07-12T17:09:20+05:30,2026-07-15
TXN_3104,M123,ref_txn_3104,,UPI,UPI_BANK_ACCOUNT,BANK_B,CAPTURED,,,68500,0,INR,2026-07-14T16:55:12+05:30,2026-07-14T16:55:54+05:30,2026-07-16
TXN_3108,M123,ref_txn_3108,,UPI,UPI_BANK_ACCOUNT,BANK_B,CAPTURED,,,7900,0,INR,2026-06-07T16:38:33+05:30,2026-06-07T16:38:54+05:30,2026-06-10
TXN_3110,M123,ref_txn_3110,UTR334182138111,WALLET,WALLET,BANK_A,CAPTURED,,,39700,655,INR,2026-07-15T18:28:17+05:30,2026-07-15T18:28:55+05:30,2026-07-20
TXN_3114,M123,ref_txn_3114,UTR422925514147,UPI,UPI_BANK_ACCOUNT,BANK_E,CAPTURED,,,122800,0,INR,2026-07-24T13:21:05+05:30,2026-07-24T13:21:34+05:30,2026-07-28
TXN_3115,M123,ref_txn_3115,UTR938878915271,CARD,CREDIT_CARD,BANK_B,CAPTURED,,,180700,3433,INR,2026-06-20T11:01:02+05:30,2026-06-20T11:01:35+05:30,2026-06-24
TXN_3116,M123,ref_txn_3116,UTR512684969450,UPI,UPI_BANK_ACCOUNT,BANK_F,CAPTURED,,,71200,0,INR,2026-07-02T17:09:45+05:30,2026-07-02T17:10:05+05:30,2026-07-06
TXN_3118,M123,ref_txn_3118,UTR192102264264,UPI,UPI_BANK_ACCOUNT,BANK_F,CAPTURED,,,30100,0,INR,2026-08-17T18:52:43+05:30,2026-08-17T18:53:56+05:30,2026-08-20
TXN_312,M123,ref_txn_312,UTR864374516846,UPI,UPI_BANK_ACCOUNT,BANK_A,CAPTURED,,,93600,0,INR,2026-08-20T19:15:59+05:30,2026-08-20T19:17:12+05:30,2026-08-25
TXN_3122,M123,ref_txn_3122,,CARD,CREDIT_CARD,BANK_C,FAILED,TECHNICAL_DECLINE,PSP_ERROR,516300,0,INR,2026-06-06T12:31:40+05:30,,
TXN_3126,M123,ref_txn_3126,UTR850649365814,UPI,UPI_BANK_ACCOUNT,BANK_D,CAPTURED,,,16100,0,INR,2026-07-14T21:26:08+05:30,2026-07-14T21:27:02+05:30,2026-07-17
TXN_3129,M123,ref_txn_3129,UTR985305458961,CARD,RUPAY_DEBIT,BANK_B,CAPTURED,,,317000,0,INR,2026-06-21T11:32:45+05:30,2026-06-21T11:32:54+05:30,2026-06-24
TXN_313,M123,ref_txn_313,UTR683364041961,UPI,UPI_BANK_ACCOUNT,BANK_A,CAPTURED,,,26800,0,INR,2026-06-26T16:41:42+05:30,2026-06-26T16:42:24+05:30,2026-06-30
TXN_3133,M123,ref_txn_3133,,UPI,UPI_BANK_ACCOUNT,BANK_E,CAPTURED,,,90900,0,INR,2026-07-14T15:06:28+05:30,2026-07-14T15:06:51+05:30,2026-07-16
TXN_3134,M123,ref_txn_3134,UTR155938621311,CARD,CREDIT_CARD,BANK_F,CAPTURED,,,183200,3481,INR,2026-06-16T09:40:16+05:30,2026-06-16T09:41:43+05:30,2026-06-18
TXN_3136,M123,ref_txn_3136,,UPI,UPI_BANK_ACCOUNT,BANK_B,CAPTURED,,,69100,0,INR,2026-07-16T17:36:34+05:30,2026-07-16T17:37:06+05:30,2026-07-20
TXN_3138,M123,ref_txn_3138,UTR466633789702,UPI,UPI_BANK_ACCOUNT,BANK_D,CAPTURED,,,14400,0,INR,2026-07-09T14:10:33+05:30,2026-07-09T14:11:16+05:30,2026-07-13
TXN_3143,M123,ref_txn_3143,UTR664681681778,UPI,UPI_BANK_ACCOUNT,BANK_B,CAPTURED,,,63300,0,INR,2026-07-03T13:27:42+05:30,2026-07-03T13:28:39+05:30,2026-07-07
TXN_3144,M123,ref_txn_3144,UTR299736267495,CARD,RUPAY_DEBIT,BANK_B,CAPTURED,,,264600,0,INR,2026-06-09T12:27:32+05:30,2026-06-09T12:28:27+05:30,2026-06-11
TXN_3145,M123,ref_txn_3145,UTR857214286067,UPI,UPI_BANK_ACCOUNT,BANK_B,CAPTURED,,,30400,0,INR,2026-07-05T10:14:04+05:30,2026-07-05T10:15:25+05:30,2026-07-08
TXN_3146,M123,ref_txn_3146,UTR702992006185,UPI,UPI_BANK_ACCOUNT,BANK_A,CAPTURED,,,85000,0,INR,2026-06-21T19:30:29+05:30,2026-06-21T19:31:43+05:30,2026-06-24
TXN_3147,M123,ref_txn_3147,,UPI,UPI_BANK_ACCOUNT,BANK_B,FAILED,BUSINESS_DECLINE,INVALID_BENEFICIARY,189200,0,INR,2026-07-03T14:47:39+05:30,,
TXN_3150,M123,ref_txn_3150,UTR483157383146,NETBANKING,NETBANKING,BANK_D,CAPTURED,,,109700,1200,INR,2026-05-26T11:21:20+05:30,2026-05-26T11:22:32+05:30,2026-05-28
TXN_3151,M123,ref_txn_3151,UTR218639499210,CARD,OTHER_DEBIT,BANK_A,CAPTURED,,,657200,5915,INR,2026-07-19T18:16:30+05:30,2026-07-19T18:17:52+05:30,2026-07-22
TXN_3157,M123,ref_txn_3157,UTR231978620323,UPI,UPI_BANK_ACCOUNT,BANK_D,CAPTURED,,,22900,0,INR,2026-06-11T09:41:12+05:30,2026-06-11T09:41:59+05:30,2026-06-15
TXN_3160,M123,ref_txn_3160,UTR445050386719,WALLET,WALLET,BANK_A,CAPTURED,,,104000,1716,INR,2026-08-14T19:32:08+05:30,2026-08-14T19:33:04+05:30,2026-08-19
TXN_3167,M123,ref_txn_3167,UTR127397346871,UPI,UPI_BANK_ACCOUNT,BANK_D,CAPTURED,,,103500,0,INR,2026-07-06T21:07:58+05:30,2026-07-06T21:09:20+05:30,2026-07-09
TXN_3168,M123,ref_txn_3168,UTR598449524146,UPI,UPI_BANK_ACCOUNT,BANK_A,CAPTURED,,,104400,0,INR,2026-07-26T10:53:50+05:30,2026-07-26T10:54:47+05:30,2026-07-29
TXN_3170,M123,ref_txn_3170,UTR151200363526,UPI,UPI_BANK_ACCOUNT,BANK_B,CAPTURED,,,132400,0,INR,2026-08-23T16:26:17+05:30,2026-08-23T16:27:40+05:30,2026-08-26
TXN_3174,M123,ref_txn_3174,UTR725655452552,CARD,OTHER_DEBIT,BANK_A,CAPTURED,,,277500,2498,INR,2026-06-14T15:36:47+05:30,2026-06-14T15:37:36+05:30,2026-06-17
TXN_3175,M123,ref_txn_3175,UTR238542165730,UPI,UPI_BANK_ACCOUNT,BANK_A,CAPTURED,,,112300,0,INR,2026-06-08T09:18:44+05:30,2026-06-08T09:19:30+05:30,2026-06-10
TXN_3176,M123,ref_txn_3176,,UPI,UPI_BANK_ACCOUNT,BANK_E,CAPTURED,,,154000,0,INR,2026-06-12T15:15:13+05:30,2026-06-12T15:16:38+05:30,2026-06-16
TXN_3177,M123,ref_txn_3177,UTR618814752066,UPI,UPI_BANK_ACCOUNT,BANK_C,CAPTURED,,,27400,0,INR,2026-08-13T17:41:22+05:30,2026-08-13T17:41:47+05:30,2026-08-17
TXN_3178,M123,ref_txn_3178,UTR275702295832,CARD,CREDIT_CARD,BANK_A,CAPTURED,,,563200,10701,INR,2026-06-05T10:51:02+05:30,2026-06-05T10:51:38+05:30,2026-06-09
TXN_3181,M123,ref_txn_3181,UTR652408196002,UPI,UPI_BANK_ACCOUNT,BANK_B,CAPTURED,,,92000,0,INR,2026-06-06T16:46:11+05:30,2026-06-06T16:47:12+05:30,2026-06-10
TXN_3182,M123,ref_txn_3182,,UPI,UPI_BANK_ACCOUNT,BANK_A,CAPTURED,,,11100,0,INR,2026-08-07T14:41:27+05:30,2026-08-07T14:41:57+05:30,2026-08-11
TXN_3184,M123,ref_txn_3184,,UPI,UPI_BANK_ACCOUNT,BANK_D,FAILED,BUSINESS_DECLINE,INVALID_BENEFICIARY,10000,0,INR,2026-05-26T10:03:17+05:30,,
TXN_3186,M123,ref_txn_3186,UTR793754379483,UPI,UPI_BANK_ACCOUNT,BANK_B,CAPTURED,,,29800,0,INR,2026-08-11T17:43:42+05:30,2026-08-11T17:45:09+05:30,2026-08-13
TXN_3189,M123,ref_txn_3189,UTR354373063425,CARD,OTHER_DEBIT,BANK_A,CAPTURED,,,486100,4375,INR,2026-07-24T12:05:39+05:30,2026-07-24T12:06:34+05:30,2026-07-28
TXN_3191,M123,ref_txn_3191,,UPI,UPI_BANK_ACCOUNT,BANK_D,CAPTURED,,,38200,0,INR,2026-06-24T16:47:48+05:30,2026-06-24T16:48:29+05:30,2026-06-26
TXN_3195,M123,ref_txn_3195,UTR927404282083,UPI,UPI_BANK_ACCOUNT,BANK_D,CAPTURED,,,13300,0,INR,2026-08-23T10:09:22+05:30,2026-08-23T10:10:32+05:30,2026-08-26
TXN_3201,M123,ref_txn_3201,UTR470816096138,UPI,UPI_BANK_ACCOUNT,BANK_B,CAPTURED,,,15800,0,INR,2026-06-09T18:17:13+05:30,2026-06-09T18:17:41+05:30,2026-06-12
TXN_3204,M123,ref_txn_3204,UTR909582880734,WALLET,WALLET,BANK_A,CAPTURED,,,36300,599,INR,2026-08-12T10:39:35+05:30,2026-08-12T10:40:54+05:30,2026-08-14
TXN_3205,M123,ref_txn_3205,UTR462400428348,UPI,UPI_BANK_ACCOUNT,BANK_D,CAPTURED,,,144500,0,INR,2026-06-22T16:30:35+05:30,2026-06-22T16:32:04+05:30,2026-06-24
TXN_3206,M123,ref_txn_3206,UTR730931882670,UPI,UPI_BANK_ACCOUNT,BANK_E,CAPTURED,,,13000,0,INR,2026-06-12T12:56:23+05:30,2026-06-12T12:57:37+05:30,2026-06-16
TXN_3214,M123,ref_txn_3214,UTR128277922876,UPI,UPI_BANK_ACCOUNT,BANK_F,CAPTURED,,,120000,0,INR,2026-08-05T13:21:26+05:30,2026-08-05T13:22:51+05:30,2026-08-07
TXN_322,M123,ref_txn_322,UTR493958830699,UPI,UPI_BANK_ACCOUNT,BANK_A,CAPTURED,,,16600,0,INR,2026-07-14T11:20:27+05:30,2026-07-14T11:20:48+05:30,2026-07-16
TXN_3221,M123,ref_txn_3221,UTR774479575608,UPI,UPI_BANK_ACCOUNT,BANK_A,CAPTURED,,,41300,0,INR,2026-06-23T13:05:57+05:30,2026-06-23T13:06:02+05:30,2026-06-25
TXN_3224,M123,ref_txn_3224,UTR603415796367,UPI,UPI_BANK_ACCOUNT,BANK_B,CAPTURED,,,64100,0,INR,2026-08-19T11:40:59+05:30,2026-08-19T11:42:20+05:30,2026-08-21
TXN_3225,M123,ref_txn_3225,UTR524596805953,UPI,UPI_BANK_ACCOUNT,BANK_B,CAPTURED,,,128400,0,INR,2026-06-05T11:09:01+05:30,2026-06-05T11:09:38+05:30,2026-06-09
TXN_3227,M123,ref_txn_3227,UTR592491963032,UPI,UPI_BANK_ACCOUNT,BANK_A,CAPTURED,,,140200,0,INR,2026-08-17T17:29:24+05:30,2026-08-17T17:29:48+05:30,2026-08-19
TXN_323,M123,ref_txn_323,UTR393450475234,NETBANKING,NETBANKING,BANK_A,CAPTURED,,,130500,1200,INR,2026-07-11T11:51:57+05:30,2026-07-11T11:52:28+05:30,2026-07-15
TXN_3231,M123,ref_txn_3231,UTR809677298029,CARD,CREDIT_CARD,BANK_A,CAPTURED,,,268000,5092,INR,2026-08-06T09:41:31+05:30,2026-08-06T09:42:15+05:30,2026-08-10
TXN_3232,M123,ref_txn_3232,UTR637099375400,CARD,CREDIT_CARD,BANK_A,CAPTURED,,,654600,12437,INR,2026-07-23T12:51:53+05:30,2026-07-23T12:52:37+05:30,2026-07-27
TXN_3239,M123,ref_txn_3239,,UPI,UPI_BANK_ACCOUNT,BANK_B,CAPTURED,,,146900,0,INR,2026-06-16T17:41:15+05:30,2026-06-16T17:42:25+05:30,2026-06-18
TXN_324,M123,ref_txn_324,UTR171131704697,UPI,UPI_BANK_ACCOUNT,BANK_B,CAPTURED,,,67300,0,INR,2026-07-19T19:20:03+05:30,2026-07-19T19:20:57+05:30,2026-07-22
TXN_3241,M123,ref_txn_3241,UTR849054242421,CARD,OTHER_DEBIT,BANK_A,CAPTURED,,,501500,4514,INR,2026-07-27T16:46:20+05:30,2026-07-27T16:46:40+05:30,2026-07-29
TXN_3244,M123,ref_txn_3244,,UPI,UPI_BANK_ACCOUNT,BANK_A,CAPTURED,,,96400,0,INR,2026-07-20T19:01:24+05:30,2026-07-20T19:02:07+05:30,2026-07-23
TXN_3245,M123,ref_txn_3245,UTR915599305148,UPI,UPI_BANK_ACCOUNT,BANK_A,CAPTURED,,,45600,0,INR,2026-07-14T17:05:12+05:30,2026-07-14T17:06:21+05:30,2026-07-16
TXN_3246,M123,ref_txn_3246,,NETBANKING,NETBANKING,BANK_A,CAPTURED,,,558800,1200,INR,2026-06-17T18:59:24+05:30,2026-06-17T19:00:41+05:30,2026-06-22
TXN_3247,M123,ref_txn_3247,UTR187639101804,UPI,UPI_BANK_ACCOUNT,BANK_F,CAPTURED,,,39600,0,INR,2026-07-15T10:08:21+05:30,2026-07-15T10:09:04+05:30,2026-07-17
TXN_3248,M123,ref_txn_3248,UTR269202226975,UPI,UPI_BANK_ACCOUNT,BANK_A,CAPTURED,,,41800,0,INR,2026-07-11T17:50:52+05:30,2026-07-11T17:51:54+05:30,2026-07-15
TXN_3253,M123,ref_txn_3253,,UPI,UPI_BANK_ACCOUNT,BANK_C,CAPTURED,,,37900,0,INR,2026-07-28T19:34:30+05:30,2026-07-28T19:34:55+05:30,2026-07-31
TXN_3254,M123,ref_txn_3254,UTR205937603018,UPI,UPI_PPI_WALLET,BANK_A,CAPTURED,,,61500,0,INR,2026-08-11T17:37:16+05:30,2026-08-11T17:38:08+05:30,2026-08-13
TXN_3255,M123,ref_txn_3255,UTR554508707527,WALLET,WALLET,BANK_E,CAPTURED,,,33100,546,INR,2026-06-12T14:43:07+05:30,2026-06-12T14:44:00+05:30,2026-06-16
TXN_3258,M123,ref_txn_3258,UTR496919439619,UPI,UPI_BANK_ACCOUNT,BANK_D,CAPTURED,,,70900,0,INR,2026-08-14T12:22:20+05:30,2026-08-14T12:23:45+05:30,2026-08-18
TXN_3259,M123,ref_txn_3259,UTR100220580048,UPI,UPI_PPI_WALLET,BANK_B,CAPTURED,,,13300,0,INR,2026-06-23T19:50:39+05:30,2026-06-23T19:51:44+05:30,2026-06-26
TXN_3264,M123,ref_txn_3264,UTR851128717860,NETBANKING,NETBANKING,BANK_A,CAPTURED,,,160700,1200,INR,2026-08-15T16:17:11+05:30,2026-08-15T16:18:26+05:30,2026-08-19
TXN_3267,M123,ref_txn_3267,UTR304869318308,UPI,UPI_BANK_ACCOUNT,BANK_A,CAPTURED,,,132100,0,INR,2026-06-23T14:42:15+05:30,2026-06-23T14:42:20+05:30,2026-06-25
TXN_3269,M123,ref_txn_3269,UTR531916026292,UPI,UPI_BANK_ACCOUNT,BANK_B,CAPTURED,,,143600,0,INR,2026-06-06T13:27:21+05:30,2026-06-06T13:28:19+05:30,2026-06-10
TXN_327,M123,ref_txn_327,UTR254459034948,UPI,UPI_BANK_ACCOUNT,BANK_F,CAPTURED,,,66400,0,INR,2026-05-26T09:57:54+05:30,2026-05-26T09:58:58+05:30,2026-05-28
TXN_3270,M123,ref_txn_3270,UTR927092269029,NETBANKING,NETBANKING,BANK_C,CAPTURED,,,390800,1200,INR,2026-07-27T14:00:19+05:30,2026-07-27T14:01:21+05:30,2026-07-29
TXN_3272,M123,ref_txn_3272,,CARD,CREDIT_CARD,BANK_A,CAPTURED,,,607000,11533,INR,2026-06-14T16:54:54+05:30,2026-06-14T16:55:55+05:30,2026-06-17
TXN_3273,M123,ref_txn_3273,UTR660196228353,UPI,UPI_BANK_ACCOUNT,BANK_A,CAPTURED,,,23700,0,INR,2026-07-21T11:08:38+05:30,2026-07-21T11:09:25+05:30,2026-07-23
TXN_3274,M123,ref_txn_3274,UTR154253512460,UPI,UPI_BANK_ACCOUNT,BANK_D,CAPTURED,,,141000,0,INR,2026-06-08T21:02:17+05:30,2026-06-08T21:02:47+05:30,2026-06-11
TXN_3275,M123,ref_txn_3275,UTR445965834251,NETBANKING,NETBANKING,BANK_C,CAPTURED,,,143100,1200,INR,2026-05-28T16:05:04+05:30,2026-05-28T16:05:17+05:30,2026-06-01
TXN_328,M123,ref_txn_328,,UPI,UPI_BANK_ACCOUNT,BANK_A,FAILED,BUSINESS_DECLINE,AUTHENTICATION_FAILURE,49100,0,INR,2026-07-01T13:15:13+05:30,,
TXN_3280,M123,ref_txn_3280,,UPI,UPI_BANK_ACCOUNT,BANK_A,FAILED,TECHNICAL_DECLINE,BANK_TIMEOUT,6300,0,INR,2026-06-11T13:24:19+05:30,,
TXN_3282,M123,ref_txn_3282,UTR570747191311,CARD,RUPAY_DEBIT,BANK_C,CAPTURED,,,446600,0,INR,2026-07-03T15:30:00+05:30,2026-07-03T15:30:48+05:30,2026-07-07
TXN_3288,M123,ref_txn_3288,UTR527124100196,UPI,UPI_PPI_WALLET,BANK_A,CAPTURED,,,22600,0,INR,2026-07-28T11:56:28+05:30,2026-07-28T11:57:34+05:30,2026-07-30
TXN_3289,M123,ref_txn_3289,UTR634646746826,UPI,UPI_BANK_ACCOUNT,BANK_B,CAPTURED,,,126200,0,INR,2026-06-18T11:52:28+05:30,2026-06-18T11:53:04+05:30,2026-06-22
TXN_3292,M123,ref_txn_3292,UTR137378957852,UPI,UPI_BANK_ACCOUNT,BANK_B,CAPTURED,,,114100,0,INR,2026-07-04T16:16:48+05:30,2026-07-04T16:18:09+05:30,2026-07-08
TXN_3293,M123,ref_txn_3293,,UPI,UPI_BANK_ACCOUNT,BANK_C,CAPTURED,,,90600,0,INR,2026-07-24T18:55:27+05:30,2026-07-24T18:55:33+05:30,2026-07-29
TXN_3295,M123,ref_txn_3295,UTR215682952616,NETBANKING,NETBANKING,BANK_B,CAPTURED,,,284500,1200,INR,2026-07-28T21:11:46+05:30,2026-07-28T21:12:34+05:30,2026-07-31
TXN_3297,M123,ref_txn_3297,UTR448809198266,UPI,UPI_BANK_ACCOUNT,BANK_C,CAPTURED,,,55700,0,INR,2026-07-15T11:28:52+05:30,2026-07-15T11:30:09+05:30,2026-07-17
TXN_3298,M123,ref_txn_3298,UTR794563249707,UPI,UPI_BANK_ACCOUNT,BANK_D,CAPTURED,,,32300,0,INR,2026-06-18T16:04:48+05:30,2026-06-18T16:05:05+05:30,2026-06-22
TXN_3304,M123,ref_txn_3304,UTR839399497549,CARD,CREDIT_CARD,BANK_D,CAPTURED,,,571800,10864,INR,2026-07-24T10:25:04+05:30,2026-07-24T10:25:17+05:30,2026-07-28
TXN_3307,M123,ref_txn_3307,,UPI,UPI_BANK_ACCOUNT,BANK_B,CAPTURED,,,56600,0,INR,2026-07-13T19:41:03+05:30,2026-07-13T19:41:44+05:30,2026-07-16
TXN_3315,M123,ref_txn_3315,,UPI,UPI_BANK_ACCOUNT,BANK_D,CAPTURED,,,117800,0,INR,2026-08-01T19:16:57+05:30,2026-08-01T19:17:12+05:30,2026-08-05
TXN_3317,M123,ref_txn_3317,UTR845367953708,UPI,UPI_BANK_ACCOUNT,BANK_B,CAPTURED,,,18900,0,INR,2026-07-26T14:37:25+05:30,2026-07-26T14:37:48+05:30,2026-07-29
TXN_3318,M123,ref_txn_3318,UTR171660510716,UPI,UPI_BANK_ACCOUNT,BANK_B,CAPTURED,,,18400,0,INR,2026-06-13T16:19:06+05:30,2026-06-13T16:20:03+05:30,2026-06-17
TXN_3319,M123,ref_txn_3319,UTR277394731462,UPI,UPI_BANK_ACCOUNT,BANK_B,CAPTURED,,,42100,0,INR,2026-06-07T11:41:14+05:30,2026-06-07T11:42:13+05:30,2026-06-10
TXN_3322,M123,ref_txn_3322,UTR674458789661,UPI,UPI_BANK_ACCOUNT,BANK_A,CAPTURED,,,15600,0,INR,2026-08-05T10:46:56+05:30,2026-08-05T10:48:04+05:30,2026-08-07
TXN_3323,M123,ref_txn_3323,UTR983859901801,UPI,UPI_BANK_ACCOUNT,BANK_B,CAPTURED,,,12000,0,INR,2026-08-07T12:07:21+05:30,2026-08-07T12:08:01+05:30,2026-08-11
TXN_3324,M123,ref_txn_3324,UTR757752983417,NETBANKING,NETBANKING,BANK_D,CAPTURED,,,132000,1200,INR,2026-06-17T13:32:10+05:30,2026-06-17T13:32:58+05:30,2026-06-19
TXN_3330,M123,ref_txn_3330,,UPI,UPI_BANK_ACCOUNT,BANK_A,FAILED,BUSINESS_DECLINE,AUTHENTICATION_FAILURE,10100,0,INR,2026-08-01T19:36:42+05:30,,
TXN_3332,M123,ref_txn_3332,UTR423882660312,NETBANKING,NETBANKING,BANK_A,CAPTURED,,,203500,1200,INR,2026-07-19T09:30:54+05:30,2026-07-19T09:32:16+05:30,2026-07-22
TXN_3333,M123,ref_txn_3333,UTR616179582826,UPI,UPI_BANK_ACCOUNT,BANK_B,CAPTURED,,,104400,0,INR,2026-07-13T21:25:47+05:30,2026-07-13T21:26:09+05:30,2026-07-16
TXN_3334,M123,ref_txn_3334,UTR695649146467,UPI,UPI_BANK_ACCOUNT,BANK_C,CAPTURED,,,29600,0,INR,2026-08-05T17:30:24+05:30,2026-08-05T17:31:42+05:30,2026-08-07
TXN_3335,M123,ref_txn_3335,UTR877251778208,UPI,UPI_BANK_ACCOUNT,BANK_C,CAPTURED,,,29300,0,INR,2026-08-16T15:44:19+05:30,2026-08-16T15:45:29+05:30,2026-08-19
TXN_3336,M123,ref_txn_3336,UTR760575627385,UPI,UPI_BANK_ACCOUNT,BANK_E,CAPTURED,,,45800,0,INR,2026-08-09T09:21:49+05:30,2026-08-09T09:21:59+05:30,2026-08-12
TXN_3338,M123,ref_txn_3338,UTR575396013198,CARD,CREDIT_CARD,BANK_F,CAPTURED,,,280600,5331,INR,2026-06-27T17:48:32+05:30,2026-06-27T17:48:56+05:30,2026-07-01
TXN_3339,M123,ref_txn_3339,UTR292867062548,NETBANKING,NETBANKING,BANK_D,CAPTURED,,,449100,1200,INR,2026-06-15T09:27:26+05:30,2026-06-15T09:27:50+05:30,2026-06-17
TXN_3341,M123,ref_txn_3341,UTR419283662771,UPI,UPI_BANK_ACCOUNT,BANK_C,CAPTURED,,,23200,0,INR,2026-07-14T19:20:37+05:30,2026-07-14T19:21:28+05:30,2026-07-17
TXN_3343,M123,ref_txn_3343,UTR362885999693,CARD,OTHER_DEBIT,BANK_A,CAPTURED,,,70900,638,INR,2026-06-28T17:29:06+05:30,2026-06-28T17:30:03+05:30,2026-07-01
TXN_3344,M123,ref_txn_3344,UTR637353703562,NETBANKING,NETBANKING,BANK_A,CAPTURED,,,165400,1200,INR,2026-07-12T17:24:17+05:30,2026-07-12T17:24:43+05:30,2026-07-15
TXN_3345,M123,ref_txn_3345,UTR394916628717,UPI,UPI_BANK_ACCOUNT,BANK_D,CAPTURED,,,98800,0,INR,2026-06-09T15:14:19+05:30,2026-06-09T15:14:37+05:30,2026-06-11
TXN_3346,M123,ref_txn_3346,UTR631051806871,CARD,CREDIT_CARD,BANK_E,CAPTURED,,,584800,11111,INR,2026-05-26T12:58:32+05:30,2026-05-26T12:59:25+05:30,2026-05-28
TXN_3348,M123,ref_txn_3348,UTR395395904643,CARD,CREDIT_CARD,BANK_C,CAPTURED,,,255300,4851,INR,2026-07-26T19:06:20+05:30,2026-07-26T19:07:16+05:30,2026-07-29
TXN_3352,M123,ref_txn_3352,,UPI,UPI_BANK_ACCOUNT,BANK_C,CAPTURED,,,147200,0,INR,2026-05-27T17:58:21+05:30,2026-05-27T17:58:56+05:30,2026-05-29
TXN_3354,M123,ref_txn_3354,UTR871243047772,UPI,UPI_BANK_ACCOUNT,BANK_C,CAPTURED,,,31700,0,INR,2026-06-25T10:20:52+05:30,2026-06-25T10:21:10+05:30,2026-06-29
TXN_3355,M123,ref_txn_3355,UTR378534010005,UPI,UPI_BANK_ACCOUNT,BANK_C,CAPTURED,,,108100,0,INR,2026-06-14T16:25:41+05:30,2026-06-14T16:26:10+05:30,2026-06-17
TXN_3358,M123,ref_txn_3358,UTR333340717251,UPI,UPI_BANK_ACCOUNT,BANK_B,CAPTURED,,,20100,0,INR,2026-07-19T13:42:56+05:30,2026-07-19T13:44:00+05:30,2026-07-22
TXN_3359,M123,ref_txn_3359,UTR131515102028,CARD,CREDIT_CARD,BANK_D,CAPTURED,,,243600,4628,INR,2026-06-28T15:10:34+05:30,2026-06-28T15:10:43+05:30,2026-07-01
TXN_3361,M123,ref_txn_3361,UTR935287066915,UPI,UPI_BANK_ACCOUNT,BANK_E,CAPTURED,,,144600,0,INR,2026-07-11T18:03:55+05:30,2026-07-11T18:05:12+05:30,2026-07-15
TXN_3362,M123,ref_txn_3362,UTR665920523102,UPI,UPI_BANK_ACCOUNT,BANK_A,CAPTURED,,,16400,0,INR,2026-06-22T15:48:22+05:30,2026-06-22T15:48:31+05:30,2026-06-24
TXN_3363,M123,ref_txn_3363,UTR555149920132,UPI,UPI_BANK_ACCOUNT,BANK_D,CAPTURED,,,10000,0,INR,2026-07-12T15:26:08+05:30,2026-07-12T15:27:30+05:30,2026-07-15
TXN_3364,M123,ref_txn_3364,UTR496637427484,CARD,CREDIT_CARD,BANK_B,CAPTURED,,,132300,2514,INR,2026-07-13T15:08:36+05:30,2026-07-13T15:08:58+05:30,2026-07-15
TXN_3366,M123,ref_txn_3366,,UPI,UPI_BANK_ACCOUNT,BANK_B,CAPTURED,,,25400,0,INR,2026-05-27T13:56:26+05:30,2026-05-27T13:56:48+05:30,2026-05-29
TXN_3368,M123,ref_txn_3368,UTR228655965344,UPI,UPI_BANK_ACCOUNT,BANK_D,CAPTURED,,,78200,0,INR,2026-07-03T21:28:04+05:30,2026-07-03T21:29:10+05:30,2026-07-08
TXN_3372,M123,ref_txn_3372,UTR405235430898,WALLET,WALLET,BANK_A,CAPTURED,,,40300,665,INR,2026-07-14T11:58:00+05:30,2026-07-14T11:59:18+05:30,2026-07-16
TXN_3373,M123,ref_txn_3373,UTR851534144332,UPI,UPI_BANK_ACCOUNT,BANK_A,CAPTURED,,,80200,0,INR,2026-06-11T14:08:29+05:30,2026-06-11T14:09:49+05:30,2026-06-15
TXN_3374,M123,ref_txn_3374,UTR965863585178,UPI,UPI_BANK_ACCOUNT,BANK_B,CAPTURED,,,15100,0,INR,2026-08-21T10:38:19+05:30,2026-08-21T10:39:48+05:30,2026-08-25
TXN_3375,M123,ref_txn_3375,UTR157441045710,UPI,UPI_RUPAY_CREDIT,BANK_A,CAPTURED,,,18700,0,INR,2026-06-22T17:58:17+05:30,2026-06-22T17:59:06+05:30,2026-06-24
TXN_3376,M123,ref_txn_3376,UTR777123520968,UPI,UPI_BANK_ACCOUNT,BANK_D,CAPTURED,,,13700,0,INR,2026-06-02T21:34:10+05:30,2026-06-02T21:34:17+05:30,2026-06-05
TXN_3378,M123,ref_txn_3378,UTR998317657789,UPI,UPI_BANK_ACCOUNT,BANK_D,CAPTURED,,,95500,0,INR,2026-07-01T16:46:21+05:30,2026-07-01T16:47:27+05:30,2026-07-03
TXN_3379,M123,ref_txn_3379,UTR182002853416,NETBANKING,NETBANKING,BANK_A,CAPTURED,,,316500,1200,INR,2026-07-18T12:15:49+05:30,2026-07-18T12:16:57+05:30,2026-07-22
TXN_3381,M123,ref_txn_3381,UTR783414135483,UPI,UPI_BANK_ACCOUNT,BANK_A,CAPTURED,,,90800,0,INR,2026-06-25T16:46:39+05:30,2026-06-25T16:46:48+05:30,2026-06-29
TXN_3383,M123,ref_txn_3383,UTR307136563031,UPI,UPI_BANK_ACCOUNT,BANK_C,CAPTURED,,,40200,0,INR,2026-06-15T21:53:28+05:30,2026-06-15T21:54:35+05:30,2026-06-18
TXN_3385,M123,ref_txn_3385,UTR944224837430,UPI,UPI_BANK_ACCOUNT,BANK_E,CAPTURED,,,17500,0,INR,2026-06-25T21:06:19+05:30,2026-06-25T21:06:38+05:30,2026-06-30
TXN_3388,M123,ref_txn_3388,UTR971441485256,CARD,CREDIT_CARD,BANK_A,CAPTURED,,,420800,7995,INR,2026-08-01T15:18:52+05:30,2026-08-01T15:19:36+05:30,2026-08-05
TXN_339,M123,ref_txn_339,UTR470530651488,UPI,UPI_BANK_ACCOUNT,BANK_F,CAPTURED,,,13600,0,INR,2026-06-15T09:25:00+05:30,2026-06-15T09:25:30+05:30,2026-06-17
TXN_3392,M123,ref_txn_3392,UTR506674938298,UPI,UPI_BANK_ACCOUNT,BANK_B,CAPTURED,,,76000,0,INR,2026-06-03T15:22:26+05:30,2026-06-03T15:23:03+05:30,2026-06-05
TXN_3396,M123,ref_txn_3396,,CARD,CREDIT_CARD,BANK_D,CAPTURED,,,188700,3585,INR,2026-06-10T12:28:04+05:30,2026-06-10T12:28:50+05:30,2026-06-12
TXN_3398,M123,ref_txn_3398,UTR130165366716,UPI,UPI_BANK_ACCOUNT,BANK_D,CAPTURED,,,107200,0,INR,2026-08-15T13:47:26+05:30,2026-08-15T13:48:40+05:30,2026-08-19
TXN_3399,M123,ref_txn_3399,UTR259539243228,WALLET,WALLET,BANK_A,CAPTURED,,,96000,1584,INR,2026-08-21T16:55:29+05:30,2026-08-21T16:56:34+05:30,2026-08-25
TXN_3403,M123,ref_txn_3403,UTR331469113742,UPI,UPI_BANK_ACCOUNT,BANK_F,CAPTURED,,,16100,0,INR,2026-06-27T12:41:21+05:30,2026-06-27T12:41:37+05:30,2026-07-01
TXN_3408,M123,ref_txn_3408,UTR516080926866,NETBANKING,NETBANKING,BANK_A,CAPTURED,,,829800,1200,INR,2026-08-09T14:21:53+05:30,2026-08-09T14:23:11+05:30,2026-08-12
TXN_341,M123,ref_txn_341,UTR562632063224,UPI,UPI_BANK_ACCOUNT,BANK_F,CAPTURED,,,45900,0,INR,2026-07-12T11:22:53+05:30,2026-07-12T11:24:05+05:30,2026-07-15
TXN_3412,M123,ref_txn_3412,UTR333749634835,UPI,UPI_BANK_ACCOUNT,BANK_E,CAPTURED,,,70900,0,INR,2026-06-01T19:40:59+05:30,2026-06-01T19:42:22+05:30,2026-06-04
TXN_3416,M123,ref_txn_3416,UTR813187956988,UPI,UPI_PPI_WALLET,BANK_B,CAPTURED,,,7700,0,INR,2026-06-14T15:20:22+05:30,2026-06-14T15:20:57+05:30,2026-06-17
TXN_3418,M123,ref_txn_3418,UTR962356851286,UPI,UPI_BANK_ACCOUNT,BANK_C,CAPTURED,,,13300,0,INR,2026-06-21T16:03:09+05:30,2026-06-21T16:03:36+05:30,2026-06-24
TXN_342,M123,ref_txn_342,UTR124668073195,UPI,UPI_BANK_ACCOUNT,BANK_E,CAPTURED,,,41600,0,INR,2026-05-31T19:19:44+05:30,2026-05-31T19:20:27+05:30,2026-06-03
TXN_3425,M123,ref_txn_3425,UTR714698674480,WALLET,WALLET,BANK_A,CAPTURED,,,53800,888,INR,2026-08-13T14:07:06+05:30,2026-08-13T14:07:39+05:30,2026-08-17
TXN_3426,M123,ref_txn_3426,UTR437162974808,UPI,UPI_BANK_ACCOUNT,BANK_C,CAPTURED,,,56600,0,INR,2026-07-13T21:16:24+05:30,2026-07-13T21:16:58+05:30,2026-07-16
TXN_343,M123,ref_txn_343,UTR992458245907,UPI,UPI_BANK_ACCOUNT,BANK_B,CAPTURED,,,10700,0,INR,2026-07-20T12:20:51+05:30,2026-07-20T12:21:44+05:30,2026-07-22
TXN_3430,M123,ref_txn_3430,UTR139915069480,CARD,CREDIT_CARD,BANK_E,CAPTURED,,,186900,3551,INR,2026-06-25T12:34:34+05:30,2026-06-25T12:34:52+05:30,2026-06-29
TXN_3433,M123,ref_txn_3433,UTR721460907281,CARD,OTHER_DEBIT,BANK_A,CAPTURED,,,56100,505,INR,2026-07-26T13:25:33+05:30,2026-07-26T13:26:56+05:30,2026-07-29
TXN_3434,M123,ref_txn_3434,UTR816122741756,CARD,CREDIT_CARD,BANK_C,CAPTURED,,,654600,12437,INR,2026-07-05T11:51:41+05:30,2026-07-05T11:51:47+05:30,2026-07-08
TXN_3436,M123,ref_txn_3436,UTR772794200239,UPI,UPI_BANK_ACCOUNT,BANK_A,CAPTURED,,,76600,0,INR,2026-08-09T09:00:34+05:30,2026-08-09T09:01:59+05:30,2026-08-12
TXN_3444,M123,ref_txn_3444,UTR430446809430,UPI,UPI_BANK_ACCOUNT,BANK_B,CAPTURED,,,72900,0,INR,2026-06-09T15:20:03+05:30,2026-06-09T15:20:08+05:30,2026-06-11
TXN_3447,M123,ref_txn_3447,UTR815667257444,CARD,OTHER_DEBIT,BANK_B,CAPTURED,,,70900,638,INR,2026-06-05T13:24:44+05:30,2026-06-05T13:25:45+05:30,2026-06-09
TXN_3448,M123,ref_txn_3448,UTR415580359993,UPI,UPI_BANK_ACCOUNT,BANK_A,CAPTURED,,,19000,0,INR,2026-06-28T16:41:29+05:30,2026-06-28T16:42:36+05:30,2026-07-01
TXN_3449,M123,ref_txn_3449,UTR395028535368,UPI,UPI_BANK_ACCOUNT,BANK_C,CAPTURED,,,64500,0,INR,2026-07-21T14:05:06+05:30,2026-07-21T14:06:14+05:30,2026-07-23
TXN_345,M123,ref_txn_345,UTR130506051547,CARD,RUPAY_DEBIT,BANK_B,CAPTURED,,,376800,0,INR,2026-07-20T10:52:50+05:30,2026-07-20T10:53:23+05:30,2026-07-22
TXN_3453,M123,ref_txn_3453,UTR874346075228,UPI,UPI_BANK_ACCOUNT,BANK_C,CAPTURED,,,50700,0,INR,2026-07-04T17:52:20+05:30,2026-07-04T17:53:13+05:30,2026-07-08
TXN_3455,M123,ref_txn_3455,,NETBANKING,NETBANKING,BANK_A,FAILED,BUSINESS_DECLINE,LIMIT_EXCEEDED,420000,0,INR,2026-08-01T13:28:34+05:30,,
TXN_3460,M123,ref_txn_3460,UTR453863647393,UPI,UPI_BANK_ACCOUNT,BANK_A,CAPTURED,,,28200,0,INR,2026-08-06T09:19:06+05:30,2026-08-06T09:20:24+05:30,2026-08-10
TXN_3462,M123,ref_txn_3462,UTR730358810706,UPI,UPI_BANK_ACCOUNT,BANK_C,CAPTURED,,,155300,0,INR,2026-08-10T11:36:32+05:30,2026-08-10T11:37:00+05:30,2026-08-12
TXN_3463,M123,ref_txn_3463,UTR624105722684,UPI,UPI_BANK_ACCOUNT,BANK_E,CAPTURED,,,19300,0,INR,2026-08-20T10:39:40+05:30,2026-08-20T10:40:40+05:30,2026-08-24
TXN_3465,M123,ref_txn_3465,UTR357013814485,UPI,UPI_BANK_ACCOUNT,BANK_D,CAPTURED,,,85500,0,INR,2026-05-30T17:11:14+05:30,2026-05-30T17:11:56+05:30,2026-06-03
TXN_3466,M123,ref_txn_3466,UTR405007890296,CARD,CREDIT_CARD,BANK_C,CAPTURED,,,293600,5578,INR,2026-05-28T15:47:19+05:30,2026-05-28T15:47:59+05:30,2026-06-01
TXN_3467,M123,ref_txn_3467,UTR404789066223,UPI,UPI_BANK_ACCOUNT,BANK_D,CAPTURED,,,114200,0,INR,2026-06-08T19:23:29+05:30,2026-06-08T19:24:56+05:30,2026-06-11
TXN_3469,M123,ref_txn_3469,UTR451005816415,UPI,UPI_BANK_ACCOUNT,BANK_C,CAPTURED,,,79100,0,INR,2026-06-12T19:12:39+05:30,2026-06-12T19:12:49+05:30,2026-06-17
TXN_347,M123,ref_txn_347,UTR127551942151,CARD,RUPAY_DEBIT,BANK_A,CAPTURED,,,259100,0,INR,2026-08-18T09:20:15+05:30,2026-08-18T09:21:27+05:30,2026-08-20
TXN_3472,M123,ref_txn_3472,UTR690342308539,UPI,UPI_BANK_ACCOUNT,BANK_A,CAPTURED,,,152100,0,INR,2026-07-29T16:31:25+05:30,2026-07-29T16:32:26+05:30,2026-07-31
TXN_3473,M123,ref_txn_3473,UTR169644937300,UPI,UPI_BANK_ACCOUNT,BANK_A,CAPTURED,,,73900,0,INR,2026-06-17T10:45:49+05:30,2026-06-17T10:46:44+05:30,2026-06-19
TXN_3477,M123,ref_txn_3477,UTR279917239723,UPI,UPI_BANK_ACCOUNT,BANK_B,CAPTURED,,,11100,0,INR,2026-08-08T21:47:14+05:30,2026-08-08T21:48:15+05:30,2026-08-12
TXN_3478,M123,ref_txn_3478,UTR547262841517,UPI,UPI_BANK_ACCOUNT,BANK_A,CAPTURED,,,120700,0,INR,2026-07-25T16:47:47+05:30,2026-07-25T16:47:57+05:30,2026-07-29
TXN_3482,M123,ref_txn_3482,,UPI,UPI_BANK_ACCOUNT,BANK_E,CAPTURED,,,112600,0,INR,2026-06-18T10:52:05+05:30,2026-06-18T10:52:12+05:30,2026-06-22
TXN_3483,M123,ref_txn_3483,UTR221272873331,UPI,UPI_BANK_ACCOUNT,BANK_D,CAPTURED,,,28400,0,INR,2026-08-07T21:45:35+05:30,2026-08-07T21:46:53+05:30,2026-08-12
TXN_3484,M123,ref_txn_3484,UTR899415786494,UPI,UPI_BANK_ACCOUNT,BANK_B,CAPTURED,,,149500,0,INR,2026-07-06T11:35:58+05:30,2026-07-06T11:37:22+05:30,2026-07-08
TXN_3485,M123,ref_txn_3485,UTR221111483355,UPI,UPI_BANK_ACCOUNT,BANK_C,CAPTURED,,,30400,0,INR,2026-07-08T13:59:53+05:30,2026-07-08T14:00:22+05:30,2026-07-10
TXN_3488,M123,ref_txn_3488,UTR261327037177,UPI,UPI_BANK_ACCOUNT,BANK_A,CAPTURED,,,44300,0,INR,2026-06-16T13:52:00+05:30,2026-06-16T13:52:39+05:30,2026-06-18
TXN_3489,M123,ref_txn_3489,UTR210241225664,UPI,UPI_BANK_ACCOUNT,BANK_D,CAPTURED,,,25400,0,INR,2026-05-26T15:28:58+05:30,2026-05-26T15:30:18+05:30,2026-05-28
TXN_349,M123,ref_txn_349,UTR745889158952,UPI,UPI_BANK_ACCOUNT,BANK_B,CAPTURED,,,14300,0,INR,2026-07-02T18:18:48+05:30,2026-07-02T18:19:32+05:30,2026-07-07
TXN_3493,M123,ref_txn_3493,UTR349586590992,NETBANKING,NETBANKING,BANK_C,CAPTURED,,,663400,1200,INR,2026-06-12T09:30:21+05:30,2026-06-12T09:30:30+05:30,2026-06-16
TXN_3494,M123,ref_txn_3494,UTR337922933297,UPI,UPI_BANK_ACCOUNT,BANK_F,CAPTURED,,,53300,0,INR,2026-06-04T16:53:35+05:30,2026-06-04T16:54:07+05:30,2026-06-08
TXN_3498,M123,ref_txn_3498,UTR429627027773,CARD,RUPAY_DEBIT,BANK_A,CAPTURED,,,160300,0,INR,2026-06-17T11:48:04+05:30,2026-06-17T11:48:36+05:30,2026-06-19
TXN_35,M123,ref_txn_35,UTR513586170210,UPI,UPI_BANK_ACCOUNT,BANK_F,CAPTURED,,,151800,0,INR,2026-06-27T20:59:59+05:30,2026-06-27T21:01:12+05:30,2026-07-01
TXN_3500,M123,ref_txn_3500,,CARD,RUPAY_DEBIT,BANK_A,CAPTURED,,,397400,0,INR,2026-07-06T16:42:55+05:30,2026-07-06T16:44:11+05:30,2026-07-08
TXN_3501,M123,ref_txn_3501,UTR673763734398,UPI,UPI_BANK_ACCOUNT,BANK_D,CAPTURED,,,19800,0,INR,2026-06-22T17:43:13+05:30,2026-06-22T17:43:53+05:30,2026-06-24
TXN_3504,M123,ref_txn_3504,UTR606368334557,UPI,UPI_BANK_ACCOUNT,BANK_E,CAPTURED,,,23600,0,INR,2026-08-14T19:26:15+05:30,2026-08-14T19:27:26+05:30,2026-08-19
TXN_3509,M123,ref_txn_3509,UTR142575661705,UPI,UPI_BANK_ACCOUNT,BANK_B,CAPTURED,,,88900,0,INR,2026-07-28T16:28:23+05:30,2026-07-28T16:29:51+05:30,2026-07-30
TXN_3512,M123,ref_txn_3512,UTR505030955723,UPI,UPI_BANK_ACCOUNT,BANK_C,CAPTURED,,,137700,0,INR,2026-06-06T12:14:36+05:30,2026-06-06T12:14:59+05:30,2026-06-10
TXN_3513,M123,ref_txn_3513,UTR363736186010,UPI,UPI_BANK_ACCOUNT,BANK_A,CAPTURED,,,22200,0,INR,2026-08-07T12:43:19+05:30,2026-08-07T12:43:38+05:30,2026-08-11
TXN_3515,M123,ref_txn_3515,UTR192109792426,UPI,UPI_BANK_ACCOUNT,BANK_E,CAPTURED,,,73400,0,INR,2026-08-18T11:18:10+05:30,2026-08-18T11:19:36+05:30,2026-08-20
TXN_3517,M123,ref_txn_3517,UTR260044955687,CARD,CREDIT_CARD,BANK_A,CAPTURED,,,94300,1792,INR,2026-06-10T18:38:10+05:30,2026-06-10T18:38:58+05:30,2026-06-15
TXN_3523,M123,ref_txn_3523,,UPI,UPI_BANK_ACCOUNT,BANK_A,FAILED,BUSINESS_DECLINE,AUTHENTICATION_FAILURE,94500,0,INR,2026-07-03T18:48:52+05:30,,
TXN_3531,M123,ref_txn_3531,,CARD,OTHER_DEBIT,BANK_C,CAPTURED,,,147500,1328,INR,2026-07-02T18:22:16+05:30,2026-07-02T18:23:44+05:30,2026-07-07
TXN_3536,M123,ref_txn_3536,UTR455782108005,UPI,UPI_BANK_ACCOUNT,BANK_D,CAPTURED,,,45800,0,INR,2026-08-10T13:37:35+05:30,2026-08-10T13:37:59+05:30,2026-08-12
TXN_3538,M123,ref_txn_3538,,UPI,UPI_BANK_ACCOUNT,BANK_B,FAILED,TECHNICAL_DECLINE,BANK_UNAVAILABLE,45100,0,INR,2026-07-01T11:08:05+05:30,,
TXN_354,M123,ref_txn_354,UTR412466083881,UPI,UPI_BANK_ACCOUNT,BANK_A,CAPTURED,,,73300,0,INR,2026-07-14T10:18:05+05:30,2026-07-14T10:19:00+05:30,2026-07-16
TXN_3540,M123,ref_txn_3540,UTR741082682951,UPI,UPI_BANK_ACCOUNT,BANK_B,CAPTURED,,,85000,0,INR,2026-08-16T16:34:25+05:30,2026-08-16T16:35:33+05:30,2026-08-19
TXN_3541,M123,ref_txn_3541,UTR956135538481,WALLET,WALLET,BANK_A,CAPTURED,,,9000,149,INR,2026-07-24T19:00:39+05:30,2026-07-24T19:01:37+05:30,2026-07-29
TXN_3542,M123,ref_txn_3542,UTR232704191409,WALLET,WALLET,BANK_A,CAPTURED,,,15600,257,INR,2026-07-05T19:47:45+05:30,2026-07-05T19:48:13+05:30,2026-07-08
TXN_3544,M123,ref_txn_3544,UTR224682642709,UPI,UPI_BANK_ACCOUNT,BANK_A,CAPTURED,,,37200,0,INR,2026-07-19T17:32:54+05:30,2026-07-19T17:33:22+05:30,2026-07-22
TXN_355,M123,ref_txn_355,UTR486505456888,UPI,UPI_BANK_ACCOUNT,BANK_E,CAPTURED,,,81700,0,INR,2026-07-04T13:26:48+05:30,2026-07-04T13:27:43+05:30,2026-07-08
TXN_3550,M123,ref_txn_3550,UTR417951159508,UPI,UPI_BANK_ACCOUNT,BANK_C,CAPTURED,,,137500,0,INR,2026-08-09T11:26:12+05:30,2026-08-09T11:26:50+05:30,2026-08-12
TXN_3552,M123,ref_txn_3552,UTR834118329127,CARD,CREDIT_CARD,BANK_D,CAPTURED,,,523100,9939,INR,2026-06-10T21:35:31+05:30,2026-06-10T21:36:24+05:30,2026-06-15
TXN_3553,M123,ref_txn_3553,,CARD,CREDIT_CARD,BANK_A,FAILED,TECHNICAL_DECLINE,NETWORK_ERROR,81900,0,INR,2026-07-01T19:38:31+05:30,,
TXN_3557,M123,ref_txn_3557,UTR444909700355,UPI,UPI_BANK_ACCOUNT,BANK_F,CAPTURED,,,10000,0,INR,2026-08-08T09:23:54+05:30,2026-08-08T09:25:12+05:30,2026-08-12
TXN_3558,M123,ref_txn_3558,UTR707788001544,UPI,UPI_BANK_ACCOUNT,BANK_C,CAPTURED,,,114100,0,INR,2026-08-15T16:17:29+05:30,2026-08-15T16:18:13+05:30,2026-08-19
TXN_3559,M123,ref_txn_3559,UTR944287371277,CARD,OTHER_DEBIT,BANK_A,CAPTURED,,,81100,730,INR,2026-07-04T15:04:29+05:30,2026-07-04T15:05:50+05:30,2026-07-08
TXN_3563,M123,ref_txn_3563,UTR379801399401,UPI,UPI_BANK_ACCOUNT,BANK_B,CAPTURED,,,35100,0,INR,2026-06-20T16:28:12+05:30,2026-06-20T16:29:34+05:30,2026-06-24
TXN_3564,M123,ref_txn_3564,UTR595663521971,UPI,UPI_BANK_ACCOUNT,BANK_C,CAPTURED,,,47100,0,INR,2026-06-08T11:40:23+05:30,2026-06-08T11:40:55+05:30,2026-06-10
TXN_3566,M123,ref_txn_3566,UTR602244105095,UPI,UPI_BANK_ACCOUNT,BANK_F,CAPTURED,,,24300,0,INR,2026-06-11T16:08:10+05:30,2026-06-11T16:09:39+05:30,2026-06-15
TXN_3568,M123,ref_txn_3568,UTR763827114248,UPI,UPI_BANK_ACCOUNT,BANK_D,CAPTURED,,,86700,0,INR,2026-07-13T16:03:00+05:30,2026-07-13T16:03:14+05:30,2026-07-15
TXN_3569,M123,ref_txn_3569,,CARD,CREDIT_CARD,BANK_A,FAILED,TECHNICAL_DECLINE,PSP_ERROR,515000,0,INR,2026-07-26T14:58:56+05:30,,
TXN_3572,M123,ref_txn_3572,UTR207416545117,WALLET,WALLET,BANK_A,CAPTURED,,,99000,1634,INR,2026-07-06T21:50:21+05:30,2026-07-06T21:51:14+05:30,2026-07-09
TXN_3576,M123,ref_txn_3576,UTR647938369690,UPI,UPI_BANK_ACCOUNT,BANK_F,CAPTURED,,,24200,0,INR,2026-08-06T18:33:23+05:30,2026-08-06T18:33:55+05:30,2026-08-11
TXN_358,M123,ref_txn_358,,UPI,UPI_BANK_ACCOUNT,BANK_C,FAILED,BUSINESS_DECLINE,LIMIT_EXCEEDED,81100,0,INR,2026-07-01T15:28:27+05:30,,
TXN_3587,M123,ref_txn_3587,UTR567929800706,UPI,UPI_BANK_ACCOUNT,BANK_C,CAPTURED,,,48400,0,INR,2026-07-07T18:17:25+05:30,2026-07-07T18:18:35+05:30,2026-07-10
TXN_3593,M123,ref_txn_3593,UTR668005195780,UPI,UPI_BANK_ACCOUNT,BANK_D,CAPTURED,,,114200,0,INR,2026-06-28T11:35:01+05:30,2026-06-28T11:35:30+05:30,2026-07-01
TXN_3595,M123,ref_txn_3595,,UPI,UPI_BANK_ACCOUNT,BANK_A,CAPTURED,,,8700,0,INR,2026-07-08T16:53:41+05:30,2026-07-08T16:54:31+05:30,2026-07-10
TXN_3596,M123,ref_txn_3596,UTR765585256466,UPI,UPI_BANK_ACCOUNT,BANK_E,CAPTURED,,,52000,0,INR,2026-06-28T09:50:32+05:30,2026-06-28T09:50:40+05:30,2026-07-01
TXN_36,M123,ref_txn_36,UTR334643542139,CARD,CREDIT_CARD,BANK_B,CAPTURED,,,587100,11155,INR,2026-08-19T16:15:34+05:30,2026-08-19T16:16:53+05:30,2026-08-21
TXN_360,M123,ref_txn_360,UTR671400763170,UPI,UPI_BANK_ACCOUNT,BANK_A,CAPTURED,,,68500,0,INR,2026-07-01T13:40:52+05:30,2026-07-01T13:41:50+05:30,2026-07-03
TXN_3603,M123,ref_txn_3603,UTR373499493785,CARD,CREDIT_CARD,BANK_B,CAPTURED,,,65800,1250,INR,2026-07-08T14:09:09+05:30,2026-07-08T14:10:23+05:30,2026-07-10
TXN_3605,M123,ref_txn_3605,UTR545484961909,UPI,UPI_BANK_ACCOUNT,BANK_A,CAPTURED,,,37400,0,INR,2026-07-05T16:26:33+05:30,2026-07-05T16:27:09+05:30,2026-07-08
TXN_3609,M123,ref_txn_3609,UTR145566139590,UPI,UPI_RUPAY_CREDIT,BANK_F,CAPTURED,,,146200,0,INR,2026-07-07T21:55:11+05:30,2026-07-07T21:56:33+05:30,2026-07-10
TXN_3613,M123,ref_txn_3613,UTR122316596654,CARD,CREDIT_CARD,BANK_A,CAPTURED,,,345300,6561,INR,2026-08-23T21:34:48+05:30,2026-08-23T21:35:15+05:30,2026-08-26
TXN_3615,M123,ref_txn_3615,,UPI,UPI_BANK_ACCOUNT,BANK_B,CAPTURED,,,141800,0,INR,2026-07-17T16:40:07+05:30,2026-07-17T16:41:25+05:30,2026-07-21
TXN_3616,M123,ref_txn_3616,,UPI,UPI_BANK_ACCOUNT,BANK_D,CAPTURED,,,58500,0,INR,2026-06-17T11:10:13+05:30,2026-06-17T11:11:07+05:30,2026-06-19
TXN_3617,M123,ref_txn_3617,UTR894610375744,UPI,UPI_BANK_ACCOUNT,BANK_A,CAPTURED,,,30200,0,INR,2026-06-14T19:05:49+05:30,2026-06-14T19:05:55+05:30,2026-06-17
TXN_362,M123,ref_txn_362,UTR819560193183,UPI,UPI_BANK_ACCOUNT,BANK_A,CAPTURED,,,70300,0,INR,2026-06-18T12:44:25+05:30,2026-06-18T12:44:36+05:30,2026-06-22
TXN_3620,M123,ref_txn_3620,UTR883998957004,UPI,UPI_BANK_ACCOUNT,BANK_F,CAPTURED,,,26300,0,INR,2026-07-05T10:32:25+05:30,2026-07-05T10:33:53+05:30,2026-07-08
TXN_3624,M123,ref_txn_3624,UTR158599989013,UPI,UPI_BANK_ACCOUNT,BANK_C,CAPTURED,,,72000,0,INR,2026-07-09T15:02:49+05:30,2026-07-09T15:03:32+05:30,2026-07-13
TXN_3625,M123,ref_txn_3625,UTR935513045859,UPI,UPI_BANK_ACCOUNT,BANK_A,CAPTURED,,,125500,0,INR,2026-07-28T17:57:32+05:30,2026-07-28T17:58:20+05:30,2026-07-30
TXN_3630,M123,ref_txn_3630,UTR456934231775,NETBANKING,NETBANKING,BANK_A,CAPTURED,,,481600,1200,INR,2026-08-16T14:32:36+05:30,2026-08-16T14:33:47+05:30,2026-08-19
TXN_3633,M123,ref_txn_3633,UTR933505231225,UPI,UPI_BANK_ACCOUNT,BANK_A,CAPTURED,,,80400,0,INR,2026-06-06T15:30:10+05:30,2026-06-06T15:31:10+05:30,2026-06-10
TXN_3635,M123,ref_txn_3635,UTR372036115838,UPI,UPI_BANK_ACCOUNT,BANK_E,CAPTURED,,,66900,0,INR,2026-06-11T10:41:44+05:30,2026-06-11T10:42:35+05:30,2026-06-15
TXN_3637,M123,ref_txn_3637,UTR923799816891,UPI,UPI_BANK_ACCOUNT,BANK_F,CAPTURED,,,47200,0,INR,2026-08-07T21:37:12+05:30,2026-08-07T21:37:47+05:30,2026-08-12
TXN_3638,M123,ref_txn_3638,UTR946733837132,UPI,UPI_BANK_ACCOUNT,BANK_F,CAPTURED,,,149400,0,INR,2026-08-14T17:22:55+05:30,2026-08-14T17:23:01+05:30,2026-08-18
TXN_364,M123,ref_txn_364,,CARD,OTHER_DEBIT,BANK_A,CAPTURED,,,245000,2205,INR,2026-08-13T18:34:11+05:30,2026-08-13T18:35:18+05:30,2026-08-18
TXN_3642,M123,ref_txn_3642,UTR486803725666,UPI,UPI_BANK_ACCOUNT,BANK_D,CAPTURED,,,64400,0,INR,2026-06-15T21:10:13+05:30,2026-06-15T21:10:31+05:30,2026-06-18
TXN_3643,M123,ref_txn_3643,UTR630883836501,UPI,UPI_BANK_ACCOUNT,BANK_F,CAPTURED,,,34000,0,INR,2026-07-01T15:18:10+05:30,2026-07-01T15:18:24+05:30,2026-07-03
TXN_3645,M123,ref_txn_3645,UTR205986515058,UPI,UPI_BANK_ACCOUNT,BANK_C,CAPTURED,,,17000,0,INR,2026-08-10T10:15:02+05:30,2026-08-10T10:15:49+05:30,2026-08-12
TXN_3646,M123,ref_txn_3646,UTR786820982394,UPI,UPI_BANK_ACCOUNT,BANK_E,CAPTURED,,,10800,0,INR,2026-07-02T21:26:10+05:30,2026-07-02T21:26:28+05:30,2026-07-07
TXN_3647,M123,ref_txn_3647,UTR639009372110,UPI,UPI_BANK_ACCOUNT,BANK_A,CAPTURED,,,108900,0,INR,2026-08-05T15:11:09+05:30,2026-08-05T15:12:18+05:30,2026-08-07
TXN_3649,M123,ref_txn_3649,UTR108670987739,NETBANKING,NETBANKING,BANK_A,CAPTURED,,,361700,1200,INR,2026-06-07T09:39:20+05:30,2026-06-07T09:39:53+05:30,2026-06-10
TXN_365,M123,ref_txn_365,UTR856767582811,UPI,UPI_BANK_ACCOUNT,BANK_D,CAPTURED,,,21800,0,INR,2026-06-02T15:01:08+05:30,2026-06-02T15:02:17+05:30,2026-06-04
TXN_3652,M123,ref_txn_3652,,CARD,CREDIT_CARD,BANK_C,CAPTURED,,,133800,2542,INR,2026-06-16T16:08:00+05:30,2026-06-16T16:08:20+05:30,2026-06-18
TXN_3654,M123,ref_txn_3654,UTR876734825035,UPI,UPI_BANK_ACCOUNT,BANK_C,CAPTURED,,,13500,0,INR,2026-07-04T12:31:26+05:30,2026-07-04T12:32:44+05:30,2026-07-08
TXN_3655,M123,ref_txn_3655,UTR253553026916,UPI,UPI_BANK_ACCOUNT,BANK_A,CAPTURED,,,101800,0,INR,2026-06-02T18:32:51+05:30,2026-06-02T18:33:12+05:30,2026-06-05
TXN_3656,M123,ref_txn_3656,UTR240506938641,UPI,UPI_BANK_ACCOUNT,BANK_E,CAPTURED,,,143900,0,INR,2026-07-08T15:34:45+05:30,2026-07-08T15:35:31+05:30,2026-07-10
TXN_3657,M123,ref_txn_3657,UTR235794661842,NETBANKING,NETBANKING,BANK_E,CAPTURED,,,817700,1200,INR,2026-05-26T17:27:54+05:30,2026-05-26T17:28:54+05:30,2026-05-28
TXN_366,M123,ref_txn_366,UTR225913012921,UPI,UPI_BANK_ACCOUNT,BANK_A,CAPTURED,,,84100,0,INR,2026-07-16T11:56:32+05:30,2026-07-16T11:57:29+05:30,2026-07-20
TXN_3660,M123,ref_txn_3660,UTR523445855539,UPI,UPI_BANK_ACCOUNT,BANK_D,CAPTURED,,,84600,0,INR,2026-07-19T15:10:03+05:30,2026-07-19T15:10:38+05:30,2026-07-22
TXN_3661,M123,ref_txn_3661,UTR399238548797,UPI,UPI_BANK_ACCOUNT,BANK_B,CAPTURED,,,71700,0,INR,2026-06-14T14:23:09+05:30,2026-06-14T14:24:02+05:30,2026-06-17
TXN_3662,M123,ref_txn_3662,UTR876117975121,CARD,CREDIT_CARD,BANK_A,CAPTURED,,,318700,6055,INR,2026-08-20T15:21:40+05:30,2026-08-20T15:23:02+05:30,2026-08-24
TXN_3663,M123,ref_txn_3663,UTR328250192711,CARD,CREDIT_CARD,BANK_B,CAPTURED,,,197200,3747,INR,2026-08-02T21:36:55+05:30,2026-08-02T21:37:38+05:30,2026-08-05
TXN_3664,M123,ref_txn_3664,UTR355960933594,CARD,CREDIT_CARD,BANK_A,CAPTURED,,,473200,8991,INR,2026-08-16T18:56:51+05:30,2026-08-16T18:57:40+05:30,2026-08-19
TXN_3665,M123,ref_txn_3665,,UPI,UPI_BANK_ACCOUNT,BANK_C,FAILED,BUSINESS_DECLINE,INVALID_BENEFICIARY,54300,0,INR,2026-05-28T15:02:14+05:30,,
TXN_3666,M123,ref_txn_3666,UTR495102397520,WALLET,WALLET,BANK_A,CAPTURED,,,20200,333,INR,2026-08-05T14:05:30+05:30,2026-08-05T14:06:27+05:30,2026-08-07
TXN_3667,M123,ref_txn_3667,UTR499314084029,UPI,UPI_BANK_ACCOUNT,BANK_C,CAPTURED,,,54100,0,INR,2026-07-01T11:17:00+05:30,2026-07-01T11:17:55+05:30,2026-07-03
TXN_3669,M123,ref_txn_3669,UTR676982092418,NETBANKING,NETBANKING,BANK_C,CAPTURED,,,154200,1200,INR,2026-06-27T11:33:22+05:30,2026-06-27T11:34:35+05:30,2026-07-01
TXN_367,M123,ref_txn_367,UTR357946813028,UPI,UPI_BANK_ACCOUNT,BANK_A,CAPTURED,,,106600,0,INR,2026-05-27T13:21:38+05:30,2026-05-27T13:22:12+05:30,2026-05-29
TXN_3673,M123,ref_txn_3673,UTR636973278896,UPI,UPI_BANK_ACCOUNT,BANK_F,CAPTURED,,,58100,0,INR,2026-06-11T14:23:47+05:30,2026-06-11T14:24:05+05:30,2026-06-15
TXN_3675,M123,ref_txn_3675,UTR571566641537,UPI,UPI_BANK_ACCOUNT,BANK_B,CAPTURED,,,9100,0,INR,2026-08-21T09:28:00+05:30,2026-08-21T09:29:24+05:30,2026-08-25
TXN_3676,M123,ref_txn_3676,UTR314549341145,UPI,UPI_BANK_ACCOUNT,BANK_B,CAPTURED,,,29000,0,INR,2026-07-01T10:55:20+05:30,2026-07-01T10:55:31+05:30,2026-07-03
TXN_3678,M123,ref_txn_3678,UTR457535526090,NETBANKING,NETBANKING,BANK_A,CAPTURED,,,751700,1200,INR,2026-06-07T11:33:47+05:30,2026-06-07T11:35:05+05:30,2026-06-10
TXN_3679,M123,ref_txn_3679,UTR687741227959,UPI,UPI_BANK_ACCOUNT,BANK_C,CAPTURED,,,52200,0,INR,2026-06-03T19:29:54+05:30,2026-06-03T19:30:45+05:30,2026-06-08
TXN_368,M123,ref_txn_368,UTR313147259547,UPI,UPI_RUPAY_CREDIT,BANK_B,CAPTURED,,,38400,0,INR,2026-06-12T16:03:27+05:30,2026-06-12T16:04:14+05:30,2026-06-16
TXN_3680,M123,ref_txn_3680,UTR153004694836,UPI,UPI_BANK_ACCOUNT,BANK_D,CAPTURED,,,152100,0,INR,2026-05-29T10:13:02+05:30,2026-05-29T10:14:19+05:30,2026-06-02
TXN_3686,M123,ref_txn_3686,,UPI,UPI_BANK_ACCOUNT,BANK_B,CAPTURED,,,116900,0,INR,2026-06-18T11:48:41+05:30,2026-06-18T11:49:24+05:30,2026-06-22
TXN_3688,M123,ref_txn_3688,UTR242989823865,UPI,UPI_BANK_ACCOUNT,BANK_A,CAPTURED,,,37000,0,INR,2026-05-27T09:19:00+05:30,2026-05-27T09:20:22+05:30,2026-05-29
TXN_369,M123,ref_txn_369,UTR418036808827,UPI,UPI_BANK_ACCOUNT,BANK_F,CAPTURED,,,69200,0,INR,2026-08-02T13:25:58+05:30,2026-08-02T13:26:40+05:30,2026-08-05
TXN_3692,M123,ref_txn_3692,,UPI,UPI_BANK_ACCOUNT,BANK_C,FAILED,BUSINESS_DECLINE,LIMIT_EXCEEDED,46100,0,INR,2026-06-15T17:19:43+05:30,,
TXN_3693,M123,ref_txn_3693,UTR153931176408,UPI,UPI_RUPAY_CREDIT,BANK_E,CAPTURED,,,10200,0,INR,2026-08-13T15:19:08+05:30,2026-08-13T15:19:15+05:30,2026-08-17
TXN_3695,M123,ref_txn_3695,UTR791176711624,UPI,UPI_BANK_ACCOUNT,BANK_C,CAPTURED,,,60400,0,INR,2026-07-23T12:04:15+05:30,2026-07-23T12:05:19+05:30,2026-07-27
TXN_37,M123,ref_txn_37,UTR986065404849,WALLET,WALLET,BANK_A,CAPTURED,,,54500,899,INR,2026-08-19T10:52:06+05:30,2026-08-19T10:52:39+05:30,2026-08-21
TXN_370,M123,ref_txn_370,UTR406014129707,NETBANKING,NETBANKING,BANK_A,CAPTURED,,,168500,1200,INR,2026-07-09T11:46:13+05:30,2026-07-09T11:46:32+05:30,2026-07-13
TXN_3700,M123,ref_txn_3700,,UPI,UPI_BANK_ACCOUNT,BANK_A,CAPTURED,,,22900,0,INR,2026-06-04T17:17:20+05:30,2026-06-04T17:18:17+05:30,2026-06-08
TXN_3703,M123,ref_txn_3703,UTR300143807336,UPI,UPI_BANK_ACCOUNT,BANK_A,CAPTURED,,,126700,0,INR,2026-07-12T11:26:34+05:30,2026-07-12T11:27:33+05:30,2026-07-15
TXN_3704,M123,ref_txn_3704,UTR791226016747,UPI,UPI_BANK_ACCOUNT,BANK_D,CAPTURED,,,63200,0,INR,2026-07-11T19:03:56+05:30,2026-07-11T19:05:17+05:30,2026-07-15
TXN_3708,M123,ref_txn_3708,UTR970638868655,WALLET,WALLET,BANK_A,CAPTURED,,,103700,1711,INR,2026-06-14T11:40:05+05:30,2026-06-14T11:40:20+05:30,2026-06-17
TXN_371,M123,ref_txn_371,UTR333246355079,UPI,UPI_BANK_ACCOUNT,BANK_F,CAPTURED,,,149300,0,INR,2026-06-13T19:25:28+05:30,2026-06-13T19:26:23+05:30,2026-06-17
TXN_3710,M123,ref_txn_3710,UTR862538456066,WALLET,WALLET,BANK_B,CAPTURED,,,20500,338,INR,2026-06-24T13:05:33+05:30,2026-06-24T13:06:48+05:30,2026-06-26
TXN_3713,M123,ref_txn_3713,UTR811020143735,UPI,UPI_BANK_ACCOUNT,BANK_D,CAPTURED,,,150900,0,INR,2026-06-10T19:09:27+05:30,2026-06-10T19:10:13+05:30,2026-06-15
TXN_3716,M123,ref_txn_3716,,UPI,UPI_BANK_ACCOUNT,BANK_C,FAILED,BUSINESS_DECLINE,LIMIT_EXCEEDED,13400,0,INR,2026-07-02T18:08:12+05:30,,
TXN_3719,M123,ref_txn_3719,UTR701150578676,NETBANKING,NETBANKING,BANK_A,CAPTURED,,,578600,1200,INR,2026-07-06T10:31:53+05:30,2026-07-06T10:32:19+05:30,2026-07-08
TXN_3722,M123,ref_txn_3722,UTR185532495613,UPI,UPI_BANK_ACCOUNT,BANK_B,CAPTURED,,,6100,0,INR,2026-06-03T16:37:21+05:30,2026-06-03T16:38:48+05:30,2026-06-05
TXN_3724,M123,ref_txn_3724,UTR931053980604,CARD,CREDIT_CARD,BANK_D,CAPTURED,,,443500,8427,INR,2026-06-04T16:24:10+05:30,2026-06-04T16:25:14+05:30,2026-06-08
TXN_3725,M123,ref_txn_3725,UTR866141809814,UPI,UPI_BANK_ACCOUNT,BANK_A,CAPTURED,,,130100,0,INR,2026-06-11T17:23:46+05:30,2026-06-11T17:24:51+05:30,2026-06-15
TXN_3727,M123,ref_txn_3727,UTR468636468787,UPI,UPI_BANK_ACCOUNT,BANK_E,CAPTURED,,,22400,0,INR,2026-06-04T14:16:56+05:30,2026-06-04T14:18:00+05:30,2026-06-08
TXN_3730,M123,ref_txn_3730,UTR228746475360,UPI,UPI_BANK_ACCOUNT,BANK_C,CAPTURED,,,36700,0,INR,2026-06-13T18:53:28+05:30,2026-06-13T18:54:57+05:30,2026-06-17
TXN_3731,M123,ref_txn_3731,UTR668508743067,UPI,UPI_BANK_ACCOUNT,BANK_E,CAPTURED,,,42400,0,INR,2026-06-02T18:10:51+05:30,2026-06-02T18:10:57+05:30,2026-06-05
TXN_3733,M123,ref_txn_3733,UTR284508455901,UPI,UPI_BANK_ACCOUNT,BANK_A,CAPTURED,,,152100,0,INR,2026-07-26T12:53:26+05:30,2026-07-26T12:54:32+05:30,2026-07-29
TXN_3734,M123,ref_txn_3734,UTR572974517167,UPI,UPI_BANK_ACCOUNT,BANK_D,CAPTURED,,,87300,0,INR,2026-07-22T18:20:50+05:30,2026-07-22T18:21:53+05:30,2026-07-27
TXN_3737,M123,ref_txn_3737,UTR762761677055,UPI,UPI_BANK_ACCOUNT,BANK_B,CAPTURED,,,47400,0,INR,2026-07-24T11:55:49+05:30,2026-07-24T11:56:03+05:30,2026-07-28
TXN_374,M123,ref_txn_374,UTR781181661547,CARD,CREDIT_CARD,BANK_A,CAPTURED,,,76300,1450,INR,2026-08-21T19:14:03+05:30,2026-08-21T19:15:04+05:30,2026-08-26
TXN_3740,M123,ref_txn_3740,UTR710520890797,UPI,UPI_BANK_ACCOUNT,BANK_D,CAPTURED,,,100400,0,INR,2026-06-22T12:51:22+05:30,2026-06-22T12:51:55+05:30,2026-06-24
TXN_3747,M123,ref_txn_3747,UTR722489521397,CARD,OTHER_DEBIT,BANK_A,CAPTURED,,,283900,2555,INR,2026-08-07T16:53:24+05:30,2026-08-07T16:54:49+05:30,2026-08-11
TXN_3748,M123,ref_txn_3748,UTR347580168632,UPI,UPI_BANK_ACCOUNT,BANK_E,CAPTURED,,,10800,0,INR,2026-06-26T16:28:20+05:30,2026-06-26T16:29:22+05:30,2026-06-30
TXN_3751,M123,ref_txn_3751,UTR954789778034,UPI,UPI_BANK_ACCOUNT,BANK_C,CAPTURED,,,144200,0,INR,2026-07-25T09:52:35+05:30,2026-07-25T09:53:23+05:30,2026-07-29
TXN_3752,M123,ref_txn_3752,UTR928841244086,UPI,UPI_BANK_ACCOUNT,BANK_A,CAPTURED,,,10300,0,INR,2026-08-19T17:20:38+05:30,2026-08-19T17:21:40+05:30,2026-08-21
TXN_3754,M123,ref_txn_3754,UTR828290908861,UPI,UPI_BANK_ACCOUNT,BANK_B,CAPTURED,,,151800,0,INR,2026-05-28T15:59:21+05:30,2026-05-28T16:00:07+05:30,2026-06-01
TXN_3757,M123,ref_txn_3757,UTR895140672941,UPI,UPI_BANK_ACCOUNT,BANK_F,CAPTURED,,,50600,0,INR,2026-06-13T13:19:30+05:30,2026-06-13T13:20:42+05:30,2026-06-17
TXN_3759,M123,ref_txn_3759,UTR832300484846,NETBANKING,NETBANKING,BANK_A,CAPTURED,,,137700,1200,INR,2026-07-23T11:21:40+05:30,2026-07-23T11:22:56+05:30,2026-07-27
TXN_3760,M123,ref_txn_3760,,UPI,UPI_BANK_ACCOUNT,BANK_B,CAPTURED,,,97400,0,INR,2026-08-18T21:56:37+05:30,2026-08-18T21:57:07+05:30,2026-08-21
TXN_3764,M123,ref_txn_3764,UTR648937955429,UPI,UPI_BANK_ACCOUNT,BANK_A,CAPTURED,,,111400,0,INR,2026-06-20T21:20:19+05:30,2026-06-20T21:21:11+05:30,2026-06-24
TXN_3766,M123,ref_txn_3766,UTR288269692403,UPI,UPI_BANK_ACCOUNT,BANK_B,CAPTURED,,,31100,0,INR,2026-08-10T11:54:08+05:30,2026-08-10T11:55:18+05:30,2026-08-12
TXN_3771,M123,ref_txn_3771,UTR451277924680,UPI,UPI_BANK_ACCOUNT,BANK_A,CAPTURED,,,54500,0,INR,2026-06-15T14:01:02+05:30,2026-06-15T14:01:55+05:30,2026-06-17
TXN_3774,M123,ref_txn_3774,UTR491687884266,UPI,UPI_BANK_ACCOUNT,BANK_A,CAPTURED,,,153700,0,INR,2026-06-05T18:48:59+05:30,2026-06-05T18:50:07+05:30,2026-06-10
TXN_3775,M123,ref_txn_3775,UTR206058575200,UPI,UPI_BANK_ACCOUNT,BANK_C,CAPTURED,,,64400,0,INR,2026-07-25T19:46:43+05:30,2026-07-25T19:47:02+05:30,2026-07-29
TXN_3778,M123,ref_txn_3778,UTR482225201026,UPI,UPI_BANK_ACCOUNT,BANK_B,CAPTURED,,,103500,0,INR,2026-07-18T21:01:01+05:30,2026-07-18T21:02:07+05:30,2026-07-22
TXN_3787,M123,ref_txn_3787,UTR428762844194,WALLET,WALLET,BANK_E,CAPTURED,,,113900,1879,INR,2026-06-25T16:58:21+05:30,2026-06-25T16:59:36+05:30,2026-06-29
TXN_3788,M123,ref_txn_3788,UTR707378436458,UPI,UPI_BANK_ACCOUNT,BANK_B,CAPTURED,,,77400,0,INR,2026-07-23T19:11:46+05:30,2026-07-23T19:12:16+05:30,2026-07-28
TXN_3789,M123,ref_txn_3789,UTR599619665689,UPI,UPI_BANK_ACCOUNT,BANK_D,CAPTURED,,,24200,0,INR,2026-08-08T18:52:27+05:30,2026-08-08T18:52:35+05:30,2026-08-12
TXN_379,M123,ref_txn_379,UTR498852503319,CARD,CREDIT_CARD,BANK_B,CAPTURED,,,101100,1921,INR,2026-06-09T10:46:03+05:30,2026-06-09T10:46:38+05:30,2026-06-11
TXN_3790,M123,ref_txn_3790,UTR894903135641,NETBANKING,NETBANKING,BANK_A,CAPTURED,,,554000,1200,INR,2026-07-16T19:56:19+05:30,2026-07-16T19:57:38+05:30,2026-07-21
TXN_3792,M123,ref_txn_3792,UTR379190228061,CARD,CREDIT_CARD,BANK_B,CAPTURED,,,452700,8601,INR,2026-06-18T09:31:51+05:30,2026-06-18T09:33:06+05:30,2026-06-22
TXN_3796,M123,ref_txn_3796,UTR741780494637,UPI,UPI_BANK_ACCOUNT,BANK_E,CAPTURED,,,110000,0,INR,2026-06-01T09:58:28+05:30,2026-06-01T09:59:12+05:30,2026-06-03
TXN_3797,M123,ref_txn_3797,UTR198570397425,UPI,UPI_BANK_ACCOUNT,BANK_A,CAPTURED,,,56400,0,INR,2026-06-12T21:55:40+05:30,2026-06-12T21:56:56+05:30,2026-06-17
TXN_3798,M123,ref_txn_3798,,UPI,UPI_BANK_ACCOUNT,BANK_B,CAPTURED,,,11900,0,INR,2026-07-25T10:16:17+05:30,2026-07-25T10:16:59+05:30,2026-07-29
TXN_3799,M123,ref_txn_3799,UTR424961315246,CARD,CREDIT_CARD,BANK_C,CAPTURED,,,80800,1535,INR,2026-06-08T16:50:21+05:30,2026-06-08T16:51:13+05:30,2026-06-10
TXN_38,M123,ref_txn_38,UTR570122067458,UPI,UPI_BANK_ACCOUNT,BANK_D,CAPTURED,,,45300,0,INR,2026-07-16T19:20:15+05:30,2026-07-16T19:21:07+05:30,2026-07-21
TXN_380,M123,ref_txn_380,UTR452749532440,WALLET,WALLET,BANK_A,CAPTURED,,,27300,450,INR,2026-07-04T21:34:06+05:30,2026-07-04T21:35:25+05:30,2026-07-08
TXN_3803,M123,ref_txn_3803,UTR954981883593,UPI,UPI_BANK_ACCOUNT,BANK_A,CAPTURED,,,16100,0,INR,2026-06-24T21:58:21+05:30,2026-06-24T21:59:00+05:30,2026-06-29
TXN_3805,M123,ref_txn_3805,,CARD,OTHER_DEBIT,BANK_B,FAILED,BUSINESS_DECLINE,INVALID_BENEFICIARY,114100,0,INR,2026-06-12T17:44:14+05:30,,
TXN_3809,M123,ref_txn_3809,UTR215242564310,UPI,UPI_BANK_ACCOUNT,BANK_B,CAPTURED,,,30200,0,INR,2026-07-27T15:12:48+05:30,2026-07-27T15:13:43+05:30,2026-07-29
TXN_3810,M123,ref_txn_3810,UTR367769996448,UPI,UPI_BANK_ACCOUNT,BANK_E,CAPTURED,,,97300,0,INR,2026-07-07T14:43:05+05:30,2026-07-07T14:44:34+05:30,2026-07-09
TXN_3814,M123,ref_txn_3814,UTR338679484390,UPI,UPI_BANK_ACCOUNT,BANK_C,CAPTURED,,,68000,0,INR,2026-07-10T11:09:40+05:30,2026-07-10T11:11:00+05:30,2026-07-14
TXN_3816,M123,ref_txn_3816,UTR173203160378,CARD,OTHER_DEBIT,BANK_A,CAPTURED,,,111700,1005,INR,2026-07-01T12:41:07+05:30,2026-07-01T12:41:39+05:30,2026-07-03
TXN_3817,M123,ref_txn_3817,UTR896724415945,UPI,UPI_BANK_ACCOUNT,BANK_F,CAPTURED,,,28000,0,INR,2026-07-08T19:49:02+05:30,2026-07-08T19:49:56+05:30,2026-07-13
TXN_3819,M123,ref_txn_3819,UTR931291815148,UPI,UPI_BANK_ACCOUNT,BANK_C,CAPTURED,,,9600,0,INR,2026-06-25T12:18:39+05:30,2026-06-25T12:19:53+05:30,2026-06-29
TXN_3820,M123,ref_txn_3820,UTR646994984893,UPI,UPI_BANK_ACCOUNT,BANK_B,CAPTURED,,,11000,0,INR,2026-07-22T21:14:34+05:30,2026-07-22T21:14:42+05:30,2026-07-27
TXN_3823,M123,ref_txn_3823,UTR554117410676,WALLET,WALLET,BANK_B,CAPTURED,,,17700,292,INR,2026-06-07T18:03:56+05:30,2026-06-07T18:04:20+05:30,2026-06-10
TXN_3824,M123,ref_txn_3824,,CARD,CREDIT_CARD,BANK_A,CAPTURED,,,344900,6553,INR,2026-07-02T10:26:36+05:30,2026-07-02T10:26:56+05:30,2026-07-06
TXN_3826,M123,ref_txn_3826,UTR888020077163,CARD,CREDIT_CARD,BANK_C,CAPTURED,,,269800,5126,INR,2026-08-08T19:58:17+05:30,2026-08-08T19:59:09+05:30,2026-08-12
TXN_3827,M123,ref_txn_3827,,WALLET,WALLET,BANK_A,CAPTURED,,,63300,1044,INR,2026-08-17T13:24:30+05:30,2026-08-17T13:25:37+05:30,2026-08-19
TXN_3828,M123,ref_txn_3828,,CARD,CREDIT_CARD,BANK_A,FAILED,BUSINESS_DECLINE,LIMIT_EXCEEDED,228600,0,INR,2026-07-02T11:48:27+05:30,,
TXN_3829,M123,ref_txn_3829,UTR302769994674,CARD,OTHER_DEBIT,BANK_B,CAPTURED,,,116400,1048,INR,2026-08-12T12:21:43+05:30,2026-08-12T12:21:58+05:30,2026-08-14
TXN_383,M123,ref_txn_383,UTR202414550062,UPI,UPI_RUPAY_CREDIT,BANK_C,CAPTURED,,,40800,0,INR,2026-07-07T12:25:23+05:30,2026-07-07T12:26:49+05:30,2026-07-09
TXN_3831,M123,ref_txn_3831,UTR288357540247,CARD,CREDIT_CARD,BANK_A,CAPTURED,,,148600,2823,INR,2026-06-21T11:49:21+05:30,2026-06-21T11:50:00+05:30,2026-06-24
TXN_3832,M123,ref_txn_3832,UTR282820253990,UPI,UPI_BANK_ACCOUNT,BANK_A,CAPTURED,,,148100,0,INR,2026-06-19T10:29:56+05:30,2026-06-19T10:30:32+05:30,2026-06-23
TXN_3836,M123,ref_txn_3836,UTR620136031593,UPI,UPI_BANK_ACCOUNT,BANK_A,CAPTURED,,,16100,0,INR,2026-05-26T16:06:07+05:30,2026-05-26T16:06:15+05:30,2026-05-28
TXN_3838,M123,ref_txn_3838,UTR982591004183,UPI,UPI_BANK_ACCOUNT,BANK_F,CAPTURED,,,73200,0,INR,2026-06-15T16:17:37+05:30,2026-06-15T16:18:09+05:30,2026-06-17
TXN_3846,M123,ref_txn_3846,UTR434059904005,UPI,UPI_BANK_ACCOUNT,BANK_B,CAPTURED,,,89100,0,INR,2026-08-05T09:01:45+05:30,2026-08-05T09:02:11+05:30,2026-08-07
TXN_3847,M123,ref_txn_3847,UTR816793591138,UPI,UPI_BANK_ACCOUNT,BANK_A,CAPTURED,,,100400,0,INR,2026-06-24T11:28:07+05:30,2026-06-24T11:28:16+05:30,2026-06-26
TXN_3850,M123,ref_txn_3850,,CARD,RUPAY_DEBIT,BANK_B,CAPTURED,,,376500,0,INR,2026-08-23T12:57:44+05:30,2026-08-23T12:58:06+05:30,2026-08-26
TXN_3855,M123,ref_txn_3855,UTR495517905676,UPI,UPI_BANK_ACCOUNT,BANK_A,CAPTURED,,,31400,0,INR,2026-06-28T14:21:29+05:30,2026-06-28T14:22:40+05:30,2026-07-01
TXN_3856,M123,ref_txn_3856,UTR290758885169,NETBANKING,NETBANKING,BANK_A,CAPTURED,,,676200,1200,INR,2026-08-02T09:25:24+05:30,2026-08-02T09:26:40+05:30,2026-08-05
TXN_3857,M123,ref_txn_3857,UTR142626390700,UPI,UPI_BANK_ACCOUNT,BANK_D,CAPTURED,,,122100,0,INR,2026-05-30T19:03:45+05:30,2026-05-30T19:04:45+05:30,2026-06-03
TXN_3859,M123,ref_txn_3859,UTR485344922115,CARD,CREDIT_CARD,BANK_C,CAPTURED,,,101700,1932,INR,2026-06-10T19:51:11+05:30,2026-06-10T19:52:38+05:30,2026-06-15
TXN_3860,M123,ref_txn_3860,UTR895874371093,UPI,UPI_BANK_ACCOUNT,BANK_D,CAPTURED,,,23400,0,INR,2026-08-15T12:14:54+05:30,2026-08-15T12:15:53+05:30,2026-08-19
TXN_3862,M123,ref_txn_3862,UTR882595515784,UPI,UPI_BANK_ACCOUNT,BANK_D,CAPTURED,,,102100,0,INR,2026-08-09T13:43:31+05:30,2026-08-09T13:44:25+05:30,2026-08-12
TXN_3864,M123,ref_txn_3864,UTR164426841314,CARD,OTHER_DEBIT,BANK_A,CAPTURED,,,393600,3542,INR,2026-08-19T16:17:35+05:30,2026-08-19T16:18:41+05:30,2026-08-21
TXN_3865,M123,ref_txn_3865,UTR875874004889,UPI,UPI_BANK_ACCOUNT,BANK_A,CAPTURED,,,8500,0,INR,2026-08-01T18:33:50+05:30,2026-08-01T18:34:32+05:30,2026-08-05
TXN_3866,M123,ref_txn_3866,UTR192092251002,NETBANKING,NETBANKING,BANK_D,CAPTURED,,,855400,1200,INR,2026-06-06T10:11:25+05:30,2026-06-06T10:12:30+05:30,2026-06-10
TXN_3869,M123,ref_txn_3869,UTR534407455886,UPI,UPI_BANK_ACCOUNT,BANK_D,CAPTURED,,,31900,0,INR,2026-08-04T17:42:09+05:30,2026-08-04T17:43:05+05:30,2026-08-06
TXN_387,M123,ref_txn_387,UTR848953770223,UPI,UPI_BANK_ACCOUNT,BANK_F,CAPTURED,,,152400,0,INR,2026-05-27T19:51:05+05:30,2026-05-27T19:51:12+05:30,2026-06-01
TXN_3871,M123,ref_txn_3871,UTR723878023454,CARD,CREDIT_CARD,BANK_B,CAPTURED,,,351600,6680,INR,2026-06-05T13:49:48+05:30,2026-06-05T13:50:28+05:30,2026-06-09
TXN_3878,M123,ref_txn_3878,UTR290447633685,UPI,UPI_BANK_ACCOUNT,BANK_B,CAPTURED,,,129100,0,INR,2026-08-03T15:55:55+05:30,2026-08-03T15:56:38+05:30,2026-08-05
TXN_3879,M123,ref_txn_3879,UTR918747719964,CARD,CREDIT_CARD,BANK_A,CAPTURED,,,647900,12310,INR,2026-07-10T10:54:44+05:30,2026-07-10T10:56:06+05:30,2026-07-14
TXN_388,M123,ref_txn_388,UTR272527720600,WALLET,WALLET,BANK_B,CAPTURED,,,48000,792,INR,2026-06-08T19:38:29+05:30,2026-06-08T19:38:46+05:30,2026-06-11
TXN_3880,M123,ref_txn_3880,UTR808246819329,UPI,UPI_BANK_ACCOUNT,BANK_A,CAPTURED,,,32000,0,INR,2026-06-12T11:22:17+05:30,2026-06-12T11:22:29+05:30,2026-06-16
TXN_3882,M123,ref_txn_3882,UTR732585773845,UPI,UPI_BANK_ACCOUNT,BANK_C,CAPTURED,,,63200,0,INR,2026-07-01T11:37:13+05:30,2026-07-01T11:38:15+05:30,2026-07-03
TXN_3883,M123,ref_txn_3883,,UPI,UPI_BANK_ACCOUNT,BANK_E,FAILED,BUSINESS_DECLINE,INSUFFICIENT_FUNDS,133700,0,INR,2026-06-11T19:22:37+05:30,,
TXN_3885,M123,ref_txn_3885,UTR440268033175,UPI,UPI_PPI_WALLET,BANK_A,CAPTURED,,,53400,0,INR,2026-06-05T09:41:33+05:30,2026-06-05T09:42:04+05:30,2026-06-09
TXN_3886,M123,ref_txn_3886,UTR777760243893,UPI,UPI_BANK_ACCOUNT,BANK_F,CAPTURED,,,21300,0,INR,2026-06-01T09:49:51+05:30,2026-06-01T09:50:14+05:30,2026-06-03
TXN_3890,M123,ref_txn_3890,UTR257674037680,UPI,UPI_BANK_ACCOUNT,BANK_A,CAPTURED,,,27100,0,INR,2026-06-01T11:39:53+05:30,2026-06-01T11:40:53+05:30,2026-06-03
TXN_3892,M123,ref_txn_3892,UTR255113556915,UPI,UPI_BANK_ACCOUNT,BANK_D,CAPTURED,,,132400,0,INR,2026-08-22T10:21:19+05:30,2026-08-22T10:22:01+05:30,2026-08-26
TXN_3894,M123,ref_txn_3894,,UPI,UPI_BANK_ACCOUNT,BANK_C,FAILED,BUSINESS_DECLINE,LIMIT_EXCEEDED,24900,0,INR,2026-06-14T12:09:56+05:30,,
TXN_3896,M123,ref_txn_3896,UTR708502412374,UPI,UPI_BANK_ACCOUNT,BANK_B,CAPTURED,,,24500,0,INR,2026-08-01T15:56:43+05:30,2026-08-01T15:57:02+05:30,2026-08-05
TXN_3897,M123,ref_txn_3897,UTR787812252768,CARD,OTHER_DEBIT,BANK_B,CAPTURED,,,649300,5844,INR,2026-07-18T12:41:56+05:30,2026-07-18T12:42:03+05:30,2026-07-22
TXN_3900,M123,ref_txn_3900,UTR825461500313,UPI,UPI_BANK_ACCOUNT,BANK_A,CAPTURED,,,58100,0,INR,2026-06-11T09:20:43+05:30,2026-06-11T09:22:03+05:30,2026-06-15
TXN_3901,M123,ref_txn_3901,UTR844318281380,NETBANKING,NETBANKING,BANK_B,CAPTURED,,,453400,1200,INR,2026-06-14T10:10:13+05:30,2026-06-14T10:11:08+05:30,2026-06-17
TXN_3902,M123,ref_txn_3902,UTR381588777069,CARD,CREDIT_CARD,BANK_C,CAPTURED,,,283100,5379,INR,2026-07-06T11:41:01+05:30,2026-07-06T11:41:10+05:30,2026-07-08
TXN_3903,M123,ref_txn_3903,UTR710227953596,WALLET,WALLET,BANK_A,CAPTURED,,,90700,1497,INR,2026-07-19T13:47:37+05:30,2026-07-19T13:48:22+05:30,2026-07-22
TXN_3908,M123,ref_txn_3908,,UPI,UPI_PPI_WALLET,BANK_A,CAPTURED,,,87100,0,INR,2026-07-17T14:01:36+05:30,2026-07-17T14:02:00+05:30,2026-07-21
TXN_391,M123,ref_txn_391,UTR195173112977,UPI,UPI_BANK_ACCOUNT,BANK_E,CAPTURED,,,28500,0,INR,2026-07-27T17:21:25+05:30,2026-07-27T17:22:20+05:30,2026-07-29
TXN_3910,M123,ref_txn_3910,UTR915246556245,UPI,UPI_BANK_ACCOUNT,BANK_D,CAPTURED,,,71500,0,INR,2026-06-22T12:35:48+05:30,2026-06-22T12:36:35+05:30,2026-06-24
TXN_3912,M123,ref_txn_3912,,UPI,UPI_RUPAY_CREDIT,BANK_A,FAILED,BUSINESS_DECLINE,AUTHENTICATION_FAILURE,6100,0,INR,2026-06-17T12:28:24+05:30,,
TXN_3913,M123,ref_txn_3913,UTR353575754765,UPI,UPI_BANK_ACCOUNT,BANK_A,CAPTURED,,,15900,0,INR,2026-06-26T17:14:32+05:30,2026-06-26T17:15:08+05:30,2026-06-30
TXN_3914,M123,ref_txn_3914,UTR956924476270,UPI,UPI_BANK_ACCOUNT,BANK_C,CAPTURED,,,57900,0,INR,2026-07-27T21:30:52+05:30,2026-07-27T21:31:15+05:30,2026-07-30
TXN_3916,M123,ref_txn_3916,UTR428280054902,UPI,UPI_BANK_ACCOUNT,BANK_D,CAPTURED,,,89400,0,INR,2026-07-05T14:29:23+05:30,2026-07-05T14:30:41+05:30,2026-07-08
TXN_3917,M123,ref_txn_3917,UTR319849387643,UPI,UPI_BANK_ACCOUNT,BANK_B,CAPTURED,,,71700,0,INR,2026-06-01T10:00:02+05:30,2026-06-01T10:00:19+05:30,2026-06-03
TXN_3919,M123,ref_txn_3919,UTR174887589951,UPI,UPI_BANK_ACCOUNT,BANK_A,CAPTURED,,,150100,0,INR,2026-07-10T13:27:34+05:30,2026-07-10T13:28:40+05:30,2026-07-14
TXN_3922,M123,ref_txn_3922,UTR163361078655,UPI,UPI_BANK_ACCOUNT,BANK_D,CAPTURED,,,62700,0,INR,2026-05-28T19:46:41+05:30,2026-05-28T19:46:59+05:30,2026-06-02
TXN_3923,M123,ref_txn_3923,UTR348293857484,UPI,UPI_BANK_ACCOUNT,BANK_C,CAPTURED,,,14100,0,INR,2026-07-04T19:20:58+05:30,2026-07-04T19:21:09+05:30,2026-07-08
TXN_3926,M123,ref_txn_3926,UTR587922239117,UPI,UPI_BANK_ACCOUNT,BANK_A,CAPTURED,,,96800,0,INR,2026-06-05T15:28:40+05:30,2026-06-05T15:29:15+05:30,2026-06-09
TXN_3928,M123,ref_txn_3928,UTR958339648276,UPI,UPI_BANK_ACCOUNT,BANK_D,CAPTURED,,,151200,0,INR,2026-06-15T12:44:57+05:30,2026-06-15T12:45:09+05:30,2026-06-17
TXN_393,M123,ref_txn_393,UTR474121517198,UPI,UPI_BANK_ACCOUNT,BANK_D,CAPTURED,,,15000,0,INR,2026-06-26T21:43:29+05:30,2026-06-26T21:44:00+05:30,2026-07-01
TXN_3930,M123,ref_txn_3930,UTR727442023806,UPI,UPI_BANK_ACCOUNT,BANK_A,CAPTURED,,,15300,0,INR,2026-06-07T16:09:47+05:30,2026-06-07T16:10:51+05:30,2026-06-10
TXN_3931,M123,ref_txn_3931,UTR695700718557,NETBANKING,NETBANKING,BANK_E,CAPTURED,,,312000,1200,INR,2026-06-22T15:56:00+05:30,2026-06-22T15:57:09+05:30,2026-06-24
TXN_3933,M123,ref_txn_3933,UTR487809566746,UPI,UPI_BANK_ACCOUNT,BANK_F,CAPTURED,,,116900,0,INR,2026-06-22T21:25:54+05:30,2026-06-22T21:27:04+05:30,2026-06-25
TXN_3934,M123,ref_txn_3934,,CARD,CREDIT_CARD,BANK_B,CAPTURED,,,234400,4454,INR,2026-08-17T13:03:57+05:30,2026-08-17T13:04:55+05:30,2026-08-19
TXN_3937,M123,ref_txn_3937,UTR212943631814,CARD,CREDIT_CARD,BANK_A,CAPTURED,,,494400,9394,INR,2026-07-12T21:00:56+05:30,2026-07-12T21:02:06+05:30,2026-07-15
TXN_3944,M123,ref_txn_3944,,UPI,UPI_BANK_ACCOUNT,BANK_A,FAILED,TECHNICAL_DECLINE,PSP_ERROR,130000,0,INR,2026-08-11T10:48:27+05:30,,
TXN_3946,M123,ref_txn_3946,UTR676280378175,CARD,CREDIT_CARD,BANK_A,CAPTURED,,,334900,6363,INR,2026-07-07T14:06:06+05:30,2026-07-07T14:06:50+05:30,2026-07-09
TXN_3948,M123,ref_txn_3948,,UPI,UPI_BANK_ACCOUNT,BANK_C,FAILED,TECHNICAL_DECLINE,NETWORK_ERROR,53200,0,INR,2026-08-10T17:43:07+05:30,,
TXN_3949,M123,ref_txn_3949,UTR516388548234,UPI,UPI_BANK_ACCOUNT,BANK_A,CAPTURED,,,48900,0,INR,2026-06-07T09:08:48+05:30,2026-06-07T09:08:56+05:30,2026-06-10
TXN_395,M123,ref_txn_395,UTR957889360617,UPI,UPI_BANK_ACCOUNT,BANK_F,CAPTURED,,,25200,0,INR,2026-07-09T13:46:31+05:30,2026-07-09T13:47:51+05:30,2026-07-13
TXN_3950,M123,ref_txn_3950,UTR482653682179,UPI,UPI_BANK_ACCOUNT,BANK_B,CAPTURED,,,76400,0,INR,2026-07-15T14:54:25+05:30,2026-07-15T14:55:29+05:30,2026-07-17
TXN_3959,M123,ref_txn_3959,UTR865147077283,CARD,RUPAY_DEBIT,BANK_B,CAPTURED,,,239900,0,INR,2026-07-29T09:00:12+05:30,2026-07-29T09:01:39+05:30,2026-07-31
TXN_396,M123,ref_txn_396,UTR980795167212,UPI,UPI_RUPAY_CREDIT,BANK_A,CAPTURED,,,67400,0,INR,2026-06-24T11:24:20+05:30,2026-06-24T11:25:00+05:30,2026-06-26
TXN_3960,M123,ref_txn_3960,UTR598196292811,CARD,CREDIT_CARD,BANK_A,CAPTURED,,,484800,9211,INR,2026-07-25T11:58:24+05:30,2026-07-25T11:59:01+05:30,2026-07-29
TXN_3961,M123,ref_txn_3961,UTR946919650592,UPI,UPI_PPI_WALLET,BANK_A,CAPTURED,,,48900,0,INR,2026-06-07T18:55:13+05:30,2026-06-07T18:55:36+05:30,2026-06-10
TXN_3962,M123,ref_txn_3962,UTR739109946684,UPI,UPI_BANK_ACCOUNT,BANK_B,CAPTURED,,,29000,0,INR,2026-07-23T14:43:34+05:30,2026-07-23T14:43:56+05:30,2026-07-27
TXN_3963,M123,ref_txn_3963,UTR790996689047,UPI,UPI_BANK_ACCOUNT,BANK_B,CAPTURED,,,112600,0,INR,2026-07-14T11:43:13+05:30,2026-07-14T11:43:29+05:30,2026-07-16
TXN_3966,M123,ref_txn_3966,UTR691825984182,UPI,UPI_BANK_ACCOUNT,BANK_D,CAPTURED,,,26900,0,INR,2026-07-05T10:19:36+05:30,2026-07-05T10:20:04+05:30,2026-07-08
TXN_397,M123,ref_txn_397,UTR826659791673,UPI,UPI_BANK_ACCOUNT,BANK_E,CAPTURED,,,31100,0,INR,2026-06-19T21:29:46+05:30,2026-06-19T21:30:51+05:30,2026-06-24
TXN_3970,M123,ref_txn_3970,UTR985777293258,WALLET,WALLET,BANK_A,CAPTURED,,,75400,1244,INR,2026-08-15T16:45:41+05:30,2026-08-15T16:47:00+05:30,2026-08-19
TXN_3975,M123,ref_txn_3975,UTR133418431461,UPI,UPI_BANK_ACCOUNT,BANK_C,CAPTURED,,,6800,0,INR,2026-06-18T17:07:28+05:30,2026-06-18T17:08:37+05:30,2026-06-22
TXN_3976,M123,ref_txn_3976,UTR376036895766,UPI,UPI_BANK_ACCOUNT,BANK_E,CAPTURED,,,31000,0,INR,2026-07-15T09:47:17+05:30,2026-07-15T09:48:43+05:30,2026-07-17
TXN_3978,M123,ref_txn_3978,UTR795856128556,UPI,UPI_BANK_ACCOUNT,BANK_B,CAPTURED,,,68200,0,INR,2026-07-03T10:59:49+05:30,2026-07-03T11:00:40+05:30,2026-07-07
TXN_3979,M123,ref_txn_3979,UTR806209079249,UPI,UPI_BANK_ACCOUNT,BANK_B,CAPTURED,,,147300,0,INR,2026-08-20T12:42:07+05:30,2026-08-20T12:43:35+05:30,2026-08-24
TXN_3980,M123,ref_txn_3980,UTR149568193742,UPI,UPI_BANK_ACCOUNT,BANK_B,CAPTURED,,,142000,0,INR,2026-08-17T11:56:24+05:30,2026-08-17T11:57:25+05:30,2026-08-19
TXN_3982,M123,ref_txn_3982,UTR410540147550,UPI,UPI_BANK_ACCOUNT,BANK_D,CAPTURED,,,141300,0,INR,2026-07-29T11:41:55+05:30,2026-07-29T11:43:06+05:30,2026-07-31
TXN_3983,M123,ref_txn_3983,UTR980904232658,UPI,UPI_BANK_ACCOUNT,BANK_F,CAPTURED,,,46100,0,INR,2026-06-13T18:10:02+05:30,2026-06-13T18:11:18+05:30,2026-06-17
TXN_3987,M123,ref_txn_3987,UTR540535369915,UPI,UPI_BANK_ACCOUNT,BANK_A,CAPTURED,,,103200,0,INR,2026-07-15T10:18:10+05:30,2026-07-15T10:18:24+05:30,2026-07-17
TXN_3989,M123,ref_txn_3989,UTR464545364707,UPI,UPI_BANK_ACCOUNT,BANK_A,CAPTURED,,,27000,0,INR,2026-07-01T18:38:06+05:30,2026-07-01T18:38:28+05:30,2026-07-06
TXN_3990,M123,ref_txn_3990,,CARD,OTHER_DEBIT,BANK_A,CAPTURED,,,464500,4181,INR,2026-06-03T21:48:17+05:30,2026-06-03T21:49:23+05:30,2026-06-08
TXN_3991,M123,ref_txn_3991,UTR517716887263,UPI,UPI_BANK_ACCOUNT,BANK_E,CAPTURED,,,53400,0,INR,2026-07-01T11:34:42+05:30,2026-07-01T11:35:46+05:30,2026-07-03
TXN_3994,M123,ref_txn_3994,UTR549005624669,UPI,UPI_BANK_ACCOUNT,BANK_D,CAPTURED,,,122100,0,INR,2026-06-17T19:55:40+05:30,2026-06-17T19:56:31+05:30,2026-06-22
TXN_3995,M123,ref_txn_3995,UTR326937058625,UPI,UPI_BANK_ACCOUNT,BANK_B,CAPTURED,,,17600,0,INR,2026-06-28T21:10:40+05:30,2026-06-28T21:11:02+05:30,2026-07-01
TXN_3997,M123,ref_txn_3997,UTR223458946585,NETBANKING,NETBANKING,BANK_A,CAPTURED,,,628000,1200,INR,2026-07-21T10:08:54+05:30,2026-07-21T10:09:29+05:30,2026-07-23
TXN_4000,M123,ref_txn_4000,UTR459152778879,UPI,UPI_BANK_ACCOUNT,BANK_A,CAPTURED,,,45400,0,INR,2026-06-22T19:38:48+05:30,2026-06-22T19:39:29+05:30,2026-06-25
TXN_402,M123,ref_txn_402,UTR456022771421,UPI,UPI_BANK_ACCOUNT,BANK_B,CAPTURED,,,38000,0,INR,2026-08-18T10:19:31+05:30,2026-08-18T10:20:09+05:30,2026-08-20
TXN_403,M123,ref_txn_403,UTR853831234300,UPI,UPI_PPI_WALLET,BANK_D,CAPTURED,,,58900,0,INR,2026-07-07T18:07:17+05:30,2026-07-07T18:08:30+05:30,2026-07-10
TXN_404,M123,ref_txn_404,UTR782285623859,CARD,CREDIT_CARD,BANK_C,CAPTURED,,,109000,2071,INR,2026-07-15T21:18:04+05:30,2026-07-15T21:18:25+05:30,2026-07-20
TXN_408,M123,ref_txn_408,UTR881045372536,NETBANKING,NETBANKING,BANK_A,CAPTURED,,,590900,1200,INR,2026-08-04T10:58:08+05:30,2026-08-04T10:59:13+05:30,2026-08-06
TXN_41,M123,ref_txn_41,UTR625925144470,CARD,RUPAY_DEBIT,BANK_A,CAPTURED,,,270400,0,INR,2026-08-09T16:43:04+05:30,2026-08-09T16:43:26+05:30,2026-08-12
TXN_411,M123,ref_txn_411,UTR642016240533,UPI,UPI_BANK_ACCOUNT,BANK_A,CAPTURED,,,30600,0,INR,2026-07-24T16:05:08+05:30,2026-07-24T16:05:40+05:30,2026-07-28
TXN_414,M123,ref_txn_414,UTR137820926451,CARD,CREDIT_CARD,BANK_A,CAPTURED,,,478500,9092,INR,2026-07-17T17:27:50+05:30,2026-07-17T17:28:32+05:30,2026-07-21
TXN_419,M123,ref_txn_419,UTR620437383430,CARD,RUPAY_DEBIT,BANK_A,CAPTURED,,,376900,0,INR,2026-06-01T16:39:02+05:30,2026-06-01T16:40:29+05:30,2026-06-03
TXN_420,M123,ref_txn_420,UTR229326348518,UPI,UPI_BANK_ACCOUNT,BANK_A,CAPTURED,,,113700,0,INR,2026-06-09T09:32:53+05:30,2026-06-09T09:34:08+05:30,2026-06-11
TXN_426,M123,ref_txn_426,UTR749314945767,WALLET,WALLET,BANK_C,CAPTURED,,,38400,634,INR,2026-06-11T12:05:11+05:30,2026-06-11T12:06:22+05:30,2026-06-15
TXN_429,M123,ref_txn_429,UTR850792392668,UPI,UPI_RUPAY_CREDIT,BANK_C,CAPTURED,,,41600,0,INR,2026-07-14T18:13:28+05:30,2026-07-14T18:14:56+05:30,2026-07-17
TXN_43,M123,ref_txn_43,,UPI,UPI_BANK_ACCOUNT,BANK_E,CAPTURED,,,132400,0,INR,2026-08-21T11:14:56+05:30,2026-08-21T11:15:08+05:30,2026-08-25
TXN_430,M123,ref_txn_430,UTR886373971059,UPI,UPI_BANK_ACCOUNT,BANK_C,CAPTURED,,,21000,0,INR,2026-08-06T14:49:55+05:30,2026-08-06T14:51:14+05:30,2026-08-10
TXN_431,M123,ref_txn_431,UTR992244952840,UPI,UPI_BANK_ACCOUNT,BANK_B,CAPTURED,,,21800,0,INR,2026-06-08T11:59:05+05:30,2026-06-08T11:59:33+05:30,2026-06-10
TXN_433,M123,ref_txn_433,UTR486832101732,UPI,UPI_BANK_ACCOUNT,BANK_D,CAPTURED,,,88700,0,INR,2026-08-08T11:43:18+05:30,2026-08-08T11:44:16+05:30,2026-08-12
TXN_434,M123,ref_txn_434,,UPI,UPI_BANK_ACCOUNT,BANK_A,CAPTURED,,,20700,0,INR,2026-08-12T09:24:41+05:30,2026-08-12T09:25:07+05:30,2026-08-14
TXN_438,M123,ref_txn_438,UTR660463079055,UPI,UPI_BANK_ACCOUNT,BANK_C,CAPTURED,,,8500,0,INR,2026-08-18T19:37:28+05:30,2026-08-18T19:38:37+05:30,2026-08-21
TXN_44,M123,ref_txn_44,,WALLET,WALLET,BANK_B,CAPTURED,,,26100,431,INR,2026-05-31T16:46:06+05:30,2026-05-31T16:46:15+05:30,2026-06-03
TXN_441,M123,ref_txn_441,UTR356875325972,CARD,OTHER_DEBIT,BANK_C,CAPTURED,,,72400,652,INR,2026-07-04T17:50:02+05:30,2026-07-04T17:50:35+05:30,2026-07-08
TXN_444,M123,ref_txn_444,UTR611568028238,WALLET,WALLET,BANK_A,CAPTURED,,,114700,1893,INR,2026-07-27T11:11:08+05:30,2026-07-27T11:12:22+05:30,2026-07-29
TXN_449,M123,ref_txn_449,UTR871462973790,UPI,UPI_BANK_ACCOUNT,BANK_C,CAPTURED,,,138900,0,INR,2026-07-21T10:33:10+05:30,2026-07-21T10:34:06+05:30,2026-07-23
TXN_45,M123,ref_txn_45,UTR907499712789,UPI,UPI_BANK_ACCOUNT,BANK_D,CAPTURED,,,90300,0,INR,2026-06-14T09:07:37+05:30,2026-06-14T09:08:55+05:30,2026-06-17
TXN_452,M123,ref_txn_452,UTR736001452006,UPI,UPI_BANK_ACCOUNT,BANK_A,CAPTURED,,,98000,0,INR,2026-06-16T14:59:30+05:30,2026-06-16T15:00:22+05:30,2026-06-18
TXN_455,M123,ref_txn_455,,UPI,UPI_BANK_ACCOUNT,BANK_C,FAILED,TECHNICAL_DECLINE,BANK_TIMEOUT,126800,0,INR,2026-08-09T09:30:08+05:30,,
TXN_456,M123,ref_txn_456,UTR786096346191,UPI,UPI_BANK_ACCOUNT,BANK_F,CAPTURED,,,26800,0,INR,2026-06-16T11:33:19+05:30,2026-06-16T11:34:00+05:30,2026-06-18
TXN_457,M123,ref_txn_457,UTR602403738273,UPI,UPI_BANK_ACCOUNT,BANK_D,CAPTURED,,,59000,0,INR,2026-06-06T13:41:11+05:30,2026-06-06T13:41:51+05:30,2026-06-10
TXN_459,M123,ref_txn_459,UTR306084111248,CARD,CREDIT_CARD,BANK_C,CAPTURED,,,77700,1476,INR,2026-05-26T10:18:50+05:30,2026-05-26T10:19:25+05:30,2026-05-28
TXN_46,M123,ref_txn_46,UTR527651254615,CARD,OTHER_DEBIT,BANK_C,CAPTURED,,,122900,1106,INR,2026-07-16T14:22:52+05:30,2026-07-16T14:22:58+05:30,2026-07-20
TXN_461,M123,ref_txn_461,UTR811528658935,UPI,UPI_BANK_ACCOUNT,BANK_A,CAPTURED,,,90300,0,INR,2026-07-02T18:42:38+05:30,2026-07-02T18:43:01+05:30,2026-07-07
TXN_464,M123,ref_txn_464,UTR907238317039,UPI,UPI_BANK_ACCOUNT,BANK_F,CAPTURED,,,105800,0,INR,2026-06-24T16:12:17+05:30,2026-06-24T16:12:27+05:30,2026-06-26
TXN_466,M123,ref_txn_466,UTR607685288185,WALLET,WALLET,BANK_A,CAPTURED,,,66500,1097,INR,2026-06-22T14:29:24+05:30,2026-06-22T14:29:45+05:30,2026-06-24
TXN_467,M123,ref_txn_467,UTR241523781087,UPI,UPI_BANK_ACCOUNT,BANK_D,CAPTURED,,,12600,0,INR,2026-07-13T11:16:33+05:30,2026-07-13T11:17:05+05:30,2026-07-15
TXN_47,M123,ref_txn_47,UTR458788424042,UPI,UPI_BANK_ACCOUNT,BANK_D,CAPTURED,,,20300,0,INR,2026-06-12T19:30:38+05:30,2026-06-12T19:31:04+05:30,2026-06-17
TXN_480,M123,ref_txn_480,UTR803408578386,UPI,UPI_BANK_ACCOUNT,BANK_A,CAPTURED,,,25100,0,INR,2026-06-21T19:00:50+05:30,2026-06-21T19:01:13+05:30,2026-06-24
TXN_482,M123,ref_txn_482,UTR448277386131,CARD,CREDIT_CARD,BANK_A,CAPTURED,,,548700,10425,INR,2026-08-10T13:55:17+05:30,2026-08-10T13:56:29+05:30,2026-08-12
TXN_483,M123,ref_txn_483,UTR313599703015,UPI,UPI_BANK_ACCOUNT,BANK_D,CAPTURED,,,10800,0,INR,2026-06-11T16:26:10+05:30,2026-06-11T16:26:46+05:30,2026-06-15
TXN_484,M123,ref_txn_484,UTR171095691833,NETBANKING,NETBANKING,BANK_A,CAPTURED,,,572900,1200,INR,2026-08-13T09:26:57+05:30,2026-08-13T09:27:36+05:30,2026-08-17
TXN_486,M123,ref_txn_486,UTR595925078246,UPI,UPI_BANK_ACCOUNT,BANK_A,CAPTURED,,,17800,0,INR,2026-06-17T13:58:08+05:30,2026-06-17T13:59:22+05:30,2026-06-19
TXN_49,M123,ref_txn_49,,UPI,UPI_BANK_ACCOUNT,BANK_A,CAPTURED,,,81500,0,INR,2026-07-03T14:23:49+05:30,2026-07-03T14:24:39+05:30,2026-07-07
TXN_491,M123,ref_txn_491,UTR539882593367,UPI,UPI_BANK_ACCOUNT,BANK_A,CAPTURED,,,84100,0,INR,2026-05-31T15:08:41+05:30,2026-05-31T15:08:47+05:30,2026-06-03
TXN_494,M123,ref_txn_494,UTR792429017371,UPI,UPI_BANK_ACCOUNT,BANK_A,CAPTURED,,,92900,0,INR,2026-06-22T12:01:50+05:30,2026-06-22T12:03:01+05:30,2026-06-24
TXN_50,M123,ref_txn_50,UTR563745861351,UPI,UPI_PPI_WALLET,BANK_A,CAPTURED,,,13900,0,INR,2026-06-04T14:36:44+05:30,2026-06-04T14:37:41+05:30,2026-06-08
TXN_500,M123,ref_txn_500,UTR568911902512,UPI,UPI_BANK_ACCOUNT,BANK_B,CAPTURED,,,15000,0,INR,2026-06-26T12:09:12+05:30,2026-06-26T12:09:18+05:30,2026-06-30
TXN_502,M123,ref_txn_502,UTR406970152406,UPI,UPI_BANK_ACCOUNT,BANK_D,CAPTURED,,,47500,0,INR,2026-07-09T18:18:51+05:30,2026-07-09T18:20:13+05:30,2026-07-14
TXN_503,M123,ref_txn_503,UTR578695534285,UPI,UPI_BANK_ACCOUNT,BANK_F,CAPTURED,,,33300,0,INR,2026-06-03T11:32:41+05:30,2026-06-03T11:32:52+05:30,2026-06-05
TXN_506,M123,ref_txn_506,,CARD,CREDIT_CARD,BANK_C,CAPTURED,,,61000,1159,INR,2026-05-27T21:46:01+05:30,2026-05-27T21:46:15+05:30,2026-06-01
TXN_507,M123,ref_txn_507,UTR799245439987,NETBANKING,NETBANKING,BANK_F,CAPTURED,,,552000,1200,INR,2026-06-06T19:39:49+05:30,2026-06-06T19:41:12+05:30,2026-06-10
TXN_508,M123,ref_txn_508,,CARD,RUPAY_DEBIT,BANK_A,CAPTURED,,,491600,0,INR,2026-06-24T12:24:04+05:30,2026-06-24T12:25:16+05:30,2026-06-26
TXN_509,M123,ref_txn_509,,CARD,CREDIT_CARD,BANK_B,CAPTURED,,,253300,4813,INR,2026-08-22T17:42:34+05:30,2026-08-22T17:43:09+05:30,2026-08-26
TXN_511,M123,ref_txn_1,UTR997444532836,UPI,UPI_BANK_ACCOUNT,BANK_C,CAPTURED,,,153100,0,INR,2026-08-22T11:30:31+05:30,2026-08-22T11:30:47+05:30,2026-08-26
TXN_512,M123,ref_txn_512,,UPI,UPI_BANK_ACCOUNT,BANK_D,CAPTURED,,,109200,0,INR,2026-07-28T19:14:44+05:30,2026-07-28T19:15:23+05:30,2026-07-31
TXN_513,M123,ref_txn_513,UTR421989685038,NETBANKING,NETBANKING,BANK_C,CAPTURED,,,792800,1200,INR,2026-07-28T18:42:49+05:30,2026-07-28T18:44:16+05:30,2026-07-31
TXN_517,M123,ref_txn_517,UTR222165245263,UPI,UPI_BANK_ACCOUNT,BANK_D,CAPTURED,,,29900,0,INR,2026-05-28T13:04:54+05:30,2026-05-28T13:06:04+05:30,2026-06-01
TXN_519,M123,ref_txn_519,UTR577614631113,UPI,UPI_BANK_ACCOUNT,BANK_D,CAPTURED,,,21800,0,INR,2026-06-03T12:18:49+05:30,2026-06-03T12:19:05+05:30,2026-06-05
TXN_525,M123,ref_txn_525,,UPI,UPI_BANK_ACCOUNT,BANK_C,FAILED,BUSINESS_DECLINE,INSUFFICIENT_FUNDS,69700,0,INR,2026-07-03T12:53:43+05:30,,
TXN_53,M123,ref_txn_53,UTR670997839907,UPI,UPI_BANK_ACCOUNT,BANK_A,CAPTURED,,,122300,0,INR,2026-07-06T16:59:33+05:30,2026-07-06T17:00:15+05:30,2026-07-08
TXN_531,M123,ref_txn_531,UTR493696898636,UPI,UPI_BANK_ACCOUNT,BANK_B,CAPTURED,,,61800,0,INR,2026-06-19T10:03:00+05:30,2026-06-19T10:04:05+05:30,2026-06-23
TXN_532,M123,ref_txn_532,UTR209368212419,UPI,UPI_BANK_ACCOUNT,BANK_A,CAPTURED,,,31100,0,INR,2026-06-06T16:47:24+05:30,2026-06-06T16:48:37+05:30,2026-06-10
TXN_535,M123,ref_txn_535,UTR738944985212,UPI,UPI_BANK_ACCOUNT,BANK_F,CAPTURED,,,86800,0,INR,2026-08-04T15:16:28+05:30,2026-08-04T15:17:48+05:30,2026-08-06
TXN_536,M123,ref_txn_536,UTR575745867948,UPI,UPI_BANK_ACCOUNT,BANK_B,CAPTURED,,,25100,0,INR,2026-07-15T10:58:29+05:30,2026-07-15T10:58:59+05:30,2026-07-17
TXN_539,M123,ref_txn_539,UTR863751208644,UPI,UPI_BANK_ACCOUNT,BANK_D,CAPTURED,,,95900,0,INR,2026-06-17T11:51:55+05:30,2026-06-17T11:52:50+05:30,2026-06-19
TXN_542,M123,ref_txn_542,UTR896636544016,UPI,UPI_BANK_ACCOUNT,BANK_D,CAPTURED,,,22500,0,INR,2026-08-21T16:14:58+05:30,2026-08-21T16:16:22+05:30,2026-08-25
TXN_545,M123,ref_txn_545,UTR271980305249,NETBANKING,NETBANKING,BANK_A,CAPTURED,,,677100,1200,INR,2026-05-31T10:31:44+05:30,2026-05-31T10:32:25+05:30,2026-06-03
TXN_548,M123,ref_txn_548,UTR922644683195,UPI,UPI_BANK_ACCOUNT,BANK_F,CAPTURED,,,15900,0,INR,2026-06-27T10:49:51+05:30,2026-06-27T10:51:16+05:30,2026-07-01
TXN_549,M123,ref_txn_549,UTR385293121891,UPI,UPI_BANK_ACCOUNT,BANK_C,CAPTURED,,,57800,0,INR,2026-06-03T14:47:37+05:30,2026-06-03T14:49:03+05:30,2026-06-05
TXN_55,M123,ref_txn_55,UTR597156755523,UPI,UPI_BANK_ACCOUNT,BANK_A,CAPTURED,,,6100,0,INR,2026-06-27T14:43:06+05:30,2026-06-27T14:44:22+05:30,2026-07-01
TXN_550,M123,ref_txn_550,UTR449654405400,CARD,OTHER_DEBIT,BANK_C,CAPTURED,,,357100,3214,INR,2026-08-07T17:48:06+05:30,2026-08-07T17:48:19+05:30,2026-08-11
TXN_552,M123,ref_txn_552,UTR955454007615,UPI,UPI_BANK_ACCOUNT,BANK_A,CAPTURED,,,16400,0,INR,2026-07-28T11:17:09+05:30,2026-07-28T11:17:57+05:30,2026-07-30
TXN_553,M123,ref_txn_553,UTR250045809483,CARD,CREDIT_CARD,BANK_C,CAPTURED,,,97400,1851,INR,2026-06-03T14:07:24+05:30,2026-06-03T14:08:20+05:30,2026-06-05
TXN_554,M123,ref_txn_554,UTR886386131645,UPI,UPI_BANK_ACCOUNT,BANK_A,CAPTURED,,,18400,0,INR,2026-06-08T11:41:09+05:30,2026-06-08T11:42:05+05:30,2026-06-10
TXN_556,M123,ref_txn_556,UTR435910411754,UPI,UPI_BANK_ACCOUNT,BANK_A,CAPTURED,,,53700,0,INR,2026-08-23T17:49:53+05:30,2026-08-23T17:50:56+05:30,2026-08-26
TXN_557,M123,ref_txn_557,UTR484523955748,CARD,CREDIT_CARD,BANK_B,CAPTURED,,,167500,3183,INR,2026-07-07T21:50:13+05:30,2026-07-07T21:51:31+05:30,2026-07-10
TXN_558,M123,ref_txn_558,UTR965216729470,UPI,UPI_PPI_WALLET,BANK_C,CAPTURED,,,50200,0,INR,2026-05-29T17:29:40+05:30,2026-05-29T17:30:38+05:30,2026-06-02
TXN_559,M123,ref_txn_559,UTR327078655320,UPI,UPI_BANK_ACCOUNT,BANK_A,CAPTURED,,,12500,0,INR,2026-08-14T10:09:49+05:30,2026-08-14T10:10:40+05:30,2026-08-18
TXN_56,M123,ref_txn_56,UTR717717702323,UPI,UPI_BANK_ACCOUNT,BANK_A,CAPTURED,,,96200,0,INR,2026-08-14T16:39:40+05:30,2026-08-14T16:39:50+05:30,2026-08-18
TXN_561,M123,ref_txn_561,,UPI,UPI_BANK_ACCOUNT,BANK_B,CAPTURED,,,27800,0,INR,2026-06-22T09:01:57+05:30,2026-06-22T09:02:19+05:30,2026-06-24
TXN_562,M123,ref_txn_562,UTR825793086382,UPI,UPI_BANK_ACCOUNT,BANK_C,CAPTURED,,,64500,0,INR,2026-07-03T10:22:10+05:30,2026-07-03T10:22:27+05:30,2026-07-07
TXN_563,M123,ref_txn_563,UTR180762006511,UPI,UPI_BANK_ACCOUNT,BANK_C,CAPTURED,,,21800,0,INR,2026-06-19T14:35:17+05:30,2026-06-19T14:35:40+05:30,2026-06-23
TXN_566,M123,ref_txn_566,UTR309669175780,CARD,CREDIT_CARD,BANK_B,CAPTURED,,,400700,7613,INR,2026-07-10T09:37:29+05:30,2026-07-10T09:37:58+05:30,2026-07-14
TXN_569,M123,ref_txn_569,UTR854930021130,UPI,UPI_BANK_ACCOUNT,BANK_C,CAPTURED,,,40700,0,INR,2026-06-12T15:50:37+05:30,2026-06-12T15:50:49+05:30,2026-06-16
TXN_570,M123,ref_txn_570,UTR720071437090,UPI,UPI_BANK_ACCOUNT,BANK_A,CAPTURED,,,135900,0,INR,2026-05-31T17:16:05+05:30,2026-05-31T17:17:33+05:30,2026-06-03
TXN_572,M123,ref_txn_572,UTR135299725337,UPI,UPI_BANK_ACCOUNT,BANK_A,CAPTURED,,,128700,0,INR,2026-07-23T16:57:00+05:30,2026-07-23T16:58:05+05:30,2026-07-27
TXN_573,M123,ref_txn_573,UTR493902611202,UPI,UPI_BANK_ACCOUNT,BANK_D,CAPTURED,,,90900,0,INR,2026-07-23T18:19:28+05:30,2026-07-23T18:20:32+05:30,2026-07-28
TXN_574,M123,ref_txn_574,,UPI,UPI_BANK_ACCOUNT,BANK_E,CAPTURED,,,111000,0,INR,2026-08-05T09:01:16+05:30,2026-08-05T09:01:37+05:30,2026-08-07
TXN_578,M123,ref_txn_578,UTR686231259188,UPI,UPI_BANK_ACCOUNT,BANK_E,CAPTURED,,,21300,0,INR,2026-07-12T16:30:21+05:30,2026-07-12T16:31:34+05:30,2026-07-15
TXN_580,M123,ref_txn_580,UTR858548898820,UPI,UPI_BANK_ACCOUNT,BANK_A,CAPTURED,,,32400,0,INR,2026-08-03T11:52:00+05:30,2026-08-03T11:53:12+05:30,2026-08-05
TXN_582,M123,ref_txn_582,UTR772410361035,WALLET,WALLET,BANK_C,CAPTURED,,,26000,429,INR,2026-05-30T09:26:33+05:30,2026-05-30T09:27:04+05:30,2026-06-03
TXN_583,M123,ref_txn_583,,UPI,UPI_BANK_ACCOUNT,BANK_F,FAILED,BUSINESS_DECLINE,AUTHENTICATION_FAILURE,8300,0,INR,2026-06-01T17:17:41+05:30,,
TXN_585,M123,ref_txn_585,UTR470307562813,CARD,CREDIT_CARD,BANK_B,CAPTURED,,,197400,3751,INR,2026-05-30T09:16:05+05:30,2026-05-30T09:17:31+05:30,2026-06-03
TXN_588,M123,ref_txn_588,UTR927413286234,NETBANKING,NETBANKING,BANK_A,CAPTURED,,,149600,1200,INR,2026-08-11T14:47:57+05:30,2026-08-11T14:49:25+05:30,2026-08-13
TXN_593,M123,ref_txn_593,,UPI,UPI_BANK_ACCOUNT,BANK_D,FAILED,BUSINESS_DECLINE,AUTHENTICATION_FAILURE,49800,0,INR,2026-06-21T14:01:31+05:30,,
TXN_594,M123,ref_txn_594,UTR895210303566,UPI,UPI_BANK_ACCOUNT,BANK_A,CAPTURED,,,15800,0,INR,2026-06-23T11:06:14+05:30,2026-06-23T11:06:28+05:30,2026-06-25
TXN_596,M123,ref_txn_596,UTR313804516806,UPI,UPI_BANK_ACCOUNT,BANK_A,CAPTURED,,,91100,0,INR,2026-07-25T09:49:45+05:30,2026-07-25T09:50:33+05:30,2026-07-29
TXN_6,M123,ref_txn_6,,UPI,UPI_BANK_ACCOUNT,BANK_D,FAILED,BUSINESS_DECLINE,LIMIT_EXCEEDED,143300,0,INR,2026-05-26T17:15:10+05:30,,
TXN_60,M123,ref_txn_60,UTR438739517808,CARD,OTHER_DEBIT,BANK_B,CAPTURED,,,74500,671,INR,2026-08-06T10:58:25+05:30,2026-08-06T10:58:44+05:30,2026-08-10
TXN_600,M123,ref_txn_600,UTR737950477629,CARD,OTHER_DEBIT,BANK_C,CAPTURED,,,156500,1409,INR,2026-08-03T18:43:33+05:30,2026-08-03T18:44:23+05:30,2026-08-06
TXN_602,M123,ref_txn_602,UTR730949464766,UPI,UPI_BANK_ACCOUNT,BANK_D,CAPTURED,,,42400,0,INR,2026-08-21T10:37:29+05:30,2026-08-21T10:37:50+05:30,2026-08-25
TXN_603,M123,ref_txn_603,UTR317847930030,UPI,UPI_BANK_ACCOUNT,BANK_C,CAPTURED,,,41900,0,INR,2026-07-01T18:28:43+05:30,2026-07-01T18:29:19+05:30,2026-07-06
TXN_607,M123,ref_txn_607,UTR949160797416,CARD,CREDIT_CARD,BANK_A,CAPTURED,,,69100,1313,INR,2026-07-15T13:04:01+05:30,2026-07-15T13:05:04+05:30,2026-07-17
TXN_617,M123,ref_txn_617,UTR420600441005,CARD,CREDIT_CARD,BANK_A,CAPTURED,,,291700,5542,INR,2026-06-28T17:07:08+05:30,2026-06-28T17:07:50+05:30,2026-07-01
TXN_618,M123,ref_txn_618,UTR884177973624,CARD,RUPAY_DEBIT,BANK_D,CAPTURED,,,106100,0,INR,2026-06-27T16:30:03+05:30,2026-06-27T16:30:25+05:30,2026-07-01
TXN_62,M123,ref_txn_62,UTR154971089285,UPI,UPI_BANK_ACCOUNT,BANK_B,CAPTURED,,,87500,0,INR,2026-06-04T21:49:23+05:30,2026-06-04T21:50:15+05:30,2026-06-09
TXN_624,M123,ref_txn_624,UTR728885582775,UPI,UPI_PPI_WALLET,BANK_B,CAPTURED,,,123800,0,INR,2026-05-28T12:53:17+05:30,2026-05-28T12:54:34+05:30,2026-06-01
TXN_633,M123,ref_txn_633,,UPI,UPI_BANK_ACCOUNT,BANK_E,CAPTURED,,,31900,0,INR,2026-06-17T10:38:58+05:30,2026-06-17T10:39:06+05:30,2026-06-19
TXN_634,M123,ref_txn_634,UTR176387126423,UPI,UPI_BANK_ACCOUNT,BANK_A,CAPTURED,,,145600,0,INR,2026-08-22T11:11:52+05:30,2026-08-22T11:12:40+05:30,2026-08-26
TXN_643,M123,ref_txn_643,UTR209325427254,UPI,UPI_BANK_ACCOUNT,BANK_A,CAPTURED,,,31100,0,INR,2026-08-16T11:52:26+05:30,2026-08-16T11:52:49+05:30,2026-08-19
TXN_644,M123,ref_txn_644,,UPI,UPI_BANK_ACCOUNT,BANK_B,CAPTURED,,,99300,0,INR,2026-07-09T10:07:45+05:30,2026-07-09T10:08:25+05:30,2026-07-13
TXN_645,M123,ref_txn_645,,UPI,UPI_BANK_ACCOUNT,BANK_F,CAPTURED,,,100400,0,INR,2026-07-29T16:29:13+05:30,2026-07-29T16:30:35+05:30,2026-07-31
TXN_647,M123,ref_txn_647,UTR378085326817,UPI,UPI_BANK_ACCOUNT,BANK_D,CAPTURED,,,6100,0,INR,2026-06-26T10:25:16+05:30,2026-06-26T10:25:37+05:30,2026-06-30
TXN_650,M123,ref_txn_650,UTR640066591080,UPI,UPI_BANK_ACCOUNT,BANK_C,CAPTURED,,,149600,0,INR,2026-06-04T09:47:43+05:30,2026-06-04T09:48:18+05:30,2026-06-08
TXN_66,M123,ref_txn_66,UTR733778244899,UPI,UPI_BANK_ACCOUNT,BANK_E,CAPTURED,,,119600,0,INR,2026-06-11T17:19:45+05:30,2026-06-11T17:20:58+05:30,2026-06-15
TXN_664,M123,ref_txn_664,UTR741537709100,UPI,UPI_BANK_ACCOUNT,BANK_C,CAPTURED,,,68100,0,INR,2026-08-09T16:27:31+05:30,2026-08-09T16:28:58+05:30,2026-08-12
TXN_667,M123,ref_txn_667,UTR732301097109,CARD,CREDIT_CARD,BANK_E,CAPTURED,,,305300,5801,INR,2026-06-18T16:42:03+05:30,2026-06-18T16:42:52+05:30,2026-06-22
TXN_672,M123,ref_txn_672,UTR128807241720,UPI,UPI_BANK_ACCOUNT,BANK_C,CAPTURED,,,33500,0,INR,2026-08-17T12:39:47+05:30,2026-08-17T12:41:05+05:30,2026-08-19
TXN_673,M123,ref_txn_673,UTR122440925131,UPI,UPI_BANK_ACCOUNT,BANK_C,CAPTURED,,,50900,0,INR,2026-07-05T17:41:38+05:30,2026-07-05T17:42:58+05:30,2026-07-08
TXN_677,M123,ref_txn_677,UTR647562551817,CARD,OTHER_DEBIT,BANK_B,CAPTURED,,,404800,3643,INR,2026-08-05T15:05:33+05:30,2026-08-05T15:06:07+05:30,2026-08-07
TXN_68,M123,ref_txn_68,UTR995788839714,UPI,UPI_BANK_ACCOUNT,BANK_D,CAPTURED,,,30700,0,INR,2026-07-02T11:31:35+05:30,2026-07-02T11:32:07+05:30,2026-07-06
TXN_680,M123,ref_txn_680,UTR511895184355,UPI,UPI_BANK_ACCOUNT,BANK_C,CAPTURED,,,72200,0,INR,2026-06-17T16:09:08+05:30,2026-06-17T16:10:23+05:30,2026-06-19
TXN_682,M123,ref_txn_682,UTR532509537069,UPI,UPI_BANK_ACCOUNT,BANK_C,CAPTURED,,,25500,0,INR,2026-06-19T11:19:02+05:30,2026-06-19T11:19:08+05:30,2026-06-23
TXN_687,M123,ref_txn_687,UTR891855632156,UPI,UPI_BANK_ACCOUNT,BANK_B,CAPTURED,,,30900,0,INR,2026-07-24T14:47:33+05:30,2026-07-24T14:48:45+05:30,2026-07-28
TXN_688,M123,ref_txn_688,UTR463972382048,UPI,UPI_BANK_ACCOUNT,BANK_D,CAPTURED,,,30200,0,INR,2026-07-08T09:08:16+05:30,2026-07-08T09:08:25+05:30,2026-07-10
TXN_689,M123,ref_txn_689,UTR190189631220,UPI,UPI_BANK_ACCOUNT,BANK_D,CAPTURED,,,28500,0,INR,2026-06-04T11:38:18+05:30,2026-06-04T11:39:39+05:30,2026-06-08
TXN_69,M123,ref_txn_69,UTR781338501091,UPI,UPI_BANK_ACCOUNT,BANK_E,CAPTURED,,,52500,0,INR,2026-06-11T21:03:03+05:30,2026-06-11T21:04:11+05:30,2026-06-16
TXN_690,M123,ref_txn_690,UTR184401546835,UPI,UPI_BANK_ACCOUNT,BANK_C,CAPTURED,,,75400,0,INR,2026-08-19T14:32:52+05:30,2026-08-19T14:34:05+05:30,2026-08-21
TXN_694,M123,ref_txn_694,UTR222014093234,UPI,UPI_BANK_ACCOUNT,BANK_D,CAPTURED,,,74000,0,INR,2026-08-16T11:35:03+05:30,2026-08-16T11:35:23+05:30,2026-08-19
TXN_695,M123,ref_txn_695,UTR207872783185,UPI,UPI_BANK_ACCOUNT,BANK_B,CAPTURED,,,77000,0,INR,2026-06-19T11:45:02+05:30,2026-06-19T11:45:28+05:30,2026-06-23
TXN_697,M123,ref_txn_697,UTR434147928233,CARD,RUPAY_DEBIT,BANK_B,CAPTURED,,,467900,0,INR,2026-08-03T13:52:15+05:30,2026-08-03T13:52:54+05:30,2026-08-05
TXN_70,M123,ref_txn_70,UTR506001505076,NETBANKING,NETBANKING,BANK_C,CAPTURED,,,616200,1200,INR,2026-06-04T16:21:22+05:30,2026-06-04T16:22:05+05:30,2026-06-08
TXN_702,M123,ref_txn_702,UTR939648136293,UPI,UPI_BANK_ACCOUNT,BANK_A,CAPTURED,,,41800,0,INR,2026-08-04T15:06:42+05:30,2026-08-04T15:07:33+05:30,2026-08-06
TXN_703,M123,ref_txn_703,UTR673820450670,CARD,CREDIT_CARD,BANK_B,CAPTURED,,,176100,3346,INR,2026-07-03T16:49:21+05:30,2026-07-03T16:50:00+05:30,2026-07-07
TXN_704,M123,ref_txn_704,UTR655282398706,UPI,UPI_BANK_ACCOUNT,BANK_C,CAPTURED,,,72300,0,INR,2026-08-14T21:51:04+05:30,2026-08-14T21:51:30+05:30,2026-08-19
TXN_706,M123,ref_txn_706,UTR294790683269,UPI,UPI_BANK_ACCOUNT,BANK_C,CAPTURED,,,36200,0,INR,2026-06-24T19:04:28+05:30,2026-06-24T19:05:22+05:30,2026-06-29
TXN_707,M123,ref_txn_707,UTR618766186993,UPI,UPI_BANK_ACCOUNT,BANK_C,CAPTURED,,,111200,0,INR,2026-08-23T15:12:17+05:30,2026-08-23T15:13:46+05:30,2026-08-26
TXN_709,M123,ref_txn_709,UTR498105031418,UPI,UPI_BANK_ACCOUNT,BANK_B,CAPTURED,,,106900,0,INR,2026-08-03T09:30:00+05:30,2026-08-03T09:30:22+05:30,2026-08-05
TXN_712,M123,ref_txn_712,UTR216832976801,UPI,UPI_BANK_ACCOUNT,BANK_B,CAPTURED,,,38700,0,INR,2026-07-29T15:05:48+05:30,2026-07-29T15:06:20+05:30,2026-07-31
TXN_714,M123,ref_txn_714,UTR555928155661,WALLET,WALLET,BANK_F,CAPTURED,,,38700,639,INR,2026-06-23T09:26:20+05:30,2026-06-23T09:27:25+05:30,2026-06-25
TXN_720,M123,ref_txn_720,UTR198602242992,UPI,UPI_BANK_ACCOUNT,BANK_D,CAPTURED,,,102400,0,INR,2026-08-01T21:27:33+05:30,2026-08-01T21:28:43+05:30,2026-08-05
TXN_721,M123,ref_txn_721,UTR761562914088,UPI,UPI_BANK_ACCOUNT,BANK_C,CAPTURED,,,54800,0,INR,2026-07-13T11:03:29+05:30,2026-07-13T11:03:56+05:30,2026-07-15
TXN_723,M123,ref_txn_723,,UPI,UPI_BANK_ACCOUNT,BANK_C,CAPTURED,,,82700,0,INR,2026-07-16T13:51:40+05:30,2026-07-16T13:52:23+05:30,2026-07-20
TXN_728,M123,ref_txn_728,UTR281234205951,UPI,UPI_BANK_ACCOUNT,BANK_D,CAPTURED,,,29400,0,INR,2026-08-20T14:04:11+05:30,2026-08-20T14:04:58+05:30,2026-08-24
TXN_729,M123,ref_txn_729,,UPI,UPI_BANK_ACCOUNT,BANK_C,CAPTURED,,,122400,0,INR,2026-06-04T14:14:56+05:30,2026-06-04T14:16:25+05:30,2026-06-08
TXN_73,M123,ref_txn_73,,UPI,UPI_BANK_ACCOUNT,BANK_A,CAPTURED,,,19100,0,INR,2026-07-02T17:52:51+05:30,2026-07-02T17:53:10+05:30,2026-07-06
TXN_731,M123,ref_txn_731,,UPI,UPI_BANK_ACCOUNT,BANK_A,FAILED,TECHNICAL_DECLINE,NETWORK_ERROR,27800,0,INR,2026-07-01T19:01:14+05:30,,
TXN_732,M123,ref_txn_732,UTR417044017009,UPI,UPI_BANK_ACCOUNT,BANK_B,CAPTURED,,,87300,0,INR,2026-07-12T17:42:30+05:30,2026-07-12T17:43:19+05:30,2026-07-15
TXN_733,M123,ref_txn_733,UTR454233496552,NETBANKING,NETBANKING,BANK_D,CAPTURED,,,171400,1200,INR,2026-05-26T17:05:57+05:30,2026-05-26T17:06:31+05:30,2026-05-28
TXN_734,M123,ref_txn_734,UTR778087648888,CARD,CREDIT_CARD,BANK_A,CAPTURED,,,163400,3105,INR,2026-05-29T14:32:32+05:30,2026-05-29T14:33:17+05:30,2026-06-02
TXN_735,M123,ref_txn_735,UTR473971242576,UPI,UPI_BANK_ACCOUNT,BANK_A,CAPTURED,,,6500,0,INR,2026-05-27T13:48:58+05:30,2026-05-27T13:49:26+05:30,2026-05-29
TXN_737,M123,ref_txn_737,UTR308769006165,UPI,UPI_BANK_ACCOUNT,BANK_B,CAPTURED,,,117800,0,INR,2026-07-11T11:52:12+05:30,2026-07-11T11:52:25+05:30,2026-07-15
TXN_738,M123,ref_txn_738,UTR967703557447,UPI,UPI_BANK_ACCOUNT,BANK_F,CAPTURED,,,38200,0,INR,2026-08-16T13:18:55+05:30,2026-08-16T13:19:18+05:30,2026-08-19
TXN_74,M123,ref_txn_74,UTR687290318827,NETBANKING,NETBANKING,BANK_A,CAPTURED,,,158200,1200,INR,2026-08-19T16:16:45+05:30,2026-08-19T16:18:02+05:30,2026-08-21
TXN_740,M123,ref_txn_740,UTR595921470446,UPI,UPI_BANK_ACCOUNT,BANK_D,CAPTURED,,,11600,0,INR,2026-06-07T19:43:03+05:30,2026-06-07T19:43:27+05:30,2026-06-10
TXN_741,M123,ref_txn_741,UTR712870008593,UPI,UPI_BANK_ACCOUNT,BANK_A,CAPTURED,,,137400,0,INR,2026-06-17T11:29:16+05:30,2026-06-17T11:29:55+05:30,2026-06-19
TXN_747,M123,ref_txn_747,UTR506591779586,UPI,UPI_BANK_ACCOUNT,BANK_A,CAPTURED,,,106400,0,INR,2026-07-25T18:06:01+05:30,2026-07-25T18:07:03+05:30,2026-07-29
TXN_750,M123,ref_txn_750,UTR713162322852,UPI,UPI_BANK_ACCOUNT,BANK_D,CAPTURED,,,10900,0,INR,2026-08-18T16:41:38+05:30,2026-08-18T16:43:06+05:30,2026-08-20
TXN_751,M123,ref_txn_751,UTR196898898965,WALLET,WALLET,BANK_A,CAPTURED,,,21700,358,INR,2026-08-01T09:17:50+05:30,2026-08-01T09:18:22+05:30,2026-08-05
TXN_752,M123,ref_txn_752,UTR355284741551,UPI,UPI_BANK_ACCOUNT,BANK_B,CAPTURED,,,112600,0,INR,2026-08-13T18:11:21+05:30,2026-08-13T18:12:30+05:30,2026-08-18
TXN_753,M123,ref_txn_753,UTR529459887196,UPI,UPI_BANK_ACCOUNT,BANK_F,CAPTURED,,,148400,0,INR,2026-07-24T16:31:31+05:30,2026-07-24T16:31:48+05:30,2026-07-28
TXN_754,M123,ref_txn_754,UTR603016762849,UPI,UPI_BANK_ACCOUNT,BANK_C,CAPTURED,,,92000,0,INR,2026-07-25T15:08:27+05:30,2026-07-25T15:09:25+05:30,2026-07-29
TXN_759,M123,ref_txn_759,UTR384823892438,WALLET,WALLET,BANK_C,CAPTURED,,,91000,1502,INR,2026-06-27T21:49:06+05:30,2026-06-27T21:50:28+05:30,2026-07-01
TXN_761,M123,ref_txn_761,UTR152264408884,UPI,UPI_BANK_ACCOUNT,BANK_A,CAPTURED,,,83400,0,INR,2026-08-09T10:28:16+05:30,2026-08-09T10:29:12+05:30,2026-08-12
TXN_762,M123,ref_txn_762,UTR690206159993,UPI,UPI_BANK_ACCOUNT,BANK_F,CAPTURED,,,79100,0,INR,2026-05-29T16:40:15+05:30,2026-05-29T16:40:35+05:30,2026-06-02
TXN_765,M123,ref_txn_765,UTR706396742248,CARD,OTHER_DEBIT,BANK_B,CAPTURED,,,145500,1310,INR,2026-07-14T09:48:28+05:30,2026-07-14T09:48:58+05:30,2026-07-16
TXN_767,M123,ref_txn_767,UTR593418115106,WALLET,WALLET,BANK_A,CAPTURED,,,24100,398,INR,2026-07-18T11:45:32+05:30,2026-07-18T11:46:31+05:30,2026-07-22
TXN_768,M123,ref_txn_768,UTR118285587386,UPI,UPI_BANK_ACCOUNT,BANK_C,CAPTURED,,,42400,0,INR,2026-05-28T09:34:55+05:30,2026-05-28T09:35:45+05:30,2026-06-01
TXN_770,M123,ref_txn_770,UTR166765745006,UPI,UPI_BANK_ACCOUNT,BANK_B,CAPTURED,,,46900,0,INR,2026-06-16T19:03:19+05:30,2026-06-16T19:04:31+05:30,2026-06-19
TXN_771,M123,ref_txn_771,UTR905137067006,UPI,UPI_BANK_ACCOUNT,BANK_E,CAPTURED,,,26300,0,INR,2026-06-13T14:25:54+05:30,2026-06-13T14:26:56+05:30,2026-06-17
TXN_772,M123,ref_txn_772,UTR706560507722,UPI,UPI_BANK_ACCOUNT,BANK_B,CAPTURED,,,62700,0,INR,2026-08-04T12:42:56+05:30,2026-08-04T12:43:53+05:30,2026-08-06
TXN_774,M123,ref_txn_774,UTR527847673013,UPI,UPI_RUPAY_CREDIT,BANK_E,CAPTURED,,,95400,0,INR,2026-06-13T17:23:16+05:30,2026-06-13T17:24:18+05:30,2026-06-17
TXN_775,M123,ref_txn_775,UTR949824422310,NETBANKING,NETBANKING,BANK_E,CAPTURED,,,537400,1200,INR,2026-06-09T14:03:00+05:30,2026-06-09T14:03:40+05:30,2026-06-11
TXN_778,M123,ref_txn_778,UTR625940152724,WALLET,WALLET,BANK_D,CAPTURED,,,67200,1109,INR,2026-06-13T16:15:58+05:30,2026-06-13T16:16:22+05:30,2026-06-17
TXN_779,M123,ref_txn_779,UTR646010050464,CARD,CREDIT_CARD,BANK_B,CAPTURED,,,450200,8554,INR,2026-08-10T11:15:27+05:30,2026-08-10T11:16:07+05:30,2026-08-12
TXN_78,M123,ref_txn_78,UTR496314971410,UPI,UPI_BANK_ACCOUNT,BANK_B,CAPTURED,,,46000,0,INR,2026-05-28T16:24:23+05:30,2026-05-28T16:25:02+05:30,2026-06-01
TXN_780,M123,ref_txn_780,UTR812970583923,UPI,UPI_BANK_ACCOUNT,BANK_E,CAPTURED,,,96800,0,INR,2026-07-10T21:12:45+05:30,2026-07-10T21:13:34+05:30,2026-07-15
TXN_781,M123,ref_txn_781,,WALLET,WALLET,BANK_B,FAILED,TECHNICAL_DECLINE,BANK_UNAVAILABLE,101700,0,INR,2026-06-12T21:58:53+05:30,,
TXN_786,M123,ref_txn_786,UTR394092551922,UPI,UPI_BANK_ACCOUNT,BANK_E,CAPTURED,,,128700,0,INR,2026-08-23T18:29:26+05:30,2026-08-23T18:30:45+05:30,2026-08-26
TXN_788,M123,ref_txn_788,UTR352766056590,UPI,UPI_BANK_ACCOUNT,BANK_E,CAPTURED,,,9100,0,INR,2026-06-13T15:25:49+05:30,2026-06-13T15:26:45+05:30,2026-06-17
TXN_794,M123,ref_txn_794,UTR909783313768,UPI,UPI_BANK_ACCOUNT,BANK_D,CAPTURED,,,125400,0,INR,2026-07-11T19:00:02+05:30,2026-07-11T19:00:50+05:30,2026-07-15
TXN_795,M123,ref_txn_795,,UPI,UPI_BANK_ACCOUNT,BANK_B,FAILED,BUSINESS_DECLINE,AUTHENTICATION_FAILURE,32200,0,INR,2026-05-27T14:45:22+05:30,,
TXN_798,M123,ref_txn_798,UTR355498591434,CARD,CREDIT_CARD,BANK_B,CAPTURED,,,176000,3344,INR,2026-08-13T15:32:25+05:30,2026-08-13T15:32:37+05:30,2026-08-17
TXN_8,M123,ref_txn_8,UTR410467891291,WALLET,WALLET,BANK_D,CAPTURED,,,114700,1893,INR,2026-06-12T18:24:01+05:30,2026-06-12T18:25:18+05:30,2026-06-17
TXN_802,M123,ref_txn_802,UTR486902655351,UPI,UPI_BANK_ACCOUNT,BANK_C,CAPTURED,,,69400,0,INR,2026-07-20T12:48:02+05:30,2026-07-20T12:49:18+05:30,2026-07-22
TXN_803,M123,ref_txn_803,UTR192557852047,UPI,UPI_BANK_ACCOUNT,BANK_A,CAPTURED,,,105600,0,INR,2026-07-21T16:27:32+05:30,2026-07-21T16:28:22+05:30,2026-07-23
TXN_805,M123,ref_txn_805,UTR818776992930,CARD,CREDIT_CARD,BANK_C,CAPTURED,,,201400,3827,INR,2026-07-12T11:26:43+05:30,2026-07-12T11:27:24+05:30,2026-07-15
TXN_806,M123,ref_txn_806,UTR159562670346,UPI,UPI_BANK_ACCOUNT,BANK_A,CAPTURED,,,70600,0,INR,2026-07-20T16:00:21+05:30,2026-07-20T16:00:59+05:30,2026-07-22
TXN_807,M123,ref_txn_807,UTR642050045387,UPI,UPI_BANK_ACCOUNT,BANK_C,CAPTURED,,,117700,0,INR,2026-05-27T10:03:26+05:30,2026-05-27T10:04:16+05:30,2026-05-29
TXN_808,M123,ref_txn_808,UTR569402295762,UPI,UPI_BANK_ACCOUNT,BANK_C,CAPTURED,,,34000,0,INR,2026-05-31T17:36:14+05:30,2026-05-31T17:36:30+05:30,2026-06-03
TXN_809,M123,ref_txn_809,UTR965958414216,UPI,UPI_BANK_ACCOUNT,BANK_F,CAPTURED,,,22100,0,INR,2026-06-28T21:48:08+05:30,2026-06-28T21:48:18+05:30,2026-07-01
TXN_810,M123,ref_txn_810,UTR749676504338,UPI,UPI_BANK_ACCOUNT,BANK_A,CAPTURED,,,11700,0,INR,2026-07-27T17:34:07+05:30,2026-07-27T17:34:18+05:30,2026-07-29
TXN_811,M123,ref_txn_811,UTR849991733737,UPI,UPI_BANK_ACCOUNT,BANK_D,CAPTURED,,,34000,0,INR,2026-07-24T18:18:20+05:30,2026-07-24T18:18:52+05:30,2026-07-29
TXN_814,M123,ref_txn_814,UTR961176085433,UPI,UPI_BANK_ACCOUNT,BANK_C,CAPTURED,,,41800,0,INR,2026-05-28T16:44:30+05:30,2026-05-28T16:45:49+05:30,2026-06-01
TXN_816,M123,ref_txn_816,UTR762773174305,UPI,UPI_BANK_ACCOUNT,BANK_C,CAPTURED,,,52400,0,INR,2026-08-07T09:03:12+05:30,2026-08-07T09:03:55+05:30,2026-08-11
TXN_818,M123,ref_txn_818,UTR298168620081,UPI,UPI_BANK_ACCOUNT,BANK_C,CAPTURED,,,72900,0,INR,2026-06-20T14:24:00+05:30,2026-06-20T14:24:20+05:30,2026-06-24
TXN_82,M123,ref_txn_82,,UPI,UPI_BANK_ACCOUNT,BANK_A,CAPTURED,,,96700,0,INR,2026-08-22T21:52:36+05:30,2026-08-22T21:53:35+05:30,2026-08-26
TXN_823,M123,ref_txn_823,UTR948478383794,UPI,UPI_BANK_ACCOUNT,BANK_E,CAPTURED,,,43000,0,INR,2026-07-09T10:41:39+05:30,2026-07-09T10:42:00+05:30,2026-07-13
TXN_825,M123,ref_txn_825,UTR424365432448,UPI,UPI_BANK_ACCOUNT,BANK_D,CAPTURED,,,138800,0,INR,2026-07-25T17:43:25+05:30,2026-07-25T17:43:48+05:30,2026-07-29
TXN_826,M123,ref_txn_826,,UPI,UPI_BANK_ACCOUNT,BANK_B,CAPTURED,,,45100,0,INR,2026-07-12T18:50:40+05:30,2026-07-12T18:51:04+05:30,2026-07-15
TXN_829,M123,ref_txn_829,UTR904100683035,CARD,OTHER_DEBIT,BANK_A,CAPTURED,,,397400,3577,INR,2026-07-11T21:00:12+05:30,2026-07-11T21:00:52+05:30,2026-07-15
TXN_83,M123,ref_txn_83,UTR363575149871,UPI,UPI_BANK_ACCOUNT,BANK_C,CAPTURED,,,7500,0,INR,2026-07-24T19:13:30+05:30,2026-07-24T19:14:46+05:30,2026-07-29
TXN_830,M123,ref_txn_830,UTR716602320384,UPI,UPI_BANK_ACCOUNT,BANK_A,CAPTURED,,,154600,0,INR,2026-07-25T11:49:15+05:30,2026-07-25T11:49:27+05:30,2026-07-29
TXN_831,M123,ref_txn_831,UTR108546461143,UPI,UPI_BANK_ACCOUNT,BANK_D,CAPTURED,,,19900,0,INR,2026-08-22T18:23:22+05:30,2026-08-22T18:24:13+05:30,2026-08-26
TXN_832,M123,ref_txn_832,UTR594197260483,CARD,CREDIT_CARD,BANK_B,CAPTURED,,,224600,4267,INR,2026-07-19T14:12:10+05:30,2026-07-19T14:12:36+05:30,2026-07-22
TXN_833,M123,ref_txn_833,UTR901875311681,UPI,UPI_BANK_ACCOUNT,BANK_A,CAPTURED,,,31100,0,INR,2026-07-09T18:49:42+05:30,2026-07-09T18:50:51+05:30,2026-07-14
TXN_834,M123,ref_txn_834,UTR147534851085,UPI,UPI_BANK_ACCOUNT,BANK_D,CAPTURED,,,97600,0,INR,2026-05-26T13:37:31+05:30,2026-05-26T13:37:39+05:30,2026-05-28
TXN_835,M123,ref_txn_835,UTR706921027909,UPI,UPI_BANK_ACCOUNT,BANK_B,CAPTURED,,,30800,0,INR,2026-06-18T16:29:00+05:30,2026-06-18T16:30:02+05:30,2026-06-22
TXN_837,M123,ref_txn_837,UTR535761856470,UPI,UPI_BANK_ACCOUNT,BANK_B,CAPTURED,,,41200,0,INR,2026-06-02T19:48:43+05:30,2026-06-02T19:49:09+05:30,2026-06-05
TXN_839,M123,ref_txn_839,UTR474167735006,UPI,UPI_BANK_ACCOUNT,BANK_A,CAPTURED,,,6300,0,INR,2026-06-02T12:16:31+05:30,2026-06-02T12:17:35+05:30,2026-06-04
TXN_840,M123,ref_txn_840,UTR469208552352,UPI,UPI_BANK_ACCOUNT,BANK_B,CAPTURED,,,9700,0,INR,2026-08-22T13:53:14+05:30,2026-08-22T13:54:37+05:30,2026-08-26
TXN_844,M123,ref_txn_844,UTR957289173937,WALLET,WALLET,BANK_A,CAPTURED,,,16500,272,INR,2026-07-13T10:05:17+05:30,2026-07-13T10:06:04+05:30,2026-07-15
TXN_847,M123,ref_txn_847,UTR524203334511,UPI,UPI_BANK_ACCOUNT,BANK_C,CAPTURED,,,94400,0,INR,2026-07-12T10:19:18+05:30,2026-07-12T10:20:08+05:30,2026-07-15
TXN_848,M123,ref_txn_848,UTR961297351761,UPI,UPI_BANK_ACCOUNT,BANK_E,CAPTURED,,,46300,0,INR,2026-07-05T21:42:49+05:30,2026-07-05T21:44:01+05:30,2026-07-08
TXN_849,M123,ref_txn_849,,UPI,UPI_BANK_ACCOUNT,BANK_D,CAPTURED,,,38400,0,INR,2026-07-15T16:48:33+05:30,2026-07-15T16:49:24+05:30,2026-07-17
TXN_850,M123,ref_txn_850,UTR309774106279,UPI,UPI_BANK_ACCOUNT,BANK_D,CAPTURED,,,35400,0,INR,2026-06-26T16:49:38+05:30,2026-06-26T16:50:46+05:30,2026-06-30
TXN_851,M123,ref_txn_851,UTR888459237999,CARD,CREDIT_CARD,BANK_B,CAPTURED,,,570600,10841,INR,2026-06-21T16:21:54+05:30,2026-06-21T16:22:50+05:30,2026-06-24
TXN_854,M123,ref_txn_854,UTR148790438662,UPI,UPI_BANK_ACCOUNT,BANK_E,CAPTURED,,,60300,0,INR,2026-08-22T11:40:29+05:30,2026-08-22T11:40:37+05:30,2026-08-26
TXN_855,M123,ref_txn_855,UTR302212023577,NETBANKING,NETBANKING,BANK_B,CAPTURED,,,817700,1200,INR,2026-06-14T10:03:29+05:30,2026-06-14T10:03:45+05:30,2026-06-17
TXN_857,M123,ref_txn_857,UTR941670694722,UPI,UPI_BANK_ACCOUNT,BANK_C,CAPTURED,,,114000,0,INR,2026-06-10T10:35:31+05:30,2026-06-10T10:36:06+05:30,2026-06-12
TXN_859,M123,ref_txn_859,UTR389560792103,UPI,UPI_PPI_WALLET,BANK_E,CAPTURED,,,22700,0,INR,2026-05-29T14:58:55+05:30,2026-05-29T15:00:10+05:30,2026-06-02
TXN_860,M123,ref_txn_860,UTR764080592983,UPI,UPI_BANK_ACCOUNT,BANK_C,CAPTURED,,,37300,0,INR,2026-06-20T14:13:56+05:30,2026-06-20T14:15:14+05:30,2026-06-24
TXN_861,M123,ref_txn_861,UTR808953145853,UPI,UPI_BANK_ACCOUNT,BANK_B,CAPTURED,,,140700,0,INR,2026-07-28T16:32:20+05:30,2026-07-28T16:32:35+05:30,2026-07-30
TXN_862,M123,ref_txn_862,UTR236964650348,UPI,UPI_BANK_ACCOUNT,BANK_A,CAPTURED,,,59600,0,INR,2026-06-26T16:17:19+05:30,2026-06-26T16:18:17+05:30,2026-06-30
TXN_866,M123,ref_txn_866,UTR471785888686,UPI,UPI_BANK_ACCOUNT,BANK_C,CAPTURED,,,117400,0,INR,2026-05-26T11:21:38+05:30,2026-05-26T11:22:41+05:30,2026-05-28
TXN_868,M123,ref_txn_868,UTR988084092528,UPI,UPI_BANK_ACCOUNT,BANK_E,CAPTURED,,,34100,0,INR,2026-08-07T10:14:53+05:30,2026-08-07T10:15:38+05:30,2026-08-11
TXN_879,M123,ref_txn_879,UTR487980558950,CARD,CREDIT_CARD,BANK_B,CAPTURED,,,139400,2649,INR,2026-06-10T21:30:31+05:30,2026-06-10T21:31:54+05:30,2026-06-15
TXN_883,M123,ref_txn_883,UTR910921176950,UPI,UPI_BANK_ACCOUNT,BANK_D,CAPTURED,,,96300,0,INR,2026-06-01T19:53:14+05:30,2026-06-01T19:54:37+05:30,2026-06-04
TXN_888,M123,ref_txn_888,UTR518483901577,UPI,UPI_BANK_ACCOUNT,BANK_D,CAPTURED,,,60300,0,INR,2026-07-16T16:37:29+05:30,2026-07-16T16:38:10+05:30,2026-07-20
TXN_89,M123,ref_txn_89,,UPI,UPI_BANK_ACCOUNT,BANK_A,FAILED,TECHNICAL_DECLINE,BANK_UNAVAILABLE,51600,0,INR,2026-08-10T18:29:27+05:30,,
TXN_890,M123,ref_txn_890,UTR962487038972,UPI,UPI_BANK_ACCOUNT,BANK_B,CAPTURED,,,13300,0,INR,2026-08-09T11:44:34+05:30,2026-08-09T11:45:13+05:30,2026-08-12
TXN_892,M123,ref_txn_892,UTR105109403974,WALLET,WALLET,BANK_A,CAPTURED,,,41800,690,INR,2026-07-01T11:45:24+05:30,2026-07-01T11:45:30+05:30,2026-07-03
TXN_893,M123,ref_txn_893,,UPI,UPI_BANK_ACCOUNT,BANK_F,CAPTURED,,,44600,0,INR,2026-05-30T11:38:27+05:30,2026-05-30T11:38:34+05:30,2026-06-03
TXN_898,M123,ref_txn_898,UTR822386742634,NETBANKING,NETBANKING,BANK_A,CAPTURED,,,182900,1200,INR,2026-08-20T16:29:53+05:30,2026-08-20T16:31:10+05:30,2026-08-24
TXN_906,M123,ref_txn_906,UTR473233891915,NETBANKING,NETBANKING,BANK_A,CAPTURED,,,244400,1200,INR,2026-08-17T16:18:43+05:30,2026-08-17T16:19:36+05:30,2026-08-19
TXN_909,M123,ref_txn_909,UTR610667701246,UPI,UPI_BANK_ACCOUNT,BANK_D,CAPTURED,,,70600,0,INR,2026-06-15T15:19:57+05:30,2026-06-15T15:20:59+05:30,2026-06-17
TXN_910,M123,ref_txn_910,UTR783597498066,UPI,UPI_BANK_ACCOUNT,BANK_D,CAPTURED,,,94200,0,INR,2026-06-23T13:17:59+05:30,2026-06-23T13:19:05+05:30,2026-06-25
TXN_913,M123,ref_txn_913,UTR422346757988,UPI,UPI_BANK_ACCOUNT,BANK_A,CAPTURED,,,116700,0,INR,2026-08-21T10:42:10+05:30,2026-08-21T10:43:03+05:30,2026-08-25
TXN_915,M123,ref_txn_915,UTR926745027673,UPI,UPI_BANK_ACCOUNT,BANK_A,CAPTURED,,,128300,0,INR,2026-06-05T10:29:21+05:30,2026-06-05T10:29:57+05:30,2026-06-09
TXN_917,M123,ref_txn_917,UTR455832097544,UPI,UPI_BANK_ACCOUNT,BANK_A,CAPTURED,,,130700,0,INR,2026-06-15T19:03:38+05:30,2026-06-15T19:04:12+05:30,2026-06-18
TXN_92,M123,ref_txn_92,UTR441866678489,UPI,UPI_BANK_ACCOUNT,BANK_B,CAPTURED,,,135700,0,INR,2026-07-23T10:56:49+05:30,2026-07-23T10:57:16+05:30,2026-07-27
TXN_921,M123,ref_txn_921,UTR966201779275,NETBANKING,NETBANKING,BANK_A,CAPTURED,,,214800,1200,INR,2026-07-05T18:54:13+05:30,2026-07-05T18:54:36+05:30,2026-07-08
TXN_922,M123,ref_txn_922,UTR907436303516,UPI,UPI_BANK_ACCOUNT,BANK_A,CAPTURED,,,12800,0,INR,2026-07-23T10:44:47+05:30,2026-07-23T10:45:17+05:30,2026-07-27
TXN_924,M123,ref_txn_924,UTR824439315305,UPI,UPI_BANK_ACCOUNT,BANK_C,CAPTURED,,,39200,0,INR,2026-08-07T10:57:10+05:30,2026-08-07T10:57:26+05:30,2026-08-11
TXN_927,M123,ref_txn_927,UTR521023916716,NETBANKING,NETBANKING,BANK_A,CAPTURED,,,491100,1200,INR,2026-07-25T16:05:28+05:30,2026-07-25T16:05:52+05:30,2026-07-29
TXN_928,M123,ref_txn_928,UTR542137784980,WALLET,WALLET,BANK_A,CAPTURED,,,107300,1770,INR,2026-08-04T19:50:01+05:30,2026-08-04T19:50:51+05:30,2026-08-07
TXN_93,M123,ref_txn_93,UTR719894149423,UPI,UPI_BANK_ACCOUNT,BANK_E,CAPTURED,,,54300,0,INR,2026-07-25T17:35:57+05:30,2026-07-25T17:36:15+05:30,2026-07-29
TXN_934,M123,ref_txn_934,UTR552964203819,CARD,CREDIT_CARD,BANK_C,CAPTURED,,,149500,2841,INR,2026-07-17T11:53:03+05:30,2026-07-17T11:54:30+05:30,2026-07-21
TXN_935,M123,ref_txn_935,UTR763724020729,UPI,UPI_BANK_ACCOUNT,BANK_B,CAPTURED,,,36700,0,INR,2026-06-19T15:41:05+05:30,2026-06-19T15:41:51+05:30,2026-06-23
TXN_939,M123,ref_txn_939,UTR904693237725,UPI,UPI_BANK_ACCOUNT,BANK_A,CAPTURED,,,39300,0,INR,2026-06-03T17:02:29+05:30,2026-06-03T17:02:38+05:30,2026-06-05
TXN_944,M123,ref_txn_944,UTR304313400834,UPI,UPI_PPI_WALLET,BANK_C,CAPTURED,,,17800,0,INR,2026-06-19T10:00:40+05:30,2026-06-19T10:01:10+05:30,2026-06-23
TXN_945,M123,ref_txn_945,UTR823775131882,UPI,UPI_BANK_ACCOUNT,BANK_D,CAPTURED,,,27500,0,INR,2026-06-02T15:14:37+05:30,2026-06-02T15:16:02+05:30,2026-06-04
TXN_946,M123,ref_txn_946,UTR932900304049,UPI,UPI_BANK_ACCOUNT,BANK_A,CAPTURED,,,83300,0,INR,2026-06-25T21:43:09+05:30,2026-06-25T21:44:34+05:30,2026-06-30
TXN_948,M123,ref_txn_948,UTR505911971484,UPI,UPI_BANK_ACCOUNT,BANK_A,CAPTURED,,,64100,0,INR,2026-06-12T18:32:23+05:30,2026-06-12T18:32:33+05:30,2026-06-17
TXN_95,M123,ref_txn_95,UTR412671594798,CARD,CREDIT_CARD,BANK_B,CAPTURED,,,137100,2605,INR,2026-08-09T11:43:07+05:30,2026-08-09T11:43:37+05:30,2026-08-12
TXN_950,M123,ref_txn_950,UTR538634070596,UPI,UPI_BANK_ACCOUNT,BANK_A,CAPTURED,,,85200,0,INR,2026-05-29T14:56:11+05:30,2026-05-29T14:57:27+05:30,2026-06-02
TXN_951,M123,ref_txn_951,UTR482006873593,UPI,UPI_BANK_ACCOUNT,BANK_B,CAPTURED,,,62100,0,INR,2026-06-14T14:44:43+05:30,2026-06-14T14:45:21+05:30,2026-06-17
TXN_954,M123,ref_txn_954,UTR696262518018,UPI,UPI_BANK_ACCOUNT,BANK_C,CAPTURED,,,23200,0,INR,2026-07-16T14:25:23+05:30,2026-07-16T14:26:22+05:30,2026-07-20
TXN_955,M123,ref_txn_955,UTR557259242302,UPI,UPI_BANK_ACCOUNT,BANK_B,CAPTURED,,,55700,0,INR,2026-05-26T14:43:52+05:30,2026-05-26T14:44:51+05:30,2026-05-28
TXN_96,M123,ref_txn_96,UTR482538872896,UPI,UPI_BANK_ACCOUNT,BANK_C,CAPTURED,,,10500,0,INR,2026-06-01T16:28:12+05:30,2026-06-01T16:29:38+05:30,2026-06-03
TXN_960,M123,ref_txn_960,UTR687051272299,UPI,UPI_BANK_ACCOUNT,BANK_E,CAPTURED,,,23500,0,INR,2026-07-28T17:14:22+05:30,2026-07-28T17:15:40+05:30,2026-07-30
TXN_964,M123,ref_txn_964,UTR466634458295,UPI,UPI_BANK_ACCOUNT,BANK_B,CAPTURED,,,19600,0,INR,2026-08-14T21:05:47+05:30,2026-08-14T21:06:09+05:30,2026-08-19
TXN_969,M123,ref_txn_969,UTR804522958887,UPI,UPI_BANK_ACCOUNT,BANK_B,CAPTURED,,,56700,0,INR,2026-06-16T11:19:58+05:30,2026-06-16T11:20:39+05:30,2026-06-18
TXN_971,M123,ref_txn_971,UTR244905606742,UPI,UPI_BANK_ACCOUNT,BANK_B,CAPTURED,,,24900,0,INR,2026-06-13T11:25:13+05:30,2026-06-13T11:26:20+05:30,2026-06-17
TXN_975,M123,ref_txn_975,UTR811123835886,UPI,UPI_BANK_ACCOUNT,BANK_D,CAPTURED,,,123800,0,INR,2026-07-24T12:45:26+05:30,2026-07-24T12:46:10+05:30,2026-07-28
TXN_978,M123,ref_txn_978,,UPI,UPI_BANK_ACCOUNT,BANK_F,CAPTURED,,,70800,0,INR,2026-08-12T21:52:38+05:30,2026-08-12T21:53:25+05:30,2026-08-17
TXN_980,M123,ref_txn_980,UTR377934219106,UPI,UPI_BANK_ACCOUNT,BANK_A,CAPTURED,,,63900,0,INR,2026-07-10T11:11:10+05:30,2026-07-10T11:12:26+05:30,2026-07-14
TXN_981,M123,ref_txn_981,UTR474111127962,UPI,UPI_BANK_ACCOUNT,BANK_E,CAPTURED,,,132700,0,INR,2026-07-20T21:23:41+05:30,2026-07-20T21:24:12+05:30,2026-07-23
TXN_986,M123,ref_txn_986,UTR662382760246,CARD,CREDIT_CARD,BANK_C,CAPTURED,,,63500,1207,INR,2026-06-22T14:29:34+05:30,2026-06-22T14:30:17+05:30,2026-06-24
TXN_988,M123,ref_txn_988,UTR983457708596,UPI,UPI_BANK_ACCOUNT,BANK_A,CAPTURED,,,40700,0,INR,2026-06-26T18:47:48+05:30,2026-06-26T18:48:27+05:30,2026-07-01
TXN_99,M123,ref_txn_99,UTR395469247304,CARD,CREDIT_CARD,BANK_D,CAPTURED,,,260300,4946,INR,2026-06-02T18:32:19+05:30,2026-06-02T18:32:35+05:30,2026-06-05
TXN_990,M123,ref_txn_990,,UPI,UPI_BANK_ACCOUNT,BANK_B,FAILED,TECHNICAL_DECLINE,NETWORK_ERROR,92300,0,INR,2026-08-09T18:43:12+05:30,,
TXN_992,M123,ref_txn_992,UTR205222026950,UPI,UPI_BANK_ACCOUNT,BANK_F,CAPTURED,,,24000,0,INR,2026-07-14T21:18:32+05:30,2026-07-14T21:19:35+05:30,2026-07-17
TXN_995,M123,ref_txn_995,UTR854316499266,UPI,UPI_BANK_ACCOUNT,BANK_C,CAPTURED,,,20300,0,INR,2026-08-02T16:26:50+05:30,2026-08-02T16:27:55+05:30,2026-08-05
TXN_996,M123,ref_txn_996,UTR863698519629,UPI,UPI_BANK_ACCOUNT,BANK_A,CAPTURED,,,40400,0,INR,2026-07-29T16:57:08+05:30,2026-07-29T16:58:07+05:30,2026-07-31
TXN_997,M123,ref_txn_997,UTR211582331730,CARD,CREDIT_CARD,BANK_B,CAPTURED,,,195500,3715,INR,2026-08-18T14:14:51+05:30,2026-08-18T14:16:05+05:30,2026-08-20
TXN_998,M123,ref_txn_998,UTR159925460791,CARD,CREDIT_CARD,BANK_A,CAPTURED,,,77800,1478,INR,2026-07-08T21:07:33+05:30,2026-07-08T21:08:32+05:30,2026-07-13
